Workbook

Sheet Sheet4
A2: U Of M | B2: (All)
A3: Macro / Micro | B3: GAL
A4: Document Date | B4: (All)
A5: Year | B5: (Multiple Items)
A7: Sum of QTY | B7: Column Labels
A8: Row Labels | B8: 1 | C8: 2 | D8: 3 | E8: 4 | F8: 5 | G8: 6 | H8: 7 | I8: 8 | J8: 9 | K8: 10 | L8: 11 | M8: 12 | N8: Grand Total
A9: Thrive 8-21-6 | B9: 58920 | C9: 43530 | D9: 51280 | E9: 11130 | H9: 7420 | N9: 172280
A10: FLO821602 | B10: 14400 | C10: 32400 | D10: 21600 | N10: 68400
A11: FLO8216250 | B11: 44520 | C11: 11130 | D11: 29680 | E11: 11130 | H11: 7420 | N11: 103880
A12: Top Side Liquid Boron | D12: 15830 | E12: 53840 | F12: 24500 | G12: 20000 | H12: 39880 | N12: 154050
A13: TRITOPS02 | D13: 10080 | E13: 33840 | H13: 11880 | N13: 55800
A14: TRITOPS250 | D14: 5750 | E14: 20000 | F14: 24500 | G14: 20000 | H14: 28000 | N14: 98250
A15: Petro-Canada Spray Oil 13 | C15: 28183 | D15: 7143 | E15: 35001 | F15: 34954 | G15: 20197 | H15: 20994 | J15: 6957 | N15: 153429
A16: PETRO1300 | C16: 28183 | D16: 7143 | E16: 35001 | F16: 34954 | G16: 20197 | H16: 20994 | J16: 6957 | N16: 153429
A17: Citra Guard XP | B17: 4250 | C17: 15186 | D17: 19674.13 | E17: 24443.7 | F17: 18786.045 | G17: 9029 | H17: 15476.05 | I17: 8277 | J17: 8216.46 | K17: 2319.73 | L17: 9672.59 | M17: 3784.75 | N17: 139115.46
A18: GRO13116190.5 | J18: 8 | N18: 8
A19: GRO131161901 | J19: 15 | N19: 15
A20: GRO131161902 | C20: 95 | J20: 25 | K20: 65 | N20: 185
A21: GRO1311619250 | B21: 4250 | C21: 6050 | D21: 5300 | E21: 8000 | F21: 6750 | G21: 3500 | H21: 4560 | I21: 3250 | J21: 750 | K21: 250 | L21: 2750 | M21: 750 | N21: 46160
A22: GRO131161900 | C22: 9041 | D22: 14374.13 | E22: 16443.7 | F22: 12036.045 | G22: 5529 | H22: 10916.05 | I22: 5027 | J22: 7418.46 | K22: 2004.73 | L22: 6922.59 | M22: 3034.75 | N22: 92747.455
A23: Soar Bloom Spray | B23: 13372.5 | C23: 26736 | D23: 17930 | E23: 13095 | F23: 3332.5 | G23: 11145 | H23: 3387.5 | I23: -1237.5 | J23: 2230 | K23: 2345 | L23: 2480 | M23: 4355 | N23: 99171
A24: SOARBLM55 | H24: 55 | N24: 55
A25: SOARBLM00 | C25: 2631 | N25: 2631
A26: SOARBLM250 | B26: 4500 | C26: 14000 | D26: 7250 | E26: 2780 | F26: 1500 | G26: 7500 | H26: 2250 | I26: -1000 | M26: 250 | N26: 39030
A27: SOARBLM02 | B27: 8872.5 | C27: 10105 | D27: 10680 | E27: 10315 | F27: 1832.5 | G27: 3645 | H27: 1082.5 | I27: -237.5 | J27: 2230 | K27: 2345 | L27: 2480 | M27: 4105 | N27: 57455
A28: Soar Citrus Mix | B28: 210 | C28: 1905 | D28: 8120 | E28: 11340 | F28: 12540 | G28: 10820 | H28: 14035 | I28: 3385 | J28: 1720 | K28: 180 | N28: 64255
A29: SOARCIT00 | J29: 800 | N29: 800
A30: SOARCIT250 | C30: 1500 | D30: 3500 | E30: 4500 | F30: 4750 | G30: 2000 | H30: 5750 | I30: 500 | J30: 500 | N30: 23000
A31: SOARCIT02 | B31: 210 | C31: 405 | D31: 4620 | E31: 6840 | F31: 7790 | G31: 8820 | H31: 8285 | I31: 2885 | J31: 420 | K31: 180 | N31: 40455
A32: Dyna Cal 10.25% | B32: 9255 | C32: 5250 | D32: 2955 | E32: 3050 | F32: 535 | G32: 335 | H32: 55 | J32: 8305 | K32: 3055 | L32: 9250 | M32: 5250 | N32: 47295
A33: SORCA30 | F33: 30 | G33: 30 | N33: 60
A34: SORCA02 | B34: 5 | D34: 210 | E34: 50 | F34: 5 | N34: 270
A35: SORCA55 | D35: 495 | G35: 55 | H35: 55 | J35: 55 | K35: 55 | N35: 715
A36: SORCA250 | B36: 9250 | C36: 5250 | D36: 2250 | E36: 3000 | F36: 500 | G36: 250 | J36: 8250 | K36: 3000 | L36: 9250 | M36: 5250 | N36: 46250
A37: Dyna Gold Calcium 8.25% | B37: 4985 | C37: 11960 | D37: 5847.5 | E37: 4650 | F37: 1540 | G37: 1107.5 | H37: 430 | I37: 712.5 | J37: 835 | K37: 1605 | L37: 950 | M37: 4707.5 | N37: 39330
A38: GOLDCA55 | D38: 55 | F38: 165 | G38: 110 | I38: 165 | J38: 55 | K38: 55 | N38: 605
A39: GOLDCA250 | B39: 750 | C39: 750 | D39: 1250 | E39: 750 | F39: 250 | G39: 250 | H39: 250 | M39: 1250 | N39: 5500
A40: GOLDCA02 | B40: 4235 | C40: 11210 | D40: 4542.5 | E40: 3900 | F40: 1125 | G40: 747.5 | H40: 180 | I40: 547.5 | J40: 780 | K40: 1550 | L40: 950 | M40: 3457.5 | N40: 33225
A41: Copper Count N | B41: 4919 | C41: 4805.3 | D41: 2208 | E41: 2335.3 | F41: 5427 | G41: 5587.7 | H41: 190 | I41: 3270 | J41: 3578 | K41: 1040 | L41: 2580 | M41: 1430 | N41: 37370.3
A42: MRCCCN02 | B42: 660 | C42: 1380 | D42: 900 | E42: 1020 | F42: 240 | G42: 180 | H42: 190 | I42: 180 | J42: 30 | K42: 540 | L42: 380 | M42: 880 | N42: 6580
A43: MRCCCN110 | B43: 4259 | C43: 3425.3 | D43: 1308 | E43: 1315.3 | F43: 5187 | G43: 5407.7 | I43: 3090 | J43: 3548 | K43: 500 | L43: 2200 | M43: 550 | N43: 30790.3
A44: Dyna Green Potato Mix | B44: 3420 | C44: 8420 | D44: 17190 | E44: 4630 | F44: 720 | K44: 720 | L44: 480 | N44: 35580
A45: GREPOT250 | B45: 1500 | C45: 3500 | D45: 9750 | E45: 1750 | N45: 16500
A46: GREPOT05 | B46: 1920 | C46: 4920 | D46: 7440 | E46: 2880 | F46: 720 | K46: 720 | L46: 480 | N46: 19080
A47: Agro Thrive LFK 3-3-5 Consignment | B47: 15220.53 | C47: 4782 | D47: 10982.63 | N47: 30985.16
A48: MISCAGTHR | B48: 15220.53 | C48: 4782 | D48: 10982.63 | N48: 30985.16
A49: Dyna Flo 0-0-25 17 | B49: 1787.5 | C49: 3108 | D49: 625 | E49: 1170 | F49: 6320 | G49: 6485 | H49: 180 | I49: 2520 | J49: 1685 | K49: 2980 | L49: 2040 | M49: 840 | N49: 29740.5
A50: FLOKTS55 | J50: 55 | K50: 55 | N50: 110
A51: FLOKTS00 | G51: 250 | N51: 250
A52: FLOKTS30 | B52: 90 | C52: 90 | E52: 60 | I52: 60 | N52: 300
A53: FLOKTS02 | B53: 697.5 | C53: 900 | D53: 375 | E53: 110 | F53: 820 | G53: 260 | H53: 180 | I53: 2185 | J53: 255 | L53: 540 | M53: 90 | N53: 6412.5
A54: FLOKTS250 | B54: 1000 | C54: 2118 | D54: 250 | E54: 1000 | F54: 5500 | G54: 5975 | I54: 275 | J54: 1375 | K54: 2925 | L54: 1500 | M54: 750 | N54: 22668
A55: Dyna Flo 1-1-1 | J55: 18000 | L55: 9000 | N55: 27000
A56: FLO11100 | J56: 18000 | L56: 9000 | N56: 27000
A57: Dyna Flo 3-18-18 | B57: 18250 | C57: 90 | D57: 1340 | E57: 250 | G57: 5 | H57: 800 | I57: 3310 | J57: 795 | K57: 60 | N57: 24900
A58: FLO3181802 | C58: 90 | D58: 90 | G58: 5 | H58: 50 | I58: 260 | J58: 295 | K58: 60 | N58: 850
A59: FLO31818250 | B59: 18250 | D59: 1250 | E59: 250 | H59: 750 | I59: 3050 | J59: 500 | N59: 24050
A60: Dyna Zone 18-3-6 | B60: 1305 | C60: 3770 | D60: 3572.5 | E60: 1335 | F60: 2325 | G60: 300 | H60: 1470 | I60: 765 | J60: 3735 | K60: 2300 | L60: 1290 | M60: 435 | N60: 22602.5
A61: ZON183630 | B61: 90 | N61: 90
A62: ZON183655 | B62: 440 | C62: 660 | D62: 220 | E62: 220 | J62: 110 | L62: 880 | N62: 2530
A63: ZON183602 | B63: 775 | C63: 3110 | D63: 2102.5 | E63: 865 | F63: 75 | G63: 50 | H63: 220 | I63: 265 | J63: 25 | K63: 575 | L63: 410 | M63: 435 | N63: 8907.5
A64: ZON1836250 | D64: 1250 | E64: 250 | F64: 2250 | G64: 250 | H64: 1250 | I64: 500 | J64: 3600 | K64: 1725 | N64: 11075
A65: Nutrient Biofilter | B65: 1770 | C65: 720 | D65: 1590 | E65: 1770 | F65: 2130 | G65: 2100 | H65: 1800 | I65: 1770 | J65: 2460 | K65: 1800 | L65: 1230 | M65: 1050 | N65: 20190
A66: FLO828+30 | B66: 150 | D66: 150 | E66: 150 | F66: 150 | G66: 300 | I66: 150 | J66: 300 | L66: 150 | M66: 150 | N66: 1650
A67: FLO828+02 | B67: 1620 | C67: 720 | D67: 1440 | E67: 1620 | F67: 1980 | G67: 1800 | H67: 1800 | I67: 1620 | J67: 2160 | K67: 1800 | L67: 1080 | M67: 900 | N67: 18540
A68: Dyna Gold MZF | B68: 360 | C68: 3425 | D68: 2215 | E68: 2060 | F68: 2320 | G68: 820 | H68: 1930 | I68: 2575 | J68: 2550 | N68: 18255
A69: GOLDMZF05 | D69: 315 | G69: 220 | I69: 300 | N69: 835
A70: GOLDMZF250 | C70: 2885 | D70: 1000 | E70: 750 | F70: 1750 | H70: 750 | I70: 500 | J70: 750 | N70: 8385
A71: GOLDMZF02 | B71: 360 | C71: 540 | D71: 900 | E71: 1310 | F71: 570 | G71: 600 | H71: 1180 | I71: 1775 | J71: 1800 | N71: 9035
A72: Dyna Boron 10% | B72: 2740 | C72: 570 | D72: 1120 | E72: 2345 | F72: 8280 | G72: 430 | H72: 2310 | J72: 105 | K72: 15 | M72: 180 | N72: 18095
A73: GOLDBOR1055 | D73: 110 | N73: 110
A74: GOLDBOR1002 | B74: 240 | C74: 570 | D74: 510 | E74: 55 | F74: 30 | G74: 180 | H74: 60 | J74: 105 | K74: 15 | M74: 180 | N74: 1945
A75: GOLDBOR10250 | B75: 2500 | D75: 500 | E75: 2290 | F75: 8250 | G75: 250 | H75: 2250 | N75: 16040
A76: Vented pHury | B76: 3530 | C76: 3875 | D76: 1180 | E76: 1467.5 | F76: 927.5 | G76: 280 | H76: 260 | J76: 750 | K76: 860 | L76: 1960 | M76: 2135 | N76: 17225
A77: FLO15001602 | B77: 20 | C77: 85 | D77: 10 | E77: 17.5 | F77: 7.5 | H77: 10 | M77: 45 | N77: 195
A78: FLO15001630 | B78: 1080 | C78: 1290 | D78: 420 | E78: 450 | F78: 420 | G78: 30 | K78: 360 | L78: 210 | M78: 1590 | N78: 5850
A79: FLO150016250 | B79: 2430 | C79: 2500 | D79: 750 | E79: 1000 | F79: 500 | G79: 250 | H79: 250 | J79: 750 | K79: 500 | L79: 1750 | M79: 500 | N79: 11180
A80: Dyna Gro Copper | B80: 1080 | C80: 2060 | D80: 790 | E80: 2120 | F80: 1515 | G80: 3770 | H80: 1500 | I80: 1080 | J80: 1690 | K80: 180 | L80: 540 | N80: 16325
A81: GROCU250 | C81: 500 | D81: 250 | E81: 500 | F81: 250 | G81: 1250 | H81: 1500 | J81: 250 | N81: 4500
A82: GROCU02 | B82: 1080 | C82: 1560 | D82: 540 | E82: 1620 | F82: 1265 | G82: 2520 | I82: 1080 | J82: 1440 | K82: 180 | L82: 540 | N82: 11825
A83: Dyna Gold Iron 5% | B83: 200 | C83: 2012.5 | D83: 1260 | E83: 1870 | F83: 2170 | G83: 2550 | H83: 450 | I83: 1412.5 | J83: 1690 | K83: 1090 | L83: 560 | M83: 410 | N83: 15675
A84: GOLDFE30 | G84: 30 | I84: 30 | N84: 60
A85: GOLDFE55 | F85: 110 | N85: 110
A86: GOLDFE250 | G86: 250 | K86: 250 | N86: 500
A87: GOLDFE02 | B87: 200 | C87: 2012.5 | D87: 1260 | E87: 1870 | F87: 2060 | G87: 2270 | H87: 450 | I87: 1382.5 | J87: 1690 | K87: 840 | L87: 560 | M87: 410 | N87: 15005
A88: Soar Micronutrient Mix | B88: 1140 | C88: 1490 | D88: 2245 | E88: 1395 | F88: 2760 | H88: 540 | I88: 20 | J88: 900 | K88: 730 | L88: 925 | M88: 1265 | N88: 13410
A89: SOARMIC30 | C89: 30 | N89: 30
A90: SOARMIC55 | H90: 110 | N90: 110
A91: SOARMIC250 | D91: 750 | E91: 500 | F91: 1500 | H91: 250 | N91: 3000
A92: SOARMIC02 | B92: 1140 | C92: 1460 | D92: 1495 | E92: 895 | F92: 1260 | H92: 180 | I92: 20 | J92: 900 | K92: 730 | L92: 925 | M92: 1265 | N92: 10270
A93: pHylo | B93: 1980 | C93: 3805 | D93: 2280 | E93: 720 | F93: 840 | G93: 225 | H93: 720 | I93: 535 | J93: 270 | K93: 300 | L93: 690 | M93: 720 | N93: 13085
A94: PHYLO30 | J94: 30 | N94: 30
A95: PHYLO02 | B95: 1980 | C95: 3805 | D95: 2280 | E95: 720 | F95: 840 | G95: 225 | H95: 720 | I95: 535 | J95: 240 | K95: 300 | L95: 690 | M95: 720 | N95: 13055
A96: Dyna Flo 11-37-0 | B96: 4954.9749 | C96: 555 | D96: 790 | E96: 4570 | F96: 1236.5 | G96: 55 | H96: 20 | I96: 555 | J96: 55 | K96: 10 | L96: 55 | M96: 2.5 | N96: 12858.975
A97: FLO1137002 | B97: 5 | F97: 2.5 | K97: 10 | M97: 2.5 | N97: 20
A98: FLO1137005 | D98: 40 | H98: 20 | N98: 60
A99: FLO1137055 | B99: 55 | C99: 55 | F99: 55 | G99: 55 | I99: 55 | J99: 55 | L99: 55 | N99: 385
A100: FLO11370250 | C100: 500 | D100: 750 | E100: 500 | F100: 250 | I100: 500 | N100: 2500
A101: FLO1137000 | B101: 4894.9749 | E101: 4070 | F101: 929 | N101: 9893.9749
A102: Nitro Gold Nutritional 1512368 | B102: 750 | C102: 265 | D102: 1250 | E102: 1500 | F102: 1000 | G102: 1500 | H102: 1250 | I102: 2250 | J102: 1500 | K102: 500 | L102: 750 | N102: 12515
...

Sheet Sheet1
B2: Salesperson ID | C2: Sales Territory | D2: Customer Number | E2: Primary ShipTo | F2: Document Date | G2: Month | H2: Year | I2: SOP Type | J2: SOP Number | K2: Item Number | L2: Item Description | M2: U Of M | N2: Macro / Micro | O2: QTY
B3: HAP | C3: 01 | D3: GREENWAY | E3: WINDSOR POLO | F3: =DATE(2022,10,4) -> 44838 | G3: =+MONTH(F3) -> 10 | H3: =+YEAR(F3) -> 2022 | I3: Invoice | J3: 95927 | K3: USCMANPLX+55 | L3: Vented Manga Plex Plus | M3: GAL11.90 | N3: =+LEFT(M3,3) -> GAL | O3: 55 | Q3: =K3 -> USCMANPLX+55 | R3: =L3 -> Vented Manga Plex Plus | S3: =SUMIF($R$3:$R$885,$R3,$O$3:$O$885) -> 1060 | U3: Vented Manga Plex Plus | V3: 1060
B4: HAP | C4: 01 | D4: GREENWAY | E4: LAWN HARMONY | F4: =DATE(2022,10,5) -> 44839 | G4: =+MONTH(F4) -> 10 | H4: =+YEAR(F4) -> 2022 | I4: Invoice | J4: 95929 | K4: FLO1200655 | L4: Green Master 12-0-0 | M4: GAL11.80 | N4: =+LEFT(M4,3) -> GAL | O4: 110 | Q4: =K4 -> FLO1200655 | R4: =L4 -> Green Master 12-0-0 | S4: =SUMIF($R$3:$R$885, $R4, $O$3:$O$885) -> 440 | U4: Green Master 12-0-0 | V4: 440
B5: HAP | C5: 01 | D5: GREENWAY | E5: COUNTRY CLUB | F5: =DATE(2022,10,5) -> 44839 | G5: =+MONTH(F5) -> 10 | H5: =+YEAR(F5) -> 2022 | I5: Invoice | J5: 95930 | K5: USCMANPLX+02 | L5: Vented Manga Plex Plus | M5: GAL11.90 | N5: =+LEFT(M5,3) -> GAL | O5: 30 | Q5: =K5 -> USCMANPLX+02 | R5: =L5 -> Vented Manga Plex Plus | S5: =SUMIF($R$3:$R$885, $R5, $O$3:$O$885) -> 1060 | U5: Vented Manga Plex Plus | V5: 1060
B6: HAP | C6: 01 | D6: GREENWAY | E6: THECLUBSHOUSTON | F6: =DATE(2022,10,5) -> 44839 | G6: =+MONTH(F6) -> 10 | H6: =+YEAR(F6) -> 2022 | I6: Invoice | J6: 95931 | K6: FLOKTS02 | L6: Excel 0-0-25 | M6: GAL12.24 | N6: =+LEFT(M6,3) -> GAL | O6: 40 | Q6: =K6 -> FLOKTS02 | R6: =L6 -> Excel 0-0-25 | S6: =SUMIF($R$3:$R$885, $R6, $O$3:$O$885) -> 690 | U6: Excel 0-0-25 | V6: 690
B7: HAP | C7: 01 | D7: GREENWAY | E7: THECLUBSHOUSTON | F7: =DATE(2022,10,5) -> 44839 | G7: =+MONTH(F7) -> 10 | H7: =+YEAR(F7) -> 2022 | I7: Invoice | J7: 95931 | K7: GPHUMIC02 | L7: Humic Soil Rebuilder | M7: GAL09.65 | N7: =+LEFT(M7,3) -> GAL | O7: 40 | Q7: =K7 -> GPHUMIC02 | R7: =L7 -> Humic Soil Rebuilder | S7: =SUMIF($R$3:$R$885, $R7, $O$3:$O$885) -> 180 | U7: Humic Soil Rebuilder | V7: 180
B8: HAP | C8: 01 | D8: GREENWAY | E8: THECLUBSHOUSTON | F8: =DATE(2022,10,5) -> 44839 | G8: =+MONTH(F8) -> 10 | H8: =+YEAR(F8) -> 2022 | I8: Invoice | J8: 95931 | K8: GOLDCA02 | L8: Neutra Soil | M8: GAL11.60 | N8: =+LEFT(M8,3) -> GAL | O8: 40 | Q8: =K8 -> GOLDCA02 | R8: =L8 -> Neutra Soil | S8: =SUMIF($R$3:$R$885, $R8, $O$3:$O$885) -> 470 | U8: Neutra Soil | V8: 470
B9: HAP | C9: 01 | D9: GREENWAY | E9: THECLUBSHOUSTON | F9: =DATE(2022,10,5) -> 44839 | G9: =+MONTH(F9) -> 10 | H9: =+YEAR(F9) -> 2022 | I9: Invoice | J9: 95931 | K9: USCBIOPX02 | L9: Vented Bio Plex | M9: GAL09.70 | N9: =+LEFT(M9,3) -> GAL | O9: 40 | Q9: =K9 -> USCBIOPX02 | R9: =L9 -> Vented Bio Plex | S9: =SUMIF($R$3:$R$885, $R9, $O$3:$O$885) -> 510 | U9: Vented Bio Plex | V9: 510
B10: HAP | C10: 01 | D10: GREENWAY | E10: THECLUBSHOUSTON | F10: =DATE(2022,10,5) -> 44839 | G10: =+MONTH(F10) -> 10 | H10: =+YEAR(F10) -> 2022 | I10: Invoice | J10: 95931 | K10: USCMANPLX+02 | L10: Vented Manga Plex Plus | M10: GAL11.90 | N10: =+LEFT(M10,3) -> GAL | O10: 40 | Q10: =K10 -> USCMANPLX+02 | R10: =L10 -> Vented Manga Plex Plus | S10: =SUMIF($R$3:$R$885, $R10, $O$3:$O$885) -> 1060 | U10: Vented Manga Plex Plus | V10: 1060
B11: HAP | C11: 01 | D11: GREENWAY | E11: INDIAN RIVER CL | F11: =DATE(2022,10,6) -> 44840 | G11: =+MONTH(F11) -> 10 | H11: =+YEAR(F11) -> 2022 | I11: Invoice | J11: 95939 | K11: ZON1501002 | L11: Ever-Green 15-0-10 | M11: GAL10.95 | N11: =+LEFT(M11,3) -> GAL | O11: 20 | Q11: =K11 -> ZON1501002 | R11: =L11 -> Ever-Green 15-0-10 | S11: =SUMIF($R$3:$R$885, $R11, $O$3:$O$885) -> 140 | U11: Ever-Green 15-0-10 | V11: 140
B12: HAP | C12: 01 | D12: GREENWAY | E12: INDIAN RIVER CL | F12: =DATE(2022,10,6) -> 44840 | G12: =+MONTH(F12) -> 10 | H12: =+YEAR(F12) -> 2022 | I12: Invoice | J12: 95939 | K12: FLOKTS02 | L12: Excel 0-0-25 | M12: GAL12.24 | N12: =+LEFT(M12,3) -> GAL | O12: 20 | Q12: =K12 -> FLOKTS02 | R12: =L12 -> Excel 0-0-25 | S12: =SUMIF($R$3:$R$885, $R12, $O$3:$O$885) -> 690 | U12: Excel 0-0-25 | V12: 690
B13: HAP | C13: 01 | D13: GREENWAY | E13: INDIAN RIVER CL | F13: =DATE(2022,10,6) -> 44840 | G13: =+MONTH(F13) -> 10 | H13: =+YEAR(F13) -> 2022 | I13: Invoice | J13: 95939 | K13: GPHUMIC02 | L13: Humic Soil Rebuilder | M13: GAL09.65 | N13: =+LEFT(M13,3) -> GAL | O13: 20 | Q13: =K13 -> GPHUMIC02 | R13: =L13 -> Humic Soil Rebuilder | S13: =SUMIF($R$3:$R$885, $R13, $O$3:$O$885) -> 180 | U13: Humic Soil Rebuilder | V13: 180
B14: HAP | C14: 01 | D14: GREENWAY | E14: INDIAN RIVER CL | F14: =DATE(2022,10,6) -> 44840 | G14: =+MONTH(F14) -> 10 | H14: =+YEAR(F14) -> 2022 | I14: Invoice | J14: 95939 | K14: FLO3181802 | L14: Mega Feed 3-18-18 | M14: GAL11.72 | N14: =+LEFT(M14,3) -> GAL | O14: 20 | Q14: =K14 -> FLO3181802 | R14: =L14 -> Mega Feed 3-18-18 | S14: =SUMIF($R$3:$R$885, $R14, $O$3:$O$885) -> 260 | U14: Mega Feed 3-18-18 | V14: 260
B15: HAP | C15: 01 | D15: GREENWAY | E15: INDIAN RIVER CL | F15: =DATE(2022,10,6) -> 44840 | G15: =+MONTH(F15) -> 10 | H15: =+YEAR(F15) -> 2022 | I15: Invoice | J15: 95939 | K15: FLOU3202 | L15: Quick Green | M15: GAL11.05 | N15: =+LEFT(M15,3) -> GAL | O15: 10 | Q15: =K15 -> FLOU3202 | R15: =L15 -> Quick Green | S15: =SUMIF($R$3:$R$885, $R15, $O$3:$O$885) -> 10 | U15: Quick Green | V15: 10
B16: HAP | C16: 01 | D16: GREENWAY | E16: INDIAN RIVER CL | F16: =DATE(2022,10,6) -> 44840 | G16: =+MONTH(F16) -> 10 | H16: =+YEAR(F16) -> 2022 | I16: Invoice | J16: 95939 | K16: USCBIOPX02 | L16: Vented Bio Plex | M16: GAL09.70 | N16: =+LEFT(M16,3) -> GAL | O16: 20 | Q16: =K16 -> USCBIOPX02 | R16: =L16 -> Vented Bio Plex | S16: =SUMIF($R$3:$R$885, $R16, $O$3:$O$885) -> 510 | U16: Vented Bio Plex | V16: 510
B17: HAP | C17: 01 | D17: GREENWAY | E17: INDIAN RIVER CL | F17: =DATE(2022,10,6) -> 44840 | G17: =+MONTH(F17) -> 10 | H17: =+YEAR(F17) -> 2022 | I17: Invoice | J17: 95939 | K17: USCMANPLX+02 | L17: Vented Manga Plex Plus | M17: GAL11.90 | N17: =+LEFT(M17,3) -> GAL | O17: 15 | Q17: =K17 -> USCMANPLX+02 | R17: =L17 -> Vented Manga Plex Plus | S17: =SUMIF($R$3:$R$885, $R17, $O$3:$O$885) -> 1060 | U17: Vented Manga Plex Plus | V17: 1060
B18: HAP | C18: 01 | D18: GREENWAY | E18: MAILING-WPBCH | F18: =DATE(2022,10,6) -> 44840 | G18: =+MONTH(F18) -> 10 | H18: =+YEAR(F18) -> 2022 | I18: Invoice | J18: 95940 | K18: FLOKTS02 | L18: Excel 0-0-25 | M18: GAL12.24 | N18: =+LEFT(M18,3) -> GAL | O18: 120 | Q18: =K18 -> FLOKTS02 | R18: =L18 -> Excel 0-0-25 | S18: =SUMIF($R$3:$R$885, $R18, $O$3:$O$885) -> 690 | U18: Excel 0-0-25 | V18: 690
B19: HAP | C19: 01 | D19: GREENWAY | E19: MAILING-WPBCH | F19: =DATE(2022,10,6) -> 44840 | G19: =+MONTH(F19) -> 10 | H19: =+YEAR(F19) -> 2022 | I19: Invoice | J19: 95940 | K19: FLO3181802 | L19: Mega Feed 3-18-18 | M19: GAL11.72 | N19: =+LEFT(M19,3) -> GAL | O19: 60 | Q19: =K19 -> FLO3181802 | R19: =L19 -> Mega Feed 3-18-18 | S19: =SUMIF($R$3:$R$885, $R19, $O$3:$O$885) -> 260 | U19: Mega Feed 3-18-18 | V19: 260
B20: HAP | C20: 01 | D20: GREENWAY | E20: MAILING-WPBCH | F20: =DATE(2022,10,6) -> 44840 | G20: =+MONTH(F20) -> 10 | H20: =+YEAR(F20) -> 2022 | I20: Invoice | J20: 95940 | K20: FLO824802 | L20: Mega Green Starter | M20: GAL11.70 | N20: =+LEFT(M20,3) -> GAL | O20: 30 | Q20: =K20 -> FLO824802 | R20: =L20 -> Mega Green Starter | S20: =SUMIF($R$3:$R$885, $R20, $O$3:$O$885) -> 60 | U20: Mega Green Starter | V20: 60
B21: HAP | C21: 01 | D21: GREENWAY | E21: MAILING-WPBCH | F21: =DATE(2022,10,6) -> 44840 | G21: =+MONTH(F21) -> 10 | H21: =+YEAR(F21) -> 2022 | I21: Invoice | J21: 95940 | K21: GROMG602 | L21: Mega Mix Mg | M21: GAL11.24 | N21: =+LEFT(M21,3) -> GAL | O21: 30 | Q21: =K21 -> GROMG602 | R21: =L21 -> Mega Mix Mg | S21: =SUMIF($R$3:$R$885, $R21, $O$3:$O$885) -> 150 | U21: Mega Mix Mg | V21: 150
B22: HAP | C22: 01 | D22: GREENWAY | E22: MAILING-WPBCH | F22: =DATE(2022,10,6) -> 44840 | G22: =+MONTH(F22) -> 10 | H22: =+YEAR(F22) -> 2022 | I22: Invoice | J22: 95940 | K22: ZONN2802 | L22: Ultra Green 28-0-0 | M22: GAL10.63 | N22: =+LEFT(M22,3) -> GAL | O22: 120 | Q22: =K22 -> ZONN2802 | R22: =L22 -> Ultra Green 28-0-0 | S22: =SUMIF($R$3:$R$885, $R22, $O$3:$O$885) -> 180 | U22: Ultra Green 28-0-0 | V22: 180
B23: HAP | C23: 01 | D23: GREENWAY | E23: MAILING-WPBCH | F23: =DATE(2022,10,6) -> 44840 | G23: =+MONTH(F23) -> 10 | H23: =+YEAR(F23) -> 2022 | I23: Invoice | J23: 95940 | K23: USCMANPLX+02 | L23: Vented Manga Plex Plus | M23: GAL11.90 | N23: =+LEFT(M23,3) -> GAL | O23: 120 | Q23: =K23 -> USCMANPLX+02 | R23: =L23 -> Vented Manga Plex Plus | S23: =SUMIF($R$3:$R$885, $R23, $O$3:$O$885) -> 1060 | U23: Vented Manga Plex Plus | V23: 1060
B24: HAP | C24: 01 | D24: GREENWAY | E24: LOXAHATCHEE CLB | F24: =DATE(2022,10,10) -> 44844 | G24: =+MONTH(F24) -> 10 | H24: =+YEAR(F24) -> 2022 | I24: Invoice | J24: 95953 | K24: FLO1200655 | L24: Green Master 12-0-0 | M24: GAL11.80 | N24: =+LEFT(M24,3) -> GAL | O24: 55 | Q24: =K24 -> FLO1200655 | R24: =L24 -> Green Master 12-0-0 | S24: =SUMIF($R$3:$R$885, $R24, $O$3:$O$885) -> 440 | U24: Green Master 12-0-0 | V24: 440
B25: HAP | C25: 01 | D25: ALMARCH | E25: THONOTOSASSA | F25: =DATE(2022,10,14) -> 44848 | G25: =+MONTH(F25) -> 10 | H25: =+YEAR(F25) -> 2022 | I25: Invoice | J25: 95978 | K25: ALMBGNOFE55 | L25: Beauti Green without Iron | M25: GAL09.42 | N25: =+LEFT(M25,3) -> GAL | O25: 165 | Q25: =K25 -> ALMBGNOFE55 | R25: =L25 -> Beauti Green without Iron | S25: =SUMIF($R$3:$R$885, $R25, $O$3:$O$885) -> 165 | U25: Beauti Green without Iron | V25: 165
B26: HAP | C26: 01 | D26: GREENWAY | E26: MIZNER C. CLUB | F26: =DATE(2022,10,14) -> 44848 | G26: =+MONTH(F26) -> 10 | H26: =+YEAR(F26) -> 2022 | I26: Invoice | J26: 95984 | K26: FLOKTS02 | L26: Excel 0-0-25 | M26: GAL12.24 | N26: =+LEFT(M26,3) -> GAL | O26: 35 | Q26: =K26 -> FLOKTS02 | R26: =L26 -> Excel 0-0-25 | S26: =SUMIF($R$3:$R$885, $R26, $O$3:$O$885) -> 690 | U26: Excel 0-0-25 | V26: 690
B27: HAP | C27: 01 | D27: GREENWAY | E27: MIZNER C. CLUB | F27: =DATE(2022,10,14) -> 44848 | G27: =+MONTH(F27) -> 10 | H27: =+YEAR(F27) -> 2022 | I27: Invoice | J27: 95984 | K27: GOLDCA02 | L27: Neutra Soil | M27: GAL11.60 | N27: =+LEFT(M27,3) -> GAL | O27: 70 | Q27: =K27 -> GOLDCA02 | R27: =L27 -> Neutra Soil | S27: =SUMIF($R$3:$R$885, $R27, $O$3:$O$885) -> 470 | U27: Neutra Soil | V27: 470
B28: HAP | C28: 01 | D28: GREENWAY | E28: MIZNER C. CLUB | F28: =DATE(2022,10,14) -> 44848 | G28: =+MONTH(F28) -> 10 | H28: =+YEAR(F28) -> 2022 | I28: Invoice | J28: 95984 | K28: USCBIOPX02 | L28: Vented Bio Plex | M28: GAL09.70 | N28: =+LEFT(M28,3) -> GAL | O28: 35 | Q28: =K28 -> USCBIOPX02 | R28: =L28 -> Vented Bio Plex | S28: =SUMIF($R$3:$R$885, $R28, $O$3:$O$885) -> 510 | U28: Vented Bio Plex | V28: 510
B29: HAP | C29: 01 | D29: GREENWAY | E29: MIZNER C. CLUB | F29: =DATE(2022,10,14) -> 44848 | G29: =+MONTH(F29) -> 10 | H29: =+YEAR(F29) -> 2022 | I29: Invoice | J29: 95984 | K29: USCMANPLX+02 | L29: Vented Manga Plex Plus | M29: GAL11.90 | N29: =+LEFT(M29,3) -> GAL | O29: 70 | Q29: =K29 -> USCMANPLX+02 | R29: =L29 -> Vented Manga Plex Plus | S29: =SUMIF($R$3:$R$885, $R29, $O$3:$O$885) -> 1060 | U29: Vented Manga Plex Plus | V29: 1060
B30: HAP | C30: 01 | D30: GREENWAY | E30: EMERALDHILLS | F30: =DATE(2022,10,18) -> 44852 | G30: =+MONTH(F30) -> 10 | H30: =+YEAR(F30) -> 2022 | I30: Invoice | J30: 96002 | K30: USC8FE30 | L30: 8 Iron | M30: GAL11.30 | N30: =+LEFT(M30,3) -> GAL | O30: 30 | Q30: =K30 -> USC8FE30 | R30: =L30 -> 8 Iron | S30: =SUMIF($R$3:$R$885, $R30, $O$3:$O$885) -> 185 | U30: 8 Iron | V30: 185
B31: HAP | C31: 01 | D31: GREENWAY | E31: EMERALDHILLS | F31: =DATE(2022,10,18) -> 44852 | G31: =+MONTH(F31) -> 10 | H31: =+YEAR(F31) -> 2022 | I31: Invoice | J31: 96002 | K31: ZON1501030 | L31: Ever-Green 15-0-10 | M31: GAL10.95 | N31: =+LEFT(M31,3) -> GAL | O31: 30 | Q31: =K31 -> ZON1501030 | R31: =L31 -> Ever-Green 15-0-10 | S31: =SUMIF($R$3:$R$885, $R31, $O$3:$O$885) -> 140 | U31: Ever-Green 15-0-10 | V31: 140
B32: HAP | C32: 01 | D32: GREENWAY | E32: EMERALDHILLS | F32: =DATE(2022,10,18) -> 44852 | G32: =+MONTH(F32) -> 10 | H32: =+YEAR(F32) -> 2022 | I32: Invoice | J32: 96002 | K32: FLOKTS30 | L32: Excel 0-0-25 | M32: GAL12.24 | N32: =+LEFT(M32,3) -> GAL | O32: 30 | Q32: =K32 -> FLOKTS30 | R32: =L32 -> Excel 0-0-25 | S32: =SUMIF($R$3:$R$885, $R32, $O$3:$O$885) -> 690 | U32: Excel 0-0-25 | V32: 690
B33: HAP | C33: 01 | D33: GREENWAY | E33: EMERALDHILLS | F33: =DATE(2022,10,18) -> 44852 | G33: =+MONTH(F33) -> 10 | H33: =+YEAR(F33) -> 2022 | I33: Invoice | J33: 96002 | K33: GROMG630 | L33: Mega Mix Mg | M33: GAL11.24 | N33: =+LEFT(M33,3) -> GAL | O33: 30 | Q33: =K33 -> GROMG630 | R33: =L33 -> Mega Mix Mg | S33: =SUMIF($R$3:$R$885, $R33, $O$3:$O$885) -> 150 | U33: Mega Mix Mg | V33: 150
B34: HAP | C34: 01 | D34: GREENWAY | E34: EMERALDHILLS | F34: =DATE(2022,10,18) -> 44852 | G34: =+MONTH(F34) -> 10 | H34: =+YEAR(F34) -> 2022 | I34: Invoice | J34: 96002 | K34: GROMN30 | L34: Mega Mix Mn | M34: GAL13.12 | N34: =+LEFT(M34,3) -> GAL | O34: 30 | Q34: =K34 -> GROMN30 | R34: =L34 -> Mega Mix Mn | S34: =SUMIF($R$3:$R$885, $R34, $O$3:$O$885) -> 110 | U34: Mega Mix Mn | V34: 110
B35: HAP | C35: 01 | D35: GREENWAY | E35: EMERALDHILLS | F35: =DATE(2022,10,18) -> 44852 | G35: =+MONTH(F35) -> 10 | H35: =+YEAR(F35) -> 2022 | I35: Invoice | J35: 96002 | K35: USCMICRO+30 | L35: Micro Plus | M35: GAL09.40 | N35: =+LEFT(M35,3) -> GAL | O35: 30 | Q35: =K35 -> USCMICRO+30 | R35: =L35 -> Micro Plus | S35: =SUMIF($R$3:$R$885, $R35, $O$3:$O$885) -> 70 | U35: Micro Plus | V35: 70
B36: HAP | C36: 01 | D36: GREENWAY | E36: EMERALDHILLS | F36: =DATE(2022,10,18) -> 44852 | G36: =+MONTH(F36) -> 10 | H36: =+YEAR(F36) -> 2022 | I36: Invoice | J36: 96002 | K36: USCMANPLX+30 | L36: Vented Manga Plex Plus | M36: GAL11.90 | N36: =+LEFT(M36,3) -> GAL | O36: 30 | Q36: =K36 -> USCMANPLX+30 | R36: =L36 -> Vented Manga Plex Plus | S36: =SUMIF($R$3:$R$885, $R36, $O$3:$O$885) -> 1060 | U36: Vented Manga Plex Plus | V36: 1060
B37: HAP | C37: 01 | D37: GREENWAY | E37: W.PALM BCH MAIN | F37: =DATE(2022,10,20) -> 44854 | G37: =+MONTH(F37) -> 10 | H37: =+YEAR(F37) -> 2022 | I37: Invoice | J37: 96019 | K37: GPHUMIC02 | L37: Humic Soil Rebuilder | M37: GAL09.65 | N37: =+LEFT(M37,3) -> GAL | O37: 60 | Q37: =K37 -> GPHUMIC02 | R37: =L37 -> Humic Soil Rebuilder | S37: =SUMIF($R$3:$R$885, $R37, $O$3:$O$885) -> 180 | U37: Humic Soil Rebuilder | V37: 180
B38: HAP | C38: 01 | D38: GREENWAY | E38: W.PALM BCH MAIN | F38: =DATE(2022,10,20) -> 44854 | G38: =+MONTH(F38) -> 10 | H38: =+YEAR(F38) -> 2022 | I38: Invoice | J38: 96019 | K38: USCMICMIX02 | L38: Micro Mix with Humic | M38: GAL10.35 | N38: =+LEFT(M38,3) -> GAL | O38: 60 | Q38: =K38 -> USCMICMIX02 | R38: =L38 -> Micro Mix with Humic | S38: =SUMIF($R$3:$R$885, $R38, $O$3:$O$885) -> 180 | U38: Micro Mix with Humic | V38: 180
B39: HAP | C39: 01 | D39: GREENWAY | E39: W.PALM BCH MAIN | F39: =DATE(2022,10,20) -> 44854 | G39: =+MONTH(F39) -> 10 | H39: =+YEAR(F39) -> 2022 | I39: Invoice | J39: 96019 | K39: GOLDCA02 | L39: Neutra Soil | M39: GAL11.60 | N39: =+LEFT(M39,3) -> GAL | O39: 120 | Q39: =K39 -> GOLDCA02 | R39: =L39 -> Neutra Soil | S39: =SUMIF($R$3:$R$885, $R39, $O$3:$O$885) -> 470 | U39: Neutra Soil | V39: 470
B40: HAP | C40: 01 | D40: GREENWAY | E40: W.PALM BCH MAIN | F40: =DATE(2022,10,20) -> 44854 | G40: =+MONTH(F40) -> 10 | H40: =+YEAR(F40) -> 2022 | I40: Invoice | J40: 96019 | K40: ZON183602 | L40: Pro Long | M40: GAL10.65 | N40: =+LEFT(M40,3) -> GAL | O40: 120 | Q40: =K40 -> ZON183602 | R40: =L40 -> Pro Long | S40: =SUMIF($R$3:$R$885, $R40, $O$3:$O$885) -> 180 | U40: Pro Long | V40: 180
B41: HAP | C41: 01 | D41: GREENWAY | E41: W.PALM BCH MAIN | F41: =DATE(2022,10,20) -> 44854 | G41: =+MONTH(F41) -> 10 | H41: =+YEAR(F41) -> 2022 | I41: Invoice | J41: 96019 | K41: USCBIOPX02 | L41: Vented Bio Plex | M41: GAL09.70 | N41: =+LEFT(M41,3) -> GAL | O41: 120 | Q41: =K41 -> USCBIOPX02 | R41: =L41 -> Vented Bio Plex | S41: =SUMIF($R$3:$R$885, $R41, $O$3:$O$885) -> 510 | U41: Vented Bio Plex | V41: 510
B42: HAP | C42: 01 | D42: GREENWAY | E42: W.PALM BCH MAIN | F42: =DATE(2022,10,20) -> 44854 | G42: =+MONTH(F42) -> 10 | H42: =+YEAR(F42) -> 2022 | I42: Invoice | J42: 96019 | K42: USCMANPLX+02 | L42: Vented Manga Plex Plus | M42: GAL11.90 | N42: =+LEFT(M42,3) -> GAL | O42: 120 | Q42: =K42 -> USCMANPLX+02 | R42: =L42 -> Vented Manga Plex Plus | S42: =SUMIF($R$3:$R$885, $R42, $O$3:$O$885) -> 1060 | U42: Vented Manga Plex Plus | V42: 1060
B43: HAP | C43: 01 | D43: GREENWAY | E43: IRON HORSE G.C. | F43: =DATE(2022,10,31) -> 44865 | G43: =+MONTH(F43) -> 10 | H43: =+YEAR(F43) -> 2022 | I43: Invoice | J43: 96082 | K43: FLO1200655 | L43: Green Master 12-0-0 | M43: GAL11.80 | N43: =+LEFT(M43,3) -> GAL | O43: 110 | Q43: =K43 -> FLO1200655 | R43: =L43 -> Green Master 12-0-0 | S43: =SUMIF($R$3:$R$885, $R43, $O$3:$O$885) -> 440 | U43: Green Master 12-0-0 | V43: 440
B44: DAVID | C44: 02 | D44: OHARAPEST | E44: MAILIING | F44: =DATE(2022,10,3) -> 44837 | G44: =+MONTH(F44) -> 10 | H44: =+YEAR(F44) -> 2022 | I44: Invoice | J44: 95922 | K44: ZON1806250 | L44: Dyna Zone 18-0-6 w/ minors | M44: GAL10.37 | N44: =+LEFT(M44,3) -> GAL | O44: 125 | Q44: =K44 -> ZON1806250 | R44: =L44 -> Dyna Zone 18-0-6 w/ minors | S44: =SUMIF($R$3:$R$885, $R44, $O$3:$O$885) -> 125 | U44: Dyna Zone 18-0-6 w/ minors | V44: 125
B45: DAVID | C45: 02 | D45: JHBIOTECH | E45: JHBIOTECH | F45: =DATE(2022,10,5) -> 44839 | G45: =+MONTH(F45) -> 10 | H45: =+YEAR(F45) -> 2022 | I45: Invoice | J45: 95932 | K45: FLO1137000 | L45: Dyna Flo 11-37-0 | M45: GAL11.98 | N45: =+LEFT(M45,3) -> GAL | O45: 4038 | Q45: =K45 -> FLO1137000 | R45: =L45 -> Dyna Flo 11-37-0 | S45: =SUMIF($R$3:$R$885, $R45, $O$3:$O$885) -> 14997 | U45: Dyna Flo 11-37-0 | V45: 14997
B46: DAVID | C46: 02 | D46: BIOGRO | E46: MAIN | F46: =DATE(2022,10,10) -> 44844 | G46: =+MONTH(F46) -> 10 | H46: =+YEAR(F46) -> 2022 | I46: Invoice | J46: 95949 | K46: NPKKOHDRY | L46: Potassium Hydroxide KOH Dry 90% | M46: LBS | N46: =+LEFT(M46,3) -> LBS | O46: 500 | Q46: =K46 -> NPKKOHDRY | R46: =L46 -> Potassium Hydroxide KOH Dry 90% | S46: =SUMIF($R$3:$R$885, $R46, $O$3:$O$885) -> 16500 | U46: Potassium Hydroxide KOH Dry 90% | V46: 16500
B47: DAVID | C47: 02 | D47: COUNCILO | E47: COUNCIL-OXFORD | F47: =DATE(2022,10,11) -> 44845 | G47: =+MONTH(F47) -> 10 | H47: =+YEAR(F47) -> 2022 | I47: Invoice | J47: 95955 | K47: MRCCCN110 | L47: Copper Count N | M47: GAL09.68 | N47: =+LEFT(M47,3) -> GAL | O47: 600 | Q47: =K47 -> MRCCCN110 | R47: =L47 -> Copper Count N | S47: =SUMIF($R$3:$R$885, $R47, $O$3:$O$885) -> 1685 | U47: Copper Count N | V47: 1685
B48: DAVID | C48: 02 | D48: JHBIOTECH | E48: JHBIOTECH | F48: =DATE(2022,10,11) -> 44845 | G48: =+MONTH(F48) -> 10 | H48: =+YEAR(F48) -> 2022 | I48: Invoice | J48: 95960 | K48: FLO1137000 | L48: Dyna Flo 11-37-0 | M48: GAL11.98 | N48: =+LEFT(M48,3) -> GAL | O48: 4125 | Q48: =K48 -> FLO1137000 | R48: =L48 -> Dyna Flo 11-37-0 | S48: =SUMIF($R$3:$R$885, $R48, $O$3:$O$885) -> 14997 | U48: Dyna Flo 11-37-0 | V48: 14997
B49: DAVID | C49: 02 | D49: MIDWAYF | E49: KNIGHTSGRIFFIN | F49: =DATE(2022,10,13) -> 44847 | G49: =+MONTH(F49) -> 10 | H49: =+YEAR(F49) -> 2022 | I49: Invoice | J49: 95973 | K49: MAC428YM8 | L49: Dyna Flo 4-2-8YM8 | M49: TON | N49: =+LEFT(M49,3) -> TON | O49: 2.5 | Q49: =K49 -> MAC428YM8 | R49: =L49 -> Dyna Flo 4-2-8YM8 | S49: =SUMIF($R$3:$R$885, $R49, $O$3:$O$885) -> 517.7395 | U49: Dyna Flo 4-2-8YM8 | V49: 517.7395
B50: DAVID | C50: 02 | D50: FFA | E50: MAIN | F50: =DATE(2022,10,20) -> 44854 | G50: =+MONTH(F50) -> 10 | H50: =+YEAR(F50) -> 2022 | I50: Invoice | J50: 96016 | K50: MAC528YZ | L50: Dyna Flo 5-2-8 YZ | M50: TON | N50: =+LEFT(M50,3) -> TON | O50: 2.49 | Q50: =K50 -> MAC528YZ | R50: =L50 -> Dyna Flo 5-2-8 YZ | S50: =SUMIF($R$3:$R$885, $R50, $O$3:$O$885) -> 395.4075 | U50: Dyna Flo 5-2-8 YZ | V50: 395.4075
B51: DAVID | C51: 02 | D51: MAYO | E51: MAYO | F51: =DATE(2022,10,21) -> 44855 | G51: =+MONTH(F51) -> 10 | H51: =+YEAR(F51) -> 2022 | I51: Invoice | J51: 96025 | K51: NPKPHOS75 | L51: Phosphoric Acid 75% | M51: LBS | N51: =+LEFT(M51,3) -> LBS | O51: 52040 | Q51: =K51 -> NPKPHOS75 | R51: =L51 -> Phosphoric Acid 75% | S51: =SUMIF($R$3:$R$885, $R51, $O$3:$O$885) -> 97420 | U51: Phosphoric Acid 75% | V51: 97420
B52: DAVID | C52: 02 | D52: OHARAPEST | E52: MAILIING | F52: =DATE(2022,10,24) -> 44858 | G52: =+MONTH(F52) -> 10 | H52: =+YEAR(F52) -> 2022 | I52: Invoice | J52: 96034 | K52: FLO15008CL250 | L52: Dyna Flo 15-0-0 8% Cl | M52: GAL09.75 | N52: =+LEFT(M52,3) -> GAL | O52: 250 | Q52: =K52 -> FLO15008CL250 | R52: =L52 -> Dyna Flo 15-0-0 8% Cl | S52: =SUMIF($R$3:$R$885, $R52, $O$3:$O$885) -> 250 | U52: Dyna Flo 15-0-0 8% Cl | V52: 250
B53: DAVID | C53: 02 | D53: MIDWAYF | E53: KNIGHTSGRIFFIN | F53: =DATE(2022,10,25) -> 44859 | G53: =+MONTH(F53) -> 10 | H53: =+YEAR(F53) -> 2022 | I53: Invoice | J53: 96037 | K53: MAC428YM8 | L53: Dyna Flo 4-2-8YM8 | M53: TON | N53: =+LEFT(M53,3) -> TON | O53: 2.5025 | Q53: =K53 -> MAC428YM8 | R53: =L53 -> Dyna Flo 4-2-8YM8 | S53: =SUMIF($R$3:$R$885, $R53, $O$3:$O$885) -> 517.7395 | U53: Dyna Flo 4-2-8YM8 | V53: 517.7395
B54: DAVID | C54: 02 | D54: COUNCILO | E54: COUNCIL-OXFORD | F54: =DATE(2022,10,25) -> 44859 | G54: =+MONTH(F54) -> 10 | H54: =+YEAR(F54) -> 2022 | I54: Invoice | J54: 96040 | K54: MRCCCN110 | L54: Copper Count N | M54: GAL09.68 | N54: =+LEFT(M54,3) -> GAL | O54: 330 | Q54: =K54 -> MRCCCN110 | R54: =L54 -> Copper Count N | S54: =SUMIF($R$3:$R$885, $R54, $O$3:$O$885) -> 1685 | U54: Copper Count N | V54: 1685
B55: DAVID | C55: 02 | D55: GEOPONICSCORP | E55: NAPLES UNIT-105 | F55: =DATE(2022,10,25) -> 44859 | G55: =+MONTH(F55) -> 10 | H55: =+YEAR(F55) -> 2022 | I55: Invoice | J55: 96046 | K55: CAMMO02 | L55: Detox | M55: GAL10.61 | N55: =+LEFT(M55,3) -> GAL | O55: 50 | Q55: =K55 -> CAMMO02 | R55: =L55 -> Detox | S55: =SUMIF($R$3:$R$885, $R55, $O$3:$O$885) -> 50 | U55: Detox | V55: 50
B56: DAVID | C56: 02 | D56: TERRAFEED | E56: MAILING | F56: =DATE(2022,10,27) -> 44861 | G56: =+MONTH(F56) -> 10 | H56: =+YEAR(F56) -> 2022 | I56: Invoice | J56: 96063 | K56: REPACK02 | L56: Repack: Sulfur Carb 30 | M56: GALLON | N56: =+LEFT(M56,3) -> GAL | O56: 255 | Q56: =K56 -> REPACK02 | R56: =L56 -> Repack: Sulfur Carb 30 | S56: =SUMIF($R$3:$R$885, $R56, $O$3:$O$885) -> 255 | U56: Repack: Sulfur Carb 30 | V56: 255
B57: DAVID | C57: 02 | D57: UNIVAR | E57: ORLANDO | F57: =DATE(2022,10,27) -> 44861 | G57: =+MONTH(F57) -> 10 | H57: =+YEAR(F57) -> 2022 | I57: Invoice | J57: 96066 | K57: FLO003002 | L57: Dyna Flo 0-0-30 | M57: GAL12.24 | N57: =+LEFT(M57,3) -> GAL | O57: 85 | Q57: =K57 -> FLO003002 | R57: =L57 -> Dyna Flo 0-0-30 | S57: =SUMIF($R$3:$R$885, $R57, $O$3:$O$885) -> 325 | U57: Dyna Flo 0-0-30 | V57: 325
B58: DAVID | C58: 02 | D58: TRUE | E58: LAKE PANA | F58: =DATE(2022,10,31) -> 44865 | G58: =+MONTH(F58) -> 10 | H58: =+YEAR(F58) -> 2022 | I58: Invoice | J58: 96081A | K58: NPKKOHDRY | L58: Potassium Hydroxide KOH Dry 90% | M58: LBS | N58: =+LEFT(M58,3) -> LBS | O58: 2000 | Q58: =K58 -> NPKKOHDRY | R58: =L58 -> Potassium Hydroxide KOH Dry 90% | S58: =SUMIF($R$3:$R$885, $R58, $O$3:$O$885) -> 16500 | U58: Potassium Hydroxide KOH Dry 90% | V58: 16500
B59: JUSTIN | C59: 03 | D59: CAINGROV | E59: MAILING | F59: =DATE(2022,10,4) -> 44838 | G59: =+MONTH(F59) -> 10 | H59: =+YEAR(F59) -> 2022 | I59: Invoice | J59: 95925 | K59: SOARBLM02 | L59: Soar Bloom Spray | M59: GAL10.80 | N59: =+LEFT(M59,3) -> GAL | O59: 5 | Q59: =K59 -> SOARBLM02 | R59: =L59 -> Soar Bloom Spray | S59: =SUMIF($R$3:$R$885, $R59, $O$3:$O$885) -> 2195 | U59: Soar Bloom Spray | V59: 2195
B60: JUSTIN | C60: 03 | D60: CPSWAVER | E60: WAVERLY | F60: =DATE(2022,10,12) -> 44846 | G60: =+MONTH(F60) -> 10 | H60: =+YEAR(F60) -> 2022 | I60: Invoice | J60: 95967 | K60: GOLDMZF02 | L60: Dyna Gold MZF | M60: GAL11.20 | N60: =+LEFT(M60,3) -> GAL | O60: 180 | Q60: =K60 -> GOLDMZF02 | R60: =L60 -> Dyna Gold MZF | S60: =SUMIF($R$3:$R$885, $R60, $O$3:$O$885) -> 2780 | U60: Dyna Gold MZF | V60: 2780
B61: JUSTIN | C61: 03 | D61: CPSWACHU | E61: WAUCHULA | F61: =DATE(2022,10,12) -> 44846 | G61: =+MONTH(F61) -> 10 | H61: =+YEAR(F61) -> 2022 | I61: Invoice | J61: 95968 | K61: GOLDMZF02 | L61: Dyna Gold MZF | M61: GAL11.20 | N61: =+LEFT(M61,3) -> GAL | O61: 180 | Q61: =K61 -> GOLDMZF02 | R61: =L61 -> Dyna Gold MZF | S61: =SUMIF($R$3:$R$885, $R61, $O$3:$O$885) -> 2780 | U61: Dyna Gold MZF | V61: 2780
B62: JUSTIN | C62: 03 | D62: CPSWAVER | E62: WAVERLY | F62: =DATE(2022,10,14) -> 44848 | G62: =+MONTH(F62) -> 10 | H62: =+YEAR(F62) -> 2022 | I62: Invoice | J62: 95980 | K62: GOLDMZF02 | L62: Dyna Gold MZF | M62: GAL11.20 | N62: =+LEFT(M62,3) -> GAL | O62: 180 | Q62: =K62 -> GOLDMZF02 | R62: =L62 -> Dyna Gold MZF | S62: =SUMIF($R$3:$R$885, $R62, $O$3:$O$885) -> 2780 | U62: Dyna Gold MZF | V62: 2780
B63: JUSTIN | C63: 03 | D63: CPSWAVER | E63: WAVERLY | F63: =DATE(2022,10,14) -> 44848 | G63: =+MONTH(F63) -> 10 | H63: =+YEAR(F63) -> 2022 | I63: Invoice | J63: 95980 | K63: SOARCIT02 | L63: Soar Citrus Mix | M63: GAL11.60 | N63: =+LEFT(M63,3) -> GAL | O63: 180 | Q63: =K63 -> SOARCIT02 | R63: =L63 -> Soar Citrus Mix | S63: =SUMIF($R$3:$R$885, $R63, $O$3:$O$885) -> 210 | U63: Soar Citrus Mix | V63: 210
B64: JUSTIN | C64: 03 | D64: CPSIMMOK | E64: IMMOKALEE | F64: =DATE(2022,10,18) -> 44852 | G64: =+MONTH(F64) -> 10 | H64: =+YEAR(F64) -> 2022 | I64: Invoice | J64: 95996 | K64: GPHUMIC02 | L64: Vented Dyna Flo Humic 15% | M64: GAL09.65 | N64: =+LEFT(M64,3) -> GAL | O64: 180 | Q64: =K64 -> GPHUMIC02 | R64: =L64 -> Vented Dyna Flo Humic 15% | S64: =SUMIF($R$3:$R$885, $R64, $O$3:$O$885) -> 290 | U64: Vented Dyna Flo Humic 15% | V64: 290
B65: JUSTIN | C65: 03 | D65: JHBIOTECH | E65: JHBIOTECH | F65: =DATE(2022,10,19) -> 44853 | G65: =+MONTH(F65) -> 10 | H65: =+YEAR(F65) -> 2022 | I65: Invoice | J65: 96008 | K65: FLO1137000 | L65: Dyna Flo 11-37-0 | M65: GAL11.98 | N65: =+LEFT(M65,3) -> GAL | O65: 4150 | Q65: =K65 -> FLO1137000 | R65: =L65 -> Dyna Flo 11-37-0 | S65: =SUMIF($R$3:$R$885, $R65, $O$3:$O$885) -> 14997 | U65: Dyna Flo 11-37-0 | V65: 14997
B66: JUSTIN | C66: 03 | D66: CPSPARRI | E66: PARRISH | F66: =DATE(2022,10,20) -> 44854 | G66: =+MONTH(F66) -> 10 | H66: =+YEAR(F66) -> 2022 | I66: Invoice | J66: 96013 | K66: FLOPHOS30 | L66: Dyna Phos | M66: GAL13.15 | N66: =+LEFT(M66,3) -> GAL | O66: 60 | Q66: =K66 -> FLOPHOS30 | R66: =L66 -> Dyna Phos | S66: =SUMIF($R$3:$R$885, $R66, $O$3:$O$885) -> 295 | U66: Dyna Phos | V66: 295
B67: JUSTIN | C67: 03 | D67: CPSWAVER | E67: WAVERLY | F67: =DATE(2022,10,28) -> 44862 | G67: =+MONTH(F67) -> 10 | H67: =+YEAR(F67) -> 2022 | I67: Invoice | J67: 96074 | K67: GOLDMZF02 | L67: Dyna Gold MZF | M67: GAL11.20 | N67: =+LEFT(M67,3) -> GAL | O67: 180 | Q67: =K67 -> GOLDMZF02 | R67: =L67 -> Dyna Gold MZF | S67: =SUMIF($R$3:$R$885, $R67, $O$3:$O$885) -> 2780 | U67: Dyna Gold MZF | V67: 2780
B68: JUSTIN | C68: 03 | D68: CPSWAVER | E68: WAVERLY | F68: =DATE(2022,10,28) -> 44862 | G68: =+MONTH(F68) -> 10 | H68: =+YEAR(F68) -> 2022 | I68: Invoice | J68: 96074 | K68: GOLDMZF250 | L68: Dyna Gold MZF | M68: GAL11.20 | N68: =+LEFT(M68,3) -> GAL | O68: 250 | Q68: =K68 -> GOLDMZF250 | R68: =L68 -> Dyna Gold MZF | S68: =SUMIF($R$3:$R$885, $R68, $O$3:$O$885) -> 2780 | U68: Dyna Gold MZF | V68: 2780
B69: JUSTIN | C69: 03 | D69: COUNCILO | E69: COUNCIL-OXFORD | F69: =DATE(2022,10,28) -> 44862 | G69: =+MONTH(F69) -> 10 | H69: =+YEAR(F69) -> 2022 | I69: Invoice | J69: 96076 | K69: ZON180902 | L69: Dyna Zone 18-0-9 | M69: GAL10.80 | N69: =+LEFT(M69,3) -> GAL | O69: 75 | Q69: =K69 -> ZON180902 | R69: =L69 -> Dyna Zone 18-0-9 | S69: =SUMIF($R$3:$R$885, $R69, $O$3:$O$885) -> 75 | U69: Dyna Zone 18-0-9 | V69: 75
B70: JUSTIN | C70: 03 | D70: COUNCILO | E70: COUNCIL-OXFORD | F70: =DATE(2022,10,28) -> 44862 | G70: =+MONTH(F70) -> 10 | H70: =+YEAR(F70) -> 2022 | I70: Invoice | J70: 96076 | K70: SOARMIC02 | L70: Soar Micronutrient Mix | M70: GAL11.35 | N70: =+LEFT(M70,3) -> GAL | O70: 180 | Q70: =K70 -> SOARMIC02 | R70: =L70 -> Soar Micronutrient Mix | S70: =SUMIF($R$3:$R$885, $R70, $O$3:$O$885) -> 360 | U70: Soar Micronutrient Mix | V70: 360
B71: JUSTIN | C71: 03 | D71: COUNCILO | E71: COUNCIL-OXFORD | F71: =DATE(2022,10,28) -> 44862 | G71: =+MONTH(F71) -> 10 | H71: =+YEAR(F71) -> 2022 | I71: Invoice | J71: 96076 | K71: SOARPOT250 | L71: Soar Potato | M71: GAL10.80 | N71: =+LEFT(M71,3) -> GAL | O71: 500 | Q71: =K71 -> SOARPOT250 | R71: =L71 -> Soar Potato | S71: =SUMIF($R$3:$R$885, $R71, $O$3:$O$885) -> 1500 | U71: Soar Potato | V71: 1500
B72: JUSTIN | C72: 03 | D72: CPSWACHU | E72: WAUCHULA | F72: =DATE(2022,10,31) -> 44865 | G72: =+MONTH(F72) -> 10 | H72: =+YEAR(F72) -> 2022 | I72: Invoice | J72: 96091 | K72: GOLDMZF250 | L72: Dyna Gold MZF | M72: GAL11.20 | N72: =+LEFT(M72,3) -> GAL | O72: 250 | Q72: =K72 -> GOLDMZF250 | R72: =L72 -> Dyna Gold MZF | S72: =SUMIF($R$3:$R$885, $R72, $O$3:$O$885) -> 2780 | U72: Dyna Gold MZF | V72: 2780
B73: PARKER, JERROD | C73: 04 | D73: SPIVEYFA | E73: HOPEWELL | F73: =DATE(2022,10,4) -> 44838 | G73: =+MONTH(F73) -> 10 | H73: =+YEAR(F73) -> 2022 | I73: Invoice | J73: 95923 | K73: SOARBLM02 | L73: Soar Bloom Spray | M73: GAL10.80 | N73: =+LEFT(M73,3) -> GAL | O73: 10 | Q73: =K73 -> SOARBLM02 | R73: =L73 -> Soar Bloom Spray | S73: =SUMIF($R$3:$R$885, $R73, $O$3:$O$885) -> 2195 | U73: Soar Bloom Spray | V73: 2195
B74: PARKER, JERROD | C74: 04 | D74: SPIVEYFA | E74: HOPEWELL | F74: =DATE(2022,10,4) -> 44838 | G74: =+MONTH(F74) -> 10 | H74: =+YEAR(F74) -> 2022 | I74: Invoice | J74: 95923 | K74: FLO15001602 | L74: Vented pHury | M74: GAL12.64 | N74: =+LEFT(M74,3) -> GAL | O74: 10 | Q74: =K74 -> FLO15001602 | R74: =L74 -> Vented pHury | S74: =SUMIF($R$3:$R$885, $R74, $O$3:$O$885) -> 965 | U74: Vented pHury | V74: 965
B75: PARKER, JERROD | C75: 04 | D75: VELASCONAZARIO | E75: MAIN | F75: =DATE(2022,10,5) -> 44839 | G75: =+MONTH(F75) -> 10 | H75: =+YEAR(F75) -> 2022 | I75: Invoice | J75: 95928 | K75: MAC927YM3 | L75: Dyna Flo 9-2-7YM3 | M75: TON | N75: =+LEFT(M75,3) -> TON | O75: 1 | Q75: =K75 -> MAC927YM3 | R75: =L75 -> Dyna Flo 9-2-7YM3 | S75: =SUMIF($R$3:$R$885, $R75, $O$3:$O$885) -> 284.6675 | U75: Dyna Flo 9-2-7YM3 | V75: 284.6675
B76: PARKER, JERROD | C76: 04 | D76: SOUTHERNHILL | E76: SCHOFIELD | F76: =DATE(2022,10,5) -> 44839 | G76: =+MONTH(F76) -> 10 | H76: =+YEAR(F76) -> 2022 | I76: Invoice | J76: 95933 | K76: MAC927YM3 | L76: Dyna Flo 9-2-7YM3 | M76: TON | N76: =+LEFT(M76,3) -> TON | O76: 2.5 | Q76: =K76 -> MAC927YM3 | R76: =L76 -> Dyna Flo 9-2-7YM3 | S76: =SUMIF($R$3:$R$885, $R76, $O$3:$O$885) -> 284.6675 | U76: Dyna Flo 9-2-7YM3 | V76: 284.6675
B77: PARKER, JERROD | C77: 04 | D77: FERRISFA | E77: TOMATOES | F77: =DATE(2022,10,6) -> 44840 | G77: =+MONTH(F77) -> 10 | H77: =+YEAR(F77) -> 2022 | I77: Invoice | J77: 95934 | K77: MAC626YM | L77: Dyna Flo 6-2-6YM | M77: TON | N77: =+LEFT(M77,3) -> TON | O77: 15 | Q77: =K77 -> MAC626YM | R77: =L77 -> Dyna Flo 6-2-6YM | S77: =SUMIF($R$3:$R$885, $R77, $O$3:$O$885) -> 30 | U77: Dyna Flo 6-2-6YM | V77: 30
B78: PARKER, JERROD | C78: 04 | D78: GUTIERREZA | E78: AL SIMMONS RD | F78: =DATE(2022,10,6) -> 44840 | G78: =+MONTH(F78) -> 10 | H78: =+YEAR(F78) -> 2022 | I78: Invoice | J78: 95935 | K78: MAC927YM3 | L78: Dyna Flo 9-2-7YM3 | M78: TON | N78: =+LEFT(M78,3) -> TON | O78: 1.875 | Q78: =K78 -> MAC927YM3 | R78: =L78 -> Dyna Flo 9-2-7YM3 | S78: =SUMIF($R$3:$R$885, $R78, $O$3:$O$885) -> 284.6675 | U78: Dyna Flo 9-2-7YM3 | V78: 284.6675
B79: PARKER, JERROD | C79: 04 | D79: WISHFARMS | E79: MAILING | F79: =DATE(2022,10,6) -> 44840 | G79: =+MONTH(F79) -> 10 | H79: =+YEAR(F79) -> 2022 | I79: Invoice | J79: 95936 | K79: FLO150016250 | L79: Vented pHury | M79: GAL12.64 | N79: =+LEFT(M79,3) -> GAL | O79: 250 | Q79: =K79 -> FLO150016250 | R79: =L79 -> Vented pHury | S79: =SUMIF($R$3:$R$885, $R79, $O$3:$O$885) -> 965 | U79: Vented pHury | V79: 965
B80: PARKER, JERROD | C80: 04 | D80: GERALDWI | E80: JAUDON RD | F80: =DATE(2022,10,6) -> 44840 | G80: =+MONTH(F80) -> 10 | H80: =+YEAR(F80) -> 2022 | I80: Invoice | J80: 95937 | K80: MAC927YM3 | L80: Dyna Flo 9-2-7YM3 | M80: TON | N80: =+LEFT(M80,3) -> TON | O80: 2.5 | Q80: =K80 -> MAC927YM3 | R80: =L80 -> Dyna Flo 9-2-7YM3 | S80: =SUMIF($R$3:$R$885, $R80, $O$3:$O$885) -> 284.6675 | U80: Dyna Flo 9-2-7YM3 | V80: 284.6675
B81: PARKER, JERROD | C81: 04 | D81: MIKELOTT | E81: SHADY ACRE | F81: =DATE(2022,10,6) -> 44840 | G81: =+MONTH(F81) -> 10 | H81: =+YEAR(F81) -> 2022 | I81: Invoice | J81: 95938 | K81: MAC528YZ | L81: Dyna Flo 5-2-8 YZ | M81: TON | N81: =+LEFT(M81,3) -> TON | O81: 1.25 | Q81: =K81 -> MAC528YZ | R81: =L81 -> Dyna Flo 5-2-8 YZ | S81: =SUMIF($R$3:$R$885, $R81, $O$3:$O$885) -> 395.4075 | U81: Dyna Flo 5-2-8 YZ | V81: 395.4075
B82: PARKER, JERROD | C82: 04 | D82: FRANKLIN | E82: FRANKLIN FARM | F82: =DATE(2022,10,7) -> 44841 | G82: =+MONTH(F82) -> 10 | H82: =+YEAR(F82) -> 2022 | I82: Invoice | J82: 95941 | K82: MAC2510XD | L82: Dyna Flo 2-5-10 XD | M82: TON | N82: =+LEFT(M82,3) -> TON | O82: 3.75 | Q82: =K82 -> MAC2510XD | R82: =L82 -> Dyna Flo 2-5-10 XD | S82: =SUMIF($R$3:$R$885, $R82, $O$3:$O$885) -> 5.525 | U82: Dyna Flo 2-5-10 XD | V82: 5.525
B83: PARKER, JERROD | C83: 04 | D83: ROQUEFARMS | E83: MEEKHORIZON | F83: =DATE(2022,10,7) -> 44841 | G83: =+MONTH(F83) -> 10 | H83: =+YEAR(F83) -> 2022 | I83: Invoice | J83: 95943 | K83: MAC2510XD | L83: Dyna Flo 2-5-10 XD | M83: TON | N83: =+LEFT(M83,3) -> TON | O83: 1.5 | Q83: =K83 -> MAC2510XD | R83: =L83 -> Dyna Flo 2-5-10 XD | S83: =SUMIF($R$3:$R$885, $R83, $O$3:$O$885) -> 5.525 | U83: Dyna Flo 2-5-10 XD | V83: 5.525
B84: PARKER, JERROD | C84: 04 | D84: SOUTHERNHILL | E84: SCHOFIELD | F84: =DATE(2022,10,7) -> 44841 | G84: =+MONTH(F84) -> 10 | H84: =+YEAR(F84) -> 2022 | I84: Invoice | J84: 95944 | K84: MAC626YM11 | L84: Dyna Flo 6-2-6YM11 | M84: TON | N84: =+LEFT(M84,3) -> TON | O84: 2.5 | Q84: =K84 -> MAC626YM11 | R84: =L84 -> Dyna Flo 6-2-6YM11 | S84: =SUMIF($R$3:$R$885, $R84, $O$3:$O$885) -> 14.8775 | U84: Dyna Flo 6-2-6YM11 | V84: 14.8775
B85: PARKER, JERROD | C85: 04 | D85: PEPPERBERRY | E85: NESMITH-E.SIDE | F85: =DATE(2022,10,10) -> 44844 | G85: =+MONTH(F85) -> 10 | H85: =+YEAR(F85) -> 2022 | I85: Invoice | J85: 95945 | K85: MAC927YM3 | L85: Dyna Flo 9-2-7YM3 | M85: TON | N85: =+LEFT(M85,3) -> TON | O85: 10.03 | Q85: =K85 -> MAC927YM3 | R85: =L85 -> Dyna Flo 9-2-7YM3 | S85: =SUMIF($R$3:$R$885, $R85, $O$3:$O$885) -> 284.6675 | U85: Dyna Flo 9-2-7YM3 | V85: 284.6675
B86: PARKER, JERROD | C86: 04 | D86: FLORIDAAG | E86: DOVER | F86: =DATE(2022,10,10) -> 44844 | G86: =+MONTH(F86) -> 10 | H86: =+YEAR(F86) -> 2022 | I86: Invoice | J86: 95946 | K86: FLOPHOS02 | L86: Dyna Phos | M86: GAL13.15 | N86: =+LEFT(M86,3) -> GAL | O86: 5 | Q86: =K86 -> FLOPHOS02 | R86: =L86 -> Dyna Phos | S86: =SUMIF($R$3:$R$885, $R86, $O$3:$O$885) -> 295 | U86: Dyna Phos | V86: 295
B87: PARKER, JERROD | C87: 04 | D87: FLORIDAAG | E87: DOVER | F87: =DATE(2022,10,10) -> 44844 | G87: =+MONTH(F87) -> 10 | H87: =+YEAR(F87) -> 2022 | I87: Invoice | J87: 95947 | K87: MAC425YM | L87: Dyna Flo 4-2-5YM | M87: TON | N87: =+LEFT(M87,3) -> TON | O87: 0.025 | Q87: =K87 -> MAC425YM | R87: =L87 -> Dyna Flo 4-2-5YM | S87: =SUMIF($R$3:$R$885, $R87, $O$3:$O$885) -> 0.325 | U87: Dyna Flo 4-2-5YM | V87: 0.325
B88: PARKER, JERROD | C88: 04 | D88: FANCYFAR | E88: FUTCH LOOP-CTR. | F88: =DATE(2022,10,10) -> 44844 | G88: =+MONTH(F88) -> 10 | H88: =+YEAR(F88) -> 2022 | I88: Invoice | J88: 95948 | K88: MAC528YM1 | L88: Dyna Flo 5-2-8YM1 | M88: TON | N88: =+LEFT(M88,3) -> TON | O88: 15 | Q88: =K88 -> MAC528YM1 | R88: =L88 -> Dyna Flo 5-2-8YM1 | S88: =SUMIF($R$3:$R$885, $R88, $O$3:$O$885) -> 30.005 | U88: Dyna Flo 5-2-8YM1 | V88: 30.005
B89: PARKER, JERROD | C89: 04 | D89: CHANFARM | E89: KNIGHTS GRIFFIN | F89: =DATE(2022,10,10) -> 44844 | G89: =+MONTH(F89) -> 10 | H89: =+YEAR(F89) -> 2022 | I89: Invoice | J89: 95950 | K89: MAC828YM5 | L89: Dyna Flo 8-2-8YM5 | M89: TON | N89: =+LEFT(M89,3) -> TON | O89: 2.5 | Q89: =K89 -> MAC828YM5 | R89: =L89 -> Dyna Flo 8-2-8YM5 | S89: =SUMIF($R$3:$R$885, $R89, $O$3:$O$885) -> 5 | U89: Dyna Flo 8-2-8YM5 | V89: 5
B90: PARKER, JERROD | C90: 04 | D90: FLORIDAAG | E90: KINGSWAY | F90: =DATE(2022,10,10) -> 44844 | G90: =+MONTH(F90) -> 10 | H90: =+YEAR(F90) -> 2022 | I90: Invoice | J90: 95951 | K90: MAC429YM | L90: Dyna Flo 4-2-9YM | M90: TON | N90: =+LEFT(M90,3) -> TON | O90: 2 | Q90: =K90 -> MAC429YM | R90: =L90 -> Dyna Flo 4-2-9YM | S90: =SUMIF($R$3:$R$885, $R90, $O$3:$O$885) -> 11.3175 | U90: Dyna Flo 4-2-9YM | V90: 11.3175
B91: PARKER, JERROD | C91: 04 | D91: GUTIERREZDAN | E91: FRUIT STAND | F91: =DATE(2022,10,10) -> 44844 | G91: =+MONTH(F91) -> 10 | H91: =+YEAR(F91) -> 2022 | I91: Invoice | J91: 95952 | K91: MAC927YM3 | L91: Dyna Flo 9-2-7YM3 | M91: TON | N91: =+LEFT(M91,3) -> TON | O91: 4.5025 | Q91: =K91 -> MAC927YM3 | R91: =L91 -> Dyna Flo 9-2-7YM3 | S91: =SUMIF($R$3:$R$885, $R91, $O$3:$O$885) -> 284.6675 | U91: Dyna Flo 9-2-7YM3 | V91: 284.6675
B92: PARKER, JERROD | C92: 04 | D92: CHAVEZJOR | E92: JOSE' CHAV- COD | F92: =DATE(2022,10,10) -> 44844 | G92: =+MONTH(F92) -> 10 | H92: =+YEAR(F92) -> 2022 | I92: Invoice | J92: 95954 | K92: MAC927YM1 | L92: Dyna Flo 9-2-7YM1 | M92: TON | N92: =+LEFT(M92,3) -> TON | O92: 0.15 | Q92: =K92 -> MAC927YM1 | R92: =L92 -> Dyna Flo 9-2-7YM1 | S92: =SUMIF($R$3:$R$885, $R92, $O$3:$O$885) -> 2.525 | U92: Dyna Flo 9-2-7YM1 | V92: 2.525
B93: PARKER, JERROD | C93: 04 | D93: ELIASCEDILLO | E93: TRAPNELL | F93: =DATE(2022,10,10) -> 44844 | G93: =+MONTH(F93) -> 10 | H93: =+YEAR(F93) -> 2022 | I93: Invoice | J93: 95956 | K93: MAC927YM3 | L93: Dyna Flo 9-2-7YM3 | M93: TON | N93: =+LEFT(M93,3) -> TON | O93: 1.25 | Q93: =K93 -> MAC927YM3 | R93: =L93 -> Dyna Flo 9-2-7YM3 | S93: =SUMIF($R$3:$R$885, $R93, $O$3:$O$885) -> 284.6675 | U93: Dyna Flo 9-2-7YM3 | V93: 284.6675
B94: PARKER, JERROD | C94: 04 | D94: GILLMANBUDD | E94: FORBES | F94: =DATE(2022,10,10) -> 44844 | G94: =+MONTH(F94) -> 10 | H94: =+YEAR(F94) -> 2022 | I94: Invoice | J94: 95957 | K94: MAC927YM3 | L94: Dyna Flo 9-2-7YM3 | M94: TON | N94: =+LEFT(M94,3) -> TON | O94: 7.7575 | Q94: =K94 -> MAC927YM3 | R94: =L94 -> Dyna Flo 9-2-7YM3 | S94: =SUMIF($R$3:$R$885, $R94, $O$3:$O$885) -> 284.6675 | U94: Dyna Flo 9-2-7YM3 | V94: 284.6675
B95: PARKER, JERROD | C95: 04 | D95: JOSEHERN | E95: TRAPNELL RD/E | F95: =DATE(2022,10,10) -> 44844 | G95: =+MONTH(F95) -> 10 | H95: =+YEAR(F95) -> 2022 | I95: Invoice | J95: 95958 | K95: MAC927YM3 | L95: Dyna Flo 9-2-7YM3 | M95: TON | N95: =+LEFT(M95,3) -> TON | O95: 1.9975 | Q95: =K95 -> MAC927YM3 | R95: =L95 -> Dyna Flo 9-2-7YM3 | S95: =SUMIF($R$3:$R$885, $R95, $O$3:$O$885) -> 284.6675 | U95: Dyna Flo 9-2-7YM3 | V95: 284.6675
B96: PARKER, JERROD | C96: 04 | D96: FANCYFAR | E96: FUTCH LOOP-CTR. | F96: =DATE(2022,10,11) -> 44845 | G96: =+MONTH(F96) -> 10 | H96: =+YEAR(F96) -> 2022 | I96: Invoice | J96: 95959 | K96: MAC528YM1 | L96: Dyna Flo 5-2-8YM1 | M96: TON | N96: =+LEFT(M96,3) -> TON | O96: 15.005 | Q96: =K96 -> MAC528YM1 | R96: =L96 -> Dyna Flo 5-2-8YM1 | S96: =SUMIF($R$3:$R$885, $R96, $O$3:$O$885) -> 30.005 | U96: Dyna Flo 5-2-8YM1 | V96: 30.005
B97: PARKER, JERROD | C97: 04 | D97: SWEETLIFE | E97: SWINDLES | F97: =DATE(2022,10,11) -> 44845 | G97: =+MONTH(F97) -> 10 | H97: =+YEAR(F97) -> 2022 | I97: Invoice | J97: 95962 | K97: MAC428YM8 | L97: Dyna Flo 4-2-8YM8 | M97: TON | N97: =+LEFT(M97,3) -> TON | O97: 15 | Q97: =K97 -> MAC428YM8 | R97: =L97 -> Dyna Flo 4-2-8YM8 | S97: =SUMIF($R$3:$R$885, $R97, $O$3:$O$885) -> 517.7395 | U97: Dyna Flo 4-2-8YM8 | V97: 517.7395
B98: PARKER, JERROD | C98: 04 | D98: VENTURAFARMS | E98: MAIN | F98: =DATE(2022,10,11) -> 44845 | G98: =+MONTH(F98) -> 10 | H98: =+YEAR(F98) -> 2022 | I98: Invoice | J98: 95963 | K98: MAC2510XD | L98: Dyna Flo 2-5-10 XD | M98: TON | N98: =+LEFT(M98,3) -> TON | O98: 0.275 | Q98: =K98 -> MAC2510XD | R98: =L98 -> Dyna Flo 2-5-10 XD | S98: =SUMIF($R$3:$R$885, $R98, $O$3:$O$885) -> 5.525 | U98: Dyna Flo 2-5-10 XD | V98: 5.525
B99: PARKER, JERROD | C99: 04 | D99: MERCEDCH | E99: FORBES | F99: =DATE(2022,10,11) -> 44845 | G99: =+MONTH(F99) -> 10 | H99: =+YEAR(F99) -> 2022 | I99: Invoice | J99: 95964 | K99: MAC1046YM | L99: Dyna Flo 10-4-6 YM | M99: TON | N99: =+LEFT(M99,3) -> TON | O99: 5 | Q99: =K99 -> MAC1046YM | R99: =L99 -> Dyna Flo 10-4-6 YM | S99: =SUMIF($R$3:$R$885, $R99, $O$3:$O$885) -> 5 | U99: Dyna Flo 10-4-6 YM | V99: 5
B100: PARKER, JERROD | C100: 04 | D100: JOEPENA | E100: HWY 92 | F100: =DATE(2022,10,11) -> 44845 | G100: =+MONTH(F100) -> 10 | H100: =+YEAR(F100) -> 2022 | I100: Invoice | J100: 95965 | K100: MAC608YB5 | L100: Dyna Flo 6-0-8 YB5 | M100: TON | N100: =+LEFT(M100,3) -> TON | O100: 2 | Q100: =K100 -> MAC608YB5 | R100: =L100 -> Dyna Flo 6-0-8 YB5 | S100: =SUMIF($R$3:$R$885, $R100, $O$3:$O$885) -> 78.175 | U100: Dyna Flo 6-0-8 YB5 | V100: 78.175
B101: PARKER, JERROD | C101: 04 | D101: IFASGULF | E101: BALM-STRAWBERRY | F101: =DATE(2022,10,12) -> 44846 | G101: =+MONTH(F101) -> 10 | H101: =+YEAR(F101) -> 2022 | I101: Invoice | J101: 95970 | K101: MAC528YZ | L101: Dyna Flo 5-2-8 YZ | M101: TON | N101: =+LEFT(M101,3) -> TON | O101: 7.4925 | Q101: =K101 -> MAC528YZ | R101: =L101 -> Dyna Flo 5-2-8 YZ | S101: =SUMIF($R$3:$R$885, $R101, $O$3:$O$885) -> 395.4075 | U101: Dyna Flo 5-2-8 YZ | V101: 395.4075
...

Sheet Sheet3
D2: OCT | E2: Nov | F2: Dec | G2: Jan | H2: Feb | I2: March | J2: April | K2: May | L2: June | M2: July | N2: Aug | O2: Sep
D3: 10 | E3: 11 | F3: 12 | G3: 1 | H3: =G3+1 -> 2 | I3: =H3+1 -> 3 | J3: =I3+1 -> 4 | K3: =J3+1 -> 5 | L3: =K3+1 -> 6 | M3: =L3+1 -> 7 | N3: =M3+1 -> 8 | O3: =N3+1 -> 9
C4: Thrive 8-21-6
C5: FLO821602 | D5: =SUMIFS(Sheet1!$O3:$O8885,Sheet1!$K3:$K8885,Sheet3!$C5,Sheet1!$G3:$G8885,Sheet3!D$3)/3/2/IF(RIGHT(TRIM(Sheet3!$C5),3)="250",250, IF(RIGHT(TRIM(Sheet3!$C5),2)="02",180,1)) -> 0 | E5: =SUMIFS(Sheet1!$O3:$O8885,Sheet1!$K3:$K8885,Sheet3!$C5,Sheet1!$G3:$G8885,Sheet3!E$3)/3/2/IF(RIGHT(TRIM(Sheet3!$C5),3)="250",250, IF(RIGHT(TRIM(Sheet3!$C5),2)="02",180,1)) -> 0 | F5: =SUMIFS(Sheet1!$O3:$O8885,Sheet1!$K3:$K8885,Sheet3!$C5,Sheet1!$G3:$G8885,Sheet3!F$3)/3/2/IF(RIGHT(TRIM(Sheet3!$C5),3)="250",250, IF(RIGHT(TRIM(Sheet3!$C5),2)="02",180,1)) -> 3.4351852 | G5: =SUMIFS(Sheet1!$O3:$O8885,Sheet1!$K3:$K8885,Sheet3!$C5,Sheet1!$G3:$G8885,Sheet3!G$3)/3/2/IF(RIGHT(TRIM(Sheet3!$C5),3)="250",250, IF(RIGHT(TRIM(Sheet3!$C5),2)="02",180,1)) -> 13.333333 | H5: =SUMIFS(Sheet1!$O3:$O8885,Sheet1!$K3:$K8885,Sheet3!$C5,Sheet1!$G3:$G8885,Sheet3!H$3)/3/2/IF(RIGHT(TRIM(Sheet3!$C5),3)="250",250, IF(RIGHT(TRIM(Sheet3!$C5),2)="02",180,1)) -> 30 | I5: =SUMIFS(Sheet1!$O3:$O8885,Sheet1!$K3:$K8885,Sheet3!$C5,Sheet1!$G3:$G8885,Sheet3!I$3)/3/2/IF(RIGHT(TRIM(Sheet3!$C5),3)="250",250, IF(RIGHT(TRIM(Sheet3!$C5),2)="02",180,1)) -> 20 | J5: =SUMIFS(Sheet1!$O3:$O8885,Sheet1!$K3:$K8885,Sheet3!$C5,Sheet1!$G3:$G8885,Sheet3!J$3)/3/2/IF(RIGHT(TRIM(Sheet3!$C5),3)="250",250, IF(RIGHT(TRIM(Sheet3!$C5),2)="02",180,1)) -> 0 | K5: =SUMIFS(Sheet1!$O3:$O8885,Sheet1!$K3:$K8885,Sheet3!$C5,Sheet1!$G3:$G8885,Sheet3!K$3)/3/2/IF(RIGHT(TRIM(Sheet3!$C5),3)="250",250, IF(RIGHT(TRIM(Sheet3!$C5),2)="02",180,1)) -> 0 | ... O5: =SUMIFS(Sheet1!$O3:$O8885,Sheet1!$K3:$K8885,Sheet3!$C5,Sheet1!$G3:$G8885,Sheet3!O$3)/3/2/IF(RIGHT(TRIM(Sheet3!$C5),3)="250",250, IF(RIGHT(TRIM(Sheet3!$C5),2)="02",180,1)) -> 0
C6: FLO8216250 | D6: =SUMIFS(Sheet1!$O4:$O8886,Sheet1!$K4:$K8886,Sheet3!$C6,Sheet1!$G4:$G8886,Sheet3!D$3)/3/2/IF(RIGHT(TRIM(Sheet3!$C6),3)="250",250, IF(RIGHT(TRIM(Sheet3!$C6),2)="02",180,1)) -> 0 | E6: =SUMIFS(Sheet1!$O4:$O8886,Sheet1!$K4:$K8886,Sheet3!$C6,Sheet1!$G4:$G8886,Sheet3!E$3)/3/2/IF(RIGHT(TRIM(Sheet3!$C6),3)="250",250, IF(RIGHT(TRIM(Sheet3!$C6),2)="02",180,1)) -> 4.9466667 | F6: =SUMIFS(Sheet1!$O4:$O8886,Sheet1!$K4:$K8886,Sheet3!$C6,Sheet1!$G4:$G8886,Sheet3!F$3)/3/2/IF(RIGHT(TRIM(Sheet3!$C6),3)="250",250, IF(RIGHT(TRIM(Sheet3!$C6),2)="02",180,1)) -> 19.786667 | G6: =SUMIFS(Sheet1!$O4:$O8886,Sheet1!$K4:$K8886,Sheet3!$C6,Sheet1!$G4:$G8886,Sheet3!G$3)/3/2/IF(RIGHT(TRIM(Sheet3!$C6),3)="250",250, IF(RIGHT(TRIM(Sheet3!$C6),2)="02",180,1)) -> 29.68 | H6: =SUMIFS(Sheet1!$O4:$O8886,Sheet1!$K4:$K8886,Sheet3!$C6,Sheet1!$G4:$G8886,Sheet3!H$3)/3/2/IF(RIGHT(TRIM(Sheet3!$C6),3)="250",250, IF(RIGHT(TRIM(Sheet3!$C6),2)="02",180,1)) -> 7.42 | I6: =SUMIFS(Sheet1!$O4:$O8886,Sheet1!$K4:$K8886,Sheet3!$C6,Sheet1!$G4:$G8886,Sheet3!I$3)/3/2/IF(RIGHT(TRIM(Sheet3!$C6),3)="250",250, IF(RIGHT(TRIM(Sheet3!$C6),2)="02",180,1)) -> 19.786667 | J6: =SUMIFS(Sheet1!$O4:$O8886,Sheet1!$K4:$K8886,Sheet3!$C6,Sheet1!$G4:$G8886,Sheet3!J$3)/3/2/IF(RIGHT(TRIM(Sheet3!$C6),3)="250",250, IF(RIGHT(TRIM(Sheet3!$C6),2)="02",180,1)) -> 7.42 | K6: =SUMIFS(Sheet1!$O4:$O8886,Sheet1!$K4:$K8886,Sheet3!$C6,Sheet1!$G4:$G8886,Sheet3!K$3)/3/2/IF(RIGHT(TRIM(Sheet3!$C6),3)="250",250, IF(RIGHT(TRIM(Sheet3!$C6),2)="02",180,1)) -> 0 | ... O6: =SUMIFS(Sheet1!$O4:$O8886,Sheet1!$K4:$K8886,Sheet3!$C6,Sheet1!$G4:$G8886,Sheet3!O$3)/3/2/IF(RIGHT(TRIM(Sheet3!$C6),3)="250",250, IF(RIGHT(TRIM(Sheet3!$C6),2)="02",180,1)) -> 0
C7: Top Side Liquid Boron
C8: TRITOPS02 | D8: =SUMIFS(Sheet1!$O6:$O8888,Sheet1!$K6:$K8888,Sheet3!$C8,Sheet1!$G6:$G8888,Sheet3!D$3)/3/2/IF(RIGHT(TRIM(Sheet3!$C8),3)="250",250, IF(RIGHT(TRIM(Sheet3!$C8),2)="02",180,1)) -> 0 | E8: =SUMIFS(Sheet1!$O6:$O8888,Sheet1!$K6:$K8888,Sheet3!$C8,Sheet1!$G6:$G8888,Sheet3!E$3)/3/2/IF(RIGHT(TRIM(Sheet3!$C8),3)="250",250, IF(RIGHT(TRIM(Sheet3!$C8),2)="02",180,1)) -> 0 | F8: =SUMIFS(Sheet1!$O6:$O8888,Sheet1!$K6:$K8888,Sheet3!$C8,Sheet1!$G6:$G8888,Sheet3!F$3)/3/2/IF(RIGHT(TRIM(Sheet3!$C8),3)="250",250, IF(RIGHT(TRIM(Sheet3!$C8),2)="02",180,1)) -> 0 | G8: =SUMIFS(Sheet1!$O6:$O8888,Sheet1!$K6:$K8888,Sheet3!$C8,Sheet1!$G6:$G8888,Sheet3!G$3)/3/2/IF(RIGHT(TRIM(Sheet3!$C8),3)="250",250, IF(RIGHT(TRIM(Sheet3!$C8),2)="02",180,1)) -> 0 | H8: =SUMIFS(Sheet1!$O6:$O8888,Sheet1!$K6:$K8888,Sheet3!$C8,Sheet1!$G6:$G8888,Sheet3!H$3)/3/2/IF(RIGHT(TRIM(Sheet3!$C8),3)="250",250, IF(RIGHT(TRIM(Sheet3!$C8),2)="02",180,1)) -> 0 | I8: =SUMIFS(Sheet1!$O6:$O8888,Sheet1!$K6:$K8888,Sheet3!$C8,Sheet1!$G6:$G8888,Sheet3!I$3)/3/2/IF(RIGHT(TRIM(Sheet3!$C8),3)="250",250, IF(RIGHT(TRIM(Sheet3!$C8),2)="02",180,1)) -> 9.3333333 | J8: =SUMIFS(Sheet1!$O6:$O8888,Sheet1!$K6:$K8888,Sheet3!$C8,Sheet1!$G6:$G8888,Sheet3!J$3)/3/2/IF(RIGHT(TRIM(Sheet3!$C8),3)="250",250, IF(RIGHT(TRIM(Sheet3!$C8),2)="02",180,1)) -> 31.333333 | K8: =SUMIFS(Sheet1!$O6:$O8888,Sheet1!$K6:$K8888,Sheet3!$C8,Sheet1!$G6:$G8888,Sheet3!K$3)/3/2/IF(RIGHT(TRIM(Sheet3!$C8),3)="250",250, IF(RIGHT(TRIM(Sheet3!$C8),2)="02",180,1)) -> 0 | ... O8: =SUMIFS(Sheet1!$O6:$O8888,Sheet1!$K6:$K8888,Sheet3!$C8,Sheet1!$G6:$G8888,Sheet3!O$3)/3/2/IF(RIGHT(TRIM(Sheet3!$C8),3)="250",250, IF(RIGHT(TRIM(Sheet3!$C8),2)="02",180,1)) -> 0
C9: TRITOPS250 | D9: =SUMIFS(Sheet1!$O7:$O8889,Sheet1!$K7:$K8889,Sheet3!$C9,Sheet1!$G7:$G8889,Sheet3!D$3)/3/2/IF(RIGHT(TRIM(Sheet3!$C9),3)="250",250, IF(RIGHT(TRIM(Sheet3!$C9),2)="02",180,1)) -> 0 | E9: =SUMIFS(Sheet1!$O7:$O8889,Sheet1!$K7:$K8889,Sheet3!$C9,Sheet1!$G7:$G8889,Sheet3!E$3)/3/2/IF(RIGHT(TRIM(Sheet3!$C9),3)="250",250, IF(RIGHT(TRIM(Sheet3!$C9),2)="02",180,1)) -> 0 | F9: =SUMIFS(Sheet1!$O7:$O8889,Sheet1!$K7:$K8889,Sheet3!$C9,Sheet1!$G7:$G8889,Sheet3!F$3)/3/2/IF(RIGHT(TRIM(Sheet3!$C9),3)="250",250, IF(RIGHT(TRIM(Sheet3!$C9),2)="02",180,1)) -> 0 | G9: =SUMIFS(Sheet1!$O7:$O8889,Sheet1!$K7:$K8889,Sheet3!$C9,Sheet1!$G7:$G8889,Sheet3!G$3)/3/2/IF(RIGHT(TRIM(Sheet3!$C9),3)="250",250, IF(RIGHT(TRIM(Sheet3!$C9),2)="02",180,1)) -> 0 | H9: =SUMIFS(Sheet1!$O7:$O8889,Sheet1!$K7:$K8889,Sheet3!$C9,Sheet1!$G7:$G8889,Sheet3!H$3)/3/2/IF(RIGHT(TRIM(Sheet3!$C9),3)="250",250, IF(RIGHT(TRIM(Sheet3!$C9),2)="02",180,1)) -> 0 | I9: =SUMIFS(Sheet1!$O7:$O8889,Sheet1!$K7:$K8889,Sheet3!$C9,Sheet1!$G7:$G8889,Sheet3!I$3)/3/2/IF(RIGHT(TRIM(Sheet3!$C9),3)="250",250, IF(RIGHT(TRIM(Sheet3!$C9),2)="02",180,1)) -> 3.8333333 | J9: =SUMIFS(Sheet1!$O7:$O8889,Sheet1!$K7:$K8889,Sheet3!$C9,Sheet1!$G7:$G8889,Sheet3!J$3)/3/2/IF(RIGHT(TRIM(Sheet3!$C9),3)="250",250, IF(RIGHT(TRIM(Sheet3!$C9),2)="02",180,1)) -> 13.333333 | K9: =SUMIFS(Sheet1!$O7:$O8889,Sheet1!$K7:$K8889,Sheet3!$C9,Sheet1!$G7:$G8889,Sheet3!K$3)/3/2/IF(RIGHT(TRIM(Sheet3!$C9),3)="250",250, IF(RIGHT(TRIM(Sheet3!$C9),2)="02",180,1)) -> 16.333333 | ... O9: =SUMIFS(Sheet1!$O7:$O8889,Sheet1!$K7:$K8889,Sheet3!$C9,Sheet1!$G7:$G8889,Sheet3!O$3)/3/2/IF(RIGHT(TRIM(Sheet3!$C9),3)="250",250, IF(RIGHT(TRIM(Sheet3!$C9),2)="02",180,1)) -> 0
C10: Citra Guard XP
C11: GRO131161902 | D11: =SUMIFS(Sheet1!$O9:$O8891,Sheet1!$K9:$K8891,Sheet3!$C11,Sheet1!$G9:$G8891,Sheet3!D$3)/3/2/IF(RIGHT(TRIM(Sheet3!$C11),3)="250",250, IF(RIGHT(TRIM(Sheet3!$C11),2)="02",180,1)) -> 0.060185185 | E11: =SUMIFS(Sheet1!$O9:$O8891,Sheet1!$K9:$K8891,Sheet3!$C11,Sheet1!$G9:$G8891,Sheet3!E$3)/3/2/IF(RIGHT(TRIM(Sheet3!$C11),3)="250",250, IF(RIGHT(TRIM(Sheet3!$C11),2)="02",180,1)) -> 0 | F11: =SUMIFS(Sheet1!$O9:$O8891,Sheet1!$K9:$K8891,Sheet3!$C11,Sheet1!$G9:$G8891,Sheet3!F$3)/3/2/IF(RIGHT(TRIM(Sheet3!$C11),3)="250",250, IF(RIGHT(TRIM(Sheet3!$C11),2)="02",180,1)) -> 0.018518519 | G11: =SUMIFS(Sheet1!$O9:$O8891,Sheet1!$K9:$K8891,Sheet3!$C11,Sheet1!$G9:$G8891,Sheet3!G$3)/3/2/IF(RIGHT(TRIM(Sheet3!$C11),3)="250",250, IF(RIGHT(TRIM(Sheet3!$C11),2)="02",180,1)) -> 0 | H11: =SUMIFS(Sheet1!$O9:$O8891,Sheet1!$K9:$K8891,Sheet3!$C11,Sheet1!$G9:$G8891,Sheet3!H$3)/3/2/IF(RIGHT(TRIM(Sheet3!$C11),3)="250",250, IF(RIGHT(TRIM(Sheet3!$C11),2)="02",180,1)) -> 0.087962963 | I11: =SUMIFS(Sheet1!$O9:$O8891,Sheet1!$K9:$K8891,Sheet3!$C11,Sheet1!$G9:$G8891,Sheet3!I$3)/3/2/IF(RIGHT(TRIM(Sheet3!$C11),3)="250",250, IF(RIGHT(TRIM(Sheet3!$C11),2)="02",180,1)) -> 0 | J11: =SUMIFS(Sheet1!$O9:$O8891,Sheet1!$K9:$K8891,Sheet3!$C11,Sheet1!$G9:$G8891,Sheet3!J$3)/3/2/IF(RIGHT(TRIM(Sheet3!$C11),3)="250",250, IF(RIGHT(TRIM(Sheet3!$C11),2)="02",180,1)) -> 0 | K11: =SUMIFS(Sheet1!$O9:$O8891,Sheet1!$K9:$K8891,Sheet3!$C11,Sheet1!$G9:$G8891,Sheet3!K$3)/3/2/IF(RIGHT(TRIM(Sheet3!$C11),3)="250",250, IF(RIGHT(TRIM(Sheet3!$C11),2)="02",180,1)) -> 0 | ... O11: =SUMIFS(Sheet1!$O9:$O8891,Sheet1!$K9:$K8891,Sheet3!$C11,Sheet1!$G9:$G8891,Sheet3!O$3)/3/2/IF(RIGHT(TRIM(Sheet3!$C11),3)="250",250, IF(RIGHT(TRIM(Sheet3!$C11),2)="02",180,1)) -> 0.023148148
C12: GRO1311619250 | D12: =SUMIFS(Sheet1!$O10:$O8892,Sheet1!$K10:$K8892,Sheet3!$C12,Sheet1!$G10:$G8892,Sheet3!D$3)/3/2/IF(RIGHT(TRIM(Sheet3!$C12),3)="250",250, IF(RIGHT(TRIM(Sheet3!$C12),2)="02",180,1)) -> 0.16666667 | E12: =SUMIFS(Sheet1!$O10:$O8892,Sheet1!$K10:$K8892,Sheet3!$C12,Sheet1!$G10:$G8892,Sheet3!E$3)/3/2/IF(RIGHT(TRIM(Sheet3!$C12),3)="250",250, IF(RIGHT(TRIM(Sheet3!$C12),2)="02",180,1)) -> 2 | F12: =SUMIFS(Sheet1!$O10:$O8892,Sheet1!$K10:$K8892,Sheet3!$C12,Sheet1!$G10:$G8892,Sheet3!F$3)/3/2/IF(RIGHT(TRIM(Sheet3!$C12),3)="250",250, IF(RIGHT(TRIM(Sheet3!$C12),2)="02",180,1)) -> 0.5 | G12: =SUMIFS(Sheet1!$O10:$O8892,Sheet1!$K10:$K8892,Sheet3!$C12,Sheet1!$G10:$G8892,Sheet3!G$3)/3/2/IF(RIGHT(TRIM(Sheet3!$C12),3)="250",250, IF(RIGHT(TRIM(Sheet3!$C12),2)="02",180,1)) -> 2.8333333 | H12: =SUMIFS(Sheet1!$O10:$O8892,Sheet1!$K10:$K8892,Sheet3!$C12,Sheet1!$G10:$G8892,Sheet3!H$3)/3/2/IF(RIGHT(TRIM(Sheet3!$C12),3)="250",250, IF(RIGHT(TRIM(Sheet3!$C12),2)="02",180,1)) -> 4.0333333 | I12: =SUMIFS(Sheet1!$O10:$O8892,Sheet1!$K10:$K8892,Sheet3!$C12,Sheet1!$G10:$G8892,Sheet3!I$3)/3/2/IF(RIGHT(TRIM(Sheet3!$C12),3)="250",250, IF(RIGHT(TRIM(Sheet3!$C12),2)="02",180,1)) -> 3.5333333 | J12: =SUMIFS(Sheet1!$O10:$O8892,Sheet1!$K10:$K8892,Sheet3!$C12,Sheet1!$G10:$G8892,Sheet3!J$3)/3/2/IF(RIGHT(TRIM(Sheet3!$C12),3)="250",250, IF(RIGHT(TRIM(Sheet3!$C12),2)="02",180,1)) -> 5.3333333 | K12: =SUMIFS(Sheet1!$O10:$O8892,Sheet1!$K10:$K8892,Sheet3!$C12,Sheet1!$G10:$G8892,Sheet3!K$3)/3/2/IF(RIGHT(TRIM(Sheet3!$C12),3)="250",250, IF(RIGHT(TRIM(Sheet3!$C12),2)="02",180,1)) -> 4.5 | ... O12: =SUMIFS(Sheet1!$O10:$O8892,Sheet1!$K10:$K8892,Sheet3!$C12,Sheet1!$G10:$G8892,Sheet3!O$3)/3/2/IF(RIGHT(TRIM(Sheet3!$C12),3)="250",250, IF(RIGHT(TRIM(Sheet3!$C12),2)="02",180,1)) -> 0.5
C13: Soar Bloom Spray
C14: SOARBLM250 | D14: =SUMIFS(Sheet1!$O12:$O8894,Sheet1!$K12:$K8894,Sheet3!$C14,Sheet1!$G12:$G8894,Sheet3!D$3)/3/2/IF(RIGHT(TRIM(Sheet3!$C14),3)="250",250, IF(RIGHT(TRIM(Sheet3!$C14),2)="02",180,1)) -> 0 | E14: =SUMIFS(Sheet1!$O12:$O8894,Sheet1!$K12:$K8894,Sheet3!$C14,Sheet1!$G12:$G8894,Sheet3!E$3)/3/2/IF(RIGHT(TRIM(Sheet3!$C14),3)="250",250, IF(RIGHT(TRIM(Sheet3!$C14),2)="02",180,1)) -> 0 | F14: =SUMIFS(Sheet1!$O12:$O8894,Sheet1!$K12:$K8894,Sheet3!$C14,Sheet1!$G12:$G8894,Sheet3!F$3)/3/2/IF(RIGHT(TRIM(Sheet3!$C14),3)="250",250, IF(RIGHT(TRIM(Sheet3!$C14),2)="02",180,1)) -> 0.16666667 | G14: =SUMIFS(Sheet1!$O12:$O8894,Sheet1!$K12:$K8894,Sheet3!$C14,Sheet1!$G12:$G8894,Sheet3!G$3)/3/2/IF(RIGHT(TRIM(Sheet3!$C14),3)="250",250, IF(RIGHT(TRIM(Sheet3!$C14),2)="02",180,1)) -> 3 | H14: =SUMIFS(Sheet1!$O12:$O8894,Sheet1!$K12:$K8894,Sheet3!$C14,Sheet1!$G12:$G8894,Sheet3!H$3)/3/2/IF(RIGHT(TRIM(Sheet3!$C14),3)="250",250, IF(RIGHT(TRIM(Sheet3!$C14),2)="02",180,1)) -> 9.3333333 | I14: =SUMIFS(Sheet1!$O12:$O8894,Sheet1!$K12:$K8894,Sheet3!$C14,Sheet1!$G12:$G8894,Sheet3!I$3)/3/2/IF(RIGHT(TRIM(Sheet3!$C14),3)="250",250, IF(RIGHT(TRIM(Sheet3!$C14),2)="02",180,1)) -> 4.8333333 | J14: =SUMIFS(Sheet1!$O12:$O8894,Sheet1!$K12:$K8894,Sheet3!$C14,Sheet1!$G12:$G8894,Sheet3!J$3)/3/2/IF(RIGHT(TRIM(Sheet3!$C14),3)="250",250, IF(RIGHT(TRIM(Sheet3!$C14),2)="02",180,1)) -> 1.8533333 | K14: =SUMIFS(Sheet1!$O12:$O8894,Sheet1!$K12:$K8894,Sheet3!$C14,Sheet1!$G12:$G8894,Sheet3!K$3)/3/2/IF(RIGHT(TRIM(Sheet3!$C14),3)="250",250, IF(RIGHT(TRIM(Sheet3!$C14),2)="02",180,1)) -> 1 | ... O14: =SUMIFS(Sheet1!$O12:$O8894,Sheet1!$K12:$K8894,Sheet3!$C14,Sheet1!$G12:$G8894,Sheet3!O$3)/3/2/IF(RIGHT(TRIM(Sheet3!$C14),3)="250",250, IF(RIGHT(TRIM(Sheet3!$C14),2)="02",180,1)) -> 0
C15: SOARBLM02 | D15: =SUMIFS(Sheet1!$O13:$O8895,Sheet1!$K13:$K8895,Sheet3!$C15,Sheet1!$G13:$G8895,Sheet3!D$3)/3/2/IF(RIGHT(TRIM(Sheet3!$C15),3)="250",250, IF(RIGHT(TRIM(Sheet3!$C15),2)="02",180,1)) -> 2.1851852 | E15: =SUMIFS(Sheet1!$O13:$O8895,Sheet1!$K13:$K8895,Sheet3!$C15,Sheet1!$G13:$G8895,Sheet3!E$3)/3/2/IF(RIGHT(TRIM(Sheet3!$C15),3)="250",250, IF(RIGHT(TRIM(Sheet3!$C15),2)="02",180,1)) -> 3.462963 | F15: =SUMIFS(Sheet1!$O13:$O8895,Sheet1!$K13:$K8895,Sheet3!$C15,Sheet1!$G13:$G8895,Sheet3!F$3)/3/2/IF(RIGHT(TRIM(Sheet3!$C15),3)="250",250, IF(RIGHT(TRIM(Sheet3!$C15),2)="02",180,1)) -> 5.1527778 | G15: =SUMIFS(Sheet1!$O13:$O8895,Sheet1!$K13:$K8895,Sheet3!$C15,Sheet1!$G13:$G8895,Sheet3!G$3)/3/2/IF(RIGHT(TRIM(Sheet3!$C15),3)="250",250, IF(RIGHT(TRIM(Sheet3!$C15),2)="02",180,1)) -> 8.2152778 | H15: =SUMIFS(Sheet1!$O13:$O8895,Sheet1!$K13:$K8895,Sheet3!$C15,Sheet1!$G13:$G8895,Sheet3!H$3)/3/2/IF(RIGHT(TRIM(Sheet3!$C15),3)="250",250, IF(RIGHT(TRIM(Sheet3!$C15),2)="02",180,1)) -> 9.3564815 | I15: =SUMIFS(Sheet1!$O13:$O8895,Sheet1!$K13:$K8895,Sheet3!$C15,Sheet1!$G13:$G8895,Sheet3!I$3)/3/2/IF(RIGHT(TRIM(Sheet3!$C15),3)="250",250, IF(RIGHT(TRIM(Sheet3!$C15),2)="02",180,1)) -> 9.8888889 | J15: =SUMIFS(Sheet1!$O13:$O8895,Sheet1!$K13:$K8895,Sheet3!$C15,Sheet1!$G13:$G8895,Sheet3!J$3)/3/2/IF(RIGHT(TRIM(Sheet3!$C15),3)="250",250, IF(RIGHT(TRIM(Sheet3!$C15),2)="02",180,1)) -> 9.5509259 | K15: =SUMIFS(Sheet1!$O13:$O8895,Sheet1!$K13:$K8895,Sheet3!$C15,Sheet1!$G13:$G8895,Sheet3!K$3)/3/2/IF(RIGHT(TRIM(Sheet3!$C15),3)="250",250, IF(RIGHT(TRIM(Sheet3!$C15),2)="02",180,1)) -> 1.6967593 | ... O15: =SUMIFS(Sheet1!$O13:$O8895,Sheet1!$K13:$K8895,Sheet3!$C15,Sheet1!$G13:$G8895,Sheet3!O$3)/3/2/IF(RIGHT(TRIM(Sheet3!$C15),3)="250",250, IF(RIGHT(TRIM(Sheet3!$C15),2)="02",180,1)) -> 2.0648148
C16: Soar Citrus Mix
C17: SOARCIT250 | D17: =SUMIFS(Sheet1!$O15:$O8897,Sheet1!$K15:$K8897,Sheet3!$C17,Sheet1!$G15:$G8897,Sheet3!D$3)/3/2/IF(RIGHT(TRIM(Sheet3!$C17),3)="250",250, IF(RIGHT(TRIM(Sheet3!$C17),2)="02",180,1)) -> 0 | E17: =SUMIFS(Sheet1!$O15:$O8897,Sheet1!$K15:$K8897,Sheet3!$C17,Sheet1!$G15:$G8897,Sheet3!E$3)/3/2/IF(RIGHT(TRIM(Sheet3!$C17),3)="250",250, IF(RIGHT(TRIM(Sheet3!$C17),2)="02",180,1)) -> 0 | F17: =SUMIFS(Sheet1!$O15:$O8897,Sheet1!$K15:$K8897,Sheet3!$C17,Sheet1!$G15:$G8897,Sheet3!F$3)/3/2/IF(RIGHT(TRIM(Sheet3!$C17),3)="250",250, IF(RIGHT(TRIM(Sheet3!$C17),2)="02",180,1)) -> 0 | G17: =SUMIFS(Sheet1!$O15:$O8897,Sheet1!$K15:$K8897,Sheet3!$C17,Sheet1!$G15:$G8897,Sheet3!G$3)/3/2/IF(RIGHT(TRIM(Sheet3!$C17),3)="250",250, IF(RIGHT(TRIM(Sheet3!$C17),2)="02",180,1)) -> 0 | H17: =SUMIFS(Sheet1!$O15:$O8897,Sheet1!$K15:$K8897,Sheet3!$C17,Sheet1!$G15:$G8897,Sheet3!H$3)/3/2/IF(RIGHT(TRIM(Sheet3!$C17),3)="250",250, IF(RIGHT(TRIM(Sheet3!$C17),2)="02",180,1)) -> 1 | I17: =SUMIFS(Sheet1!$O15:$O8897,Sheet1!$K15:$K8897,Sheet3!$C17,Sheet1!$G15:$G8897,Sheet3!I$3)/3/2/IF(RIGHT(TRIM(Sheet3!$C17),3)="250",250, IF(RIGHT(TRIM(Sheet3!$C17),2)="02",180,1)) -> 2.3333333 | J17: =SUMIFS(Sheet1!$O15:$O8897,Sheet1!$K15:$K8897,Sheet3!$C17,Sheet1!$G15:$G8897,Sheet3!J$3)/3/2/IF(RIGHT(TRIM(Sheet3!$C17),3)="250",250, IF(RIGHT(TRIM(Sheet3!$C17),2)="02",180,1)) -> 3 | K17: =SUMIFS(Sheet1!$O15:$O8897,Sheet1!$K15:$K8897,Sheet3!$C17,Sheet1!$G15:$G8897,Sheet3!K$3)/3/2/IF(RIGHT(TRIM(Sheet3!$C17),3)="250",250, IF(RIGHT(TRIM(Sheet3!$C17),2)="02",180,1)) -> 3.1666667 | ... O17: =SUMIFS(Sheet1!$O15:$O8897,Sheet1!$K15:$K8897,Sheet3!$C17,Sheet1!$G15:$G8897,Sheet3!O$3)/3/2/IF(RIGHT(TRIM(Sheet3!$C17),3)="250",250, IF(RIGHT(TRIM(Sheet3!$C17),2)="02",180,1)) -> 0.33333333
C18: SOARCIT02 | D18: =SUMIFS(Sheet1!$O16:$O8898,Sheet1!$K16:$K8898,Sheet3!$C18,Sheet1!$G16:$G8898,Sheet3!D$3)/3/2/IF(RIGHT(TRIM(Sheet3!$C18),3)="250",250, IF(RIGHT(TRIM(Sheet3!$C18),2)="02",180,1)) -> 0.33333333 | E18: =SUMIFS(Sheet1!$O16:$O8898,Sheet1!$K16:$K8898,Sheet3!$C18,Sheet1!$G16:$G8898,Sheet3!E$3)/3/2/IF(RIGHT(TRIM(Sheet3!$C18),3)="250",250, IF(RIGHT(TRIM(Sheet3!$C18),2)="02",180,1)) -> 0.027777778 | F18: =SUMIFS(Sheet1!$O16:$O8898,Sheet1!$K16:$K8898,Sheet3!$C18,Sheet1!$G16:$G8898,Sheet3!F$3)/3/2/IF(RIGHT(TRIM(Sheet3!$C18),3)="250",250, IF(RIGHT(TRIM(Sheet3!$C18),2)="02",180,1)) -> 0 | G18: =SUMIFS(Sheet1!$O16:$O8898,Sheet1!$K16:$K8898,Sheet3!$C18,Sheet1!$G16:$G8898,Sheet3!G$3)/3/2/IF(RIGHT(TRIM(Sheet3!$C18),3)="250",250, IF(RIGHT(TRIM(Sheet3!$C18),2)="02",180,1)) -> 0.19444444 | H18: =SUMIFS(Sheet1!$O16:$O8898,Sheet1!$K16:$K8898,Sheet3!$C18,Sheet1!$G16:$G8898,Sheet3!H$3)/3/2/IF(RIGHT(TRIM(Sheet3!$C18),3)="250",250, IF(RIGHT(TRIM(Sheet3!$C18),2)="02",180,1)) -> 0.375 | I18: =SUMIFS(Sheet1!$O16:$O8898,Sheet1!$K16:$K8898,Sheet3!$C18,Sheet1!$G16:$G8898,Sheet3!I$3)/3/2/IF(RIGHT(TRIM(Sheet3!$C18),3)="250",250, IF(RIGHT(TRIM(Sheet3!$C18),2)="02",180,1)) -> 4.2777778 | J18: =SUMIFS(Sheet1!$O16:$O8898,Sheet1!$K16:$K8898,Sheet3!$C18,Sheet1!$G16:$G8898,Sheet3!J$3)/3/2/IF(RIGHT(TRIM(Sheet3!$C18),3)="250",250, IF(RIGHT(TRIM(Sheet3!$C18),2)="02",180,1)) -> 6.3333333 | K18: =SUMIFS(Sheet1!$O16:$O8898,Sheet1!$K16:$K8898,Sheet3!$C18,Sheet1!$G16:$G8898,Sheet3!K$3)/3/2/IF(RIGHT(TRIM(Sheet3!$C18),3)="250",250, IF(RIGHT(TRIM(Sheet3!$C18),2)="02",180,1)) -> 7.212963 | ... O18: =SUMIFS(Sheet1!$O16:$O8898,Sheet1!$K16:$K8898,Sheet3!$C18,Sheet1!$G16:$G8898,Sheet3!O$3)/3/2/IF(RIGHT(TRIM(Sheet3!$C18),3)="250",250, IF(RIGHT(TRIM(Sheet3!$C18),2)="02",180,1)) -> 0.38888889
C19: Dyna Cal 10.25%
C20: SORCA02 | D20: =SUMIFS(Sheet1!$O18:$O8900,Sheet1!$K18:$K8900,Sheet3!$C20,Sheet1!$G18:$G8900,Sheet3!D$3)/3/2/IF(RIGHT(TRIM(Sheet3!$C20),3)="250",250, IF(RIGHT(TRIM(Sheet3!$C20),2)="02",180,1)) -> 0 | E20: =SUMIFS(Sheet1!$O18:$O8900,Sheet1!$K18:$K8900,Sheet3!$C20,Sheet1!$G18:$G8900,Sheet3!E$3)/3/2/IF(RIGHT(TRIM(Sheet3!$C20),3)="250",250, IF(RIGHT(TRIM(Sheet3!$C20),2)="02",180,1)) -> 0 | F20: =SUMIFS(Sheet1!$O18:$O8900,Sheet1!$K18:$K8900,Sheet3!$C20,Sheet1!$G18:$G8900,Sheet3!F$3)/3/2/IF(RIGHT(TRIM(Sheet3!$C20),3)="250",250, IF(RIGHT(TRIM(Sheet3!$C20),2)="02",180,1)) -> 0 | G20: =SUMIFS(Sheet1!$O18:$O8900,Sheet1!$K18:$K8900,Sheet3!$C20,Sheet1!$G18:$G8900,Sheet3!G$3)/3/2/IF(RIGHT(TRIM(Sheet3!$C20),3)="250",250, IF(RIGHT(TRIM(Sheet3!$C20),2)="02",180,1)) -> 0.0046296296 | H20: =SUMIFS(Sheet1!$O18:$O8900,Sheet1!$K18:$K8900,Sheet3!$C20,Sheet1!$G18:$G8900,Sheet3!H$3)/3/2/IF(RIGHT(TRIM(Sheet3!$C20),3)="250",250, IF(RIGHT(TRIM(Sheet3!$C20),2)="02",180,1)) -> 0 | I20: =SUMIFS(Sheet1!$O18:$O8900,Sheet1!$K18:$K8900,Sheet3!$C20,Sheet1!$G18:$G8900,Sheet3!I$3)/3/2/IF(RIGHT(TRIM(Sheet3!$C20),3)="250",250, IF(RIGHT(TRIM(Sheet3!$C20),2)="02",180,1)) -> 0.19444444 | J20: =SUMIFS(Sheet1!$O18:$O8900,Sheet1!$K18:$K8900,Sheet3!$C20,Sheet1!$G18:$G8900,Sheet3!J$3)/3/2/IF(RIGHT(TRIM(Sheet3!$C20),3)="250",250, IF(RIGHT(TRIM(Sheet3!$C20),2)="02",180,1)) -> 0.046296296 | K20: =SUMIFS(Sheet1!$O18:$O8900,Sheet1!$K18:$K8900,Sheet3!$C20,Sheet1!$G18:$G8900,Sheet3!K$3)/3/2/IF(RIGHT(TRIM(Sheet3!$C20),3)="250",250, IF(RIGHT(TRIM(Sheet3!$C20),2)="02",180,1)) -> 0.0046296296 | ... O20: =SUMIFS(Sheet1!$O18:$O8900,Sheet1!$K18:$K8900,Sheet3!$C20,Sheet1!$G18:$G8900,Sheet3!O$3)/3/2/IF(RIGHT(TRIM(Sheet3!$C20),3)="250",250, IF(RIGHT(TRIM(Sheet3!$C20),2)="02",180,1)) -> 0
C21: SORCA250 | D21: =SUMIFS(Sheet1!$O19:$O8901,Sheet1!$K19:$K8901,Sheet3!$C21,Sheet1!$G19:$G8901,Sheet3!D$3)/3/2/IF(RIGHT(TRIM(Sheet3!$C21),3)="250",250, IF(RIGHT(TRIM(Sheet3!$C21),2)="02",180,1)) -> 2 | E21: =SUMIFS(Sheet1!$O19:$O8901,Sheet1!$K19:$K8901,Sheet3!$C21,Sheet1!$G19:$G8901,Sheet3!E$3)/3/2/IF(RIGHT(TRIM(Sheet3!$C21),3)="250",250, IF(RIGHT(TRIM(Sheet3!$C21),2)="02",180,1)) -> 7.5 | F21: =SUMIFS(Sheet1!$O19:$O8901,Sheet1!$K19:$K8901,Sheet3!$C21,Sheet1!$G19:$G8901,Sheet3!F$3)/3/2/IF(RIGHT(TRIM(Sheet3!$C21),3)="250",250, IF(RIGHT(TRIM(Sheet3!$C21),2)="02",180,1)) -> 5.1666667 | G21: =SUMIFS(Sheet1!$O19:$O8901,Sheet1!$K19:$K8901,Sheet3!$C21,Sheet1!$G19:$G8901,Sheet3!G$3)/3/2/IF(RIGHT(TRIM(Sheet3!$C21),3)="250",250, IF(RIGHT(TRIM(Sheet3!$C21),2)="02",180,1)) -> 6.1666667 | H21: =SUMIFS(Sheet1!$O19:$O8901,Sheet1!$K19:$K8901,Sheet3!$C21,Sheet1!$G19:$G8901,Sheet3!H$3)/3/2/IF(RIGHT(TRIM(Sheet3!$C21),3)="250",250, IF(RIGHT(TRIM(Sheet3!$C21),2)="02",180,1)) -> 3.5 | I21: =SUMIFS(Sheet1!$O19:$O8901,Sheet1!$K19:$K8901,Sheet3!$C21,Sheet1!$G19:$G8901,Sheet3!I$3)/3/2/IF(RIGHT(TRIM(Sheet3!$C21),3)="250",250, IF(RIGHT(TRIM(Sheet3!$C21),2)="02",180,1)) -> 1.5 | J21: =SUMIFS(Sheet1!$O19:$O8901,Sheet1!$K19:$K8901,Sheet3!$C21,Sheet1!$G19:$G8901,Sheet3!J$3)/3/2/IF(RIGHT(TRIM(Sheet3!$C21),3)="250",250, IF(RIGHT(TRIM(Sheet3!$C21),2)="02",180,1)) -> 2 | K21: =SUMIFS(Sheet1!$O19:$O8901,Sheet1!$K19:$K8901,Sheet3!$C21,Sheet1!$G19:$G8901,Sheet3!K$3)/3/2/IF(RIGHT(TRIM(Sheet3!$C21),3)="250",250, IF(RIGHT(TRIM(Sheet3!$C21),2)="02",180,1)) -> 0.33333333 | ... O21: =SUMIFS(Sheet1!$O19:$O8901,Sheet1!$K19:$K8901,Sheet3!$C21,Sheet1!$G19:$G8901,Sheet3!O$3)/3/2/IF(RIGHT(TRIM(Sheet3!$C21),3)="250",250, IF(RIGHT(TRIM(Sheet3!$C21),2)="02",180,1)) -> 5.5
C22: Dyna Gold Calcium 8.25%
C23: GOLDCA250 | D23: =SUMIFS(Sheet1!$O21:$O8903,Sheet1!$K21:$K8903,Sheet3!$C23,Sheet1!$G21:$G8903,Sheet3!D$3)/3/2/IF(RIGHT(TRIM(Sheet3!$C23),3)="250",250, IF(RIGHT(TRIM(Sheet3!$C23),2)="02",180,1)) -> 0 | E23: =SUMIFS(Sheet1!$O21:$O8903,Sheet1!$K21:$K8903,Sheet3!$C23,Sheet1!$G21:$G8903,Sheet3!E$3)/3/2/IF(RIGHT(TRIM(Sheet3!$C23),3)="250",250, IF(RIGHT(TRIM(Sheet3!$C23),2)="02",180,1)) -> 0 | F23: =SUMIFS(Sheet1!$O21:$O8903,Sheet1!$K21:$K8903,Sheet3!$C23,Sheet1!$G21:$G8903,Sheet3!F$3)/3/2/IF(RIGHT(TRIM(Sheet3!$C23),3)="250",250, IF(RIGHT(TRIM(Sheet3!$C23),2)="02",180,1)) -> 1 | G23: =SUMIFS(Sheet1!$O21:$O8903,Sheet1!$K21:$K8903,Sheet3!$C23,Sheet1!$G21:$G8903,Sheet3!G$3)/3/2/IF(RIGHT(TRIM(Sheet3!$C23),3)="250",250, IF(RIGHT(TRIM(Sheet3!$C23),2)="02",180,1)) -> 0.5 | H23: =SUMIFS(Sheet1!$O21:$O8903,Sheet1!$K21:$K8903,Sheet3!$C23,Sheet1!$G21:$G8903,Sheet3!H$3)/3/2/IF(RIGHT(TRIM(Sheet3!$C23),3)="250",250, IF(RIGHT(TRIM(Sheet3!$C23),2)="02",180,1)) -> 0.5 | I23: =SUMIFS(Sheet1!$O21:$O8903,Sheet1!$K21:$K8903,Sheet3!$C23,Sheet1!$G21:$G8903,Sheet3!I$3)/3/2/IF(RIGHT(TRIM(Sheet3!$C23),3)="250",250, IF(RIGHT(TRIM(Sheet3!$C23),2)="02",180,1)) -> 0.83333333 | J23: =SUMIFS(Sheet1!$O21:$O8903,Sheet1!$K21:$K8903,Sheet3!$C23,Sheet1!$G21:$G8903,Sheet3!J$3)/3/2/IF(RIGHT(TRIM(Sheet3!$C23),3)="250",250, IF(RIGHT(TRIM(Sheet3!$C23),2)="02",180,1)) -> 0.5 | K23: =SUMIFS(Sheet1!$O21:$O8903,Sheet1!$K21:$K8903,Sheet3!$C23,Sheet1!$G21:$G8903,Sheet3!K$3)/3/2/IF(RIGHT(TRIM(Sheet3!$C23),3)="250",250, IF(RIGHT(TRIM(Sheet3!$C23),2)="02",180,1)) -> 0.16666667 | ... O23: =SUMIFS(Sheet1!$O21:$O8903,Sheet1!$K21:$K8903,Sheet3!$C23,Sheet1!$G21:$G8903,Sheet3!O$3)/3/2/IF(RIGHT(TRIM(Sheet3!$C23),3)="250",250, IF(RIGHT(TRIM(Sheet3!$C23),2)="02",180,1)) -> 0
C24: GOLDCA02 | D24: =SUMIFS(Sheet1!$O22:$O8904,Sheet1!$K22:$K8904,Sheet3!$C24,Sheet1!$G22:$G8904,Sheet3!D$3)/3/2/IF(RIGHT(TRIM(Sheet3!$C24),3)="250",250, IF(RIGHT(TRIM(Sheet3!$C24),2)="02",180,1)) -> 1.9166667 | E24: =SUMIFS(Sheet1!$O22:$O8904,Sheet1!$K22:$K8904,Sheet3!$C24,Sheet1!$G22:$G8904,Sheet3!E$3)/3/2/IF(RIGHT(TRIM(Sheet3!$C24),3)="250",250, IF(RIGHT(TRIM(Sheet3!$C24),2)="02",180,1)) -> 2.0787037 | F24: =SUMIFS(Sheet1!$O22:$O8904,Sheet1!$K22:$K8904,Sheet3!$C24,Sheet1!$G22:$G8904,Sheet3!F$3)/3/2/IF(RIGHT(TRIM(Sheet3!$C24),3)="250",250, IF(RIGHT(TRIM(Sheet3!$C24),2)="02",180,1)) -> 3.6134259 | G24: =SUMIFS(Sheet1!$O22:$O8904,Sheet1!$K22:$K8904,Sheet3!$C24,Sheet1!$G22:$G8904,Sheet3!G$3)/3/2/IF(RIGHT(TRIM(Sheet3!$C24),3)="250",250, IF(RIGHT(TRIM(Sheet3!$C24),2)="02",180,1)) -> 4.5138889 | H24: =SUMIFS(Sheet1!$O22:$O8904,Sheet1!$K22:$K8904,Sheet3!$C24,Sheet1!$G22:$G8904,Sheet3!H$3)/3/2/IF(RIGHT(TRIM(Sheet3!$C24),3)="250",250, IF(RIGHT(TRIM(Sheet3!$C24),2)="02",180,1)) -> 10.833333 | I24: =SUMIFS(Sheet1!$O22:$O8904,Sheet1!$K22:$K8904,Sheet3!$C24,Sheet1!$G22:$G8904,Sheet3!I$3)/3/2/IF(RIGHT(TRIM(Sheet3!$C24),3)="250",250, IF(RIGHT(TRIM(Sheet3!$C24),2)="02",180,1)) -> 4.7337963 | J24: =SUMIFS(Sheet1!$O22:$O8904,Sheet1!$K22:$K8904,Sheet3!$C24,Sheet1!$G22:$G8904,Sheet3!J$3)/3/2/IF(RIGHT(TRIM(Sheet3!$C24),3)="250",250, IF(RIGHT(TRIM(Sheet3!$C24),2)="02",180,1)) -> 4.1111111 | K24: =SUMIFS(Sheet1!$O22:$O8904,Sheet1!$K22:$K8904,Sheet3!$C24,Sheet1!$G22:$G8904,Sheet3!K$3)/3/2/IF(RIGHT(TRIM(Sheet3!$C24),3)="250",250, IF(RIGHT(TRIM(Sheet3!$C24),2)="02",180,1)) -> 1.6759259 | ... O24: =SUMIFS(Sheet1!$O22:$O8904,Sheet1!$K22:$K8904,Sheet3!$C24,Sheet1!$G22:$G8904,Sheet3!O$3)/3/2/IF(RIGHT(TRIM(Sheet3!$C24),3)="250",250, IF(RIGHT(TRIM(Sheet3!$C24),2)="02",180,1)) -> 1.1851852
C25: Dyna Green Potato Mix
C26: GREPOT250 | D26: =SUMIFS(Sheet1!$O27:$O8909,Sheet1!$K27:$K8909,Sheet3!$C26,Sheet1!$G27:$G8909,Sheet3!D$3)/3/2/IF(RIGHT(TRIM(Sheet3!$C26),3)="250",250, IF(RIGHT(TRIM(Sheet3!$C26),2)="02",180,1)) -> 0 | E26: =SUMIFS(Sheet1!$O27:$O8909,Sheet1!$K27:$K8909,Sheet3!$C26,Sheet1!$G27:$G8909,Sheet3!E$3)/3/2/IF(RIGHT(TRIM(Sheet3!$C26),3)="250",250, IF(RIGHT(TRIM(Sheet3!$C26),2)="02",180,1)) -> 0 | F26: =SUMIFS(Sheet1!$O27:$O8909,Sheet1!$K27:$K8909,Sheet3!$C26,Sheet1!$G27:$G8909,Sheet3!F$3)/3/2/IF(RIGHT(TRIM(Sheet3!$C26),3)="250",250, IF(RIGHT(TRIM(Sheet3!$C26),2)="02",180,1)) -> 0 | G26: =SUMIFS(Sheet1!$O27:$O8909,Sheet1!$K27:$K8909,Sheet3!$C26,Sheet1!$G27:$G8909,Sheet3!G$3)/3/2/IF(RIGHT(TRIM(Sheet3!$C26),3)="250",250, IF(RIGHT(TRIM(Sheet3!$C26),2)="02",180,1)) -> 1 | H26: =SUMIFS(Sheet1!$O27:$O8909,Sheet1!$K27:$K8909,Sheet3!$C26,Sheet1!$G27:$G8909,Sheet3!H$3)/3/2/IF(RIGHT(TRIM(Sheet3!$C26),3)="250",250, IF(RIGHT(TRIM(Sheet3!$C26),2)="02",180,1)) -> 2.3333333 | I26: =SUMIFS(Sheet1!$O27:$O8909,Sheet1!$K27:$K8909,Sheet3!$C26,Sheet1!$G27:$G8909,Sheet3!I$3)/3/2/IF(RIGHT(TRIM(Sheet3!$C26),3)="250",250, IF(RIGHT(TRIM(Sheet3!$C26),2)="02",180,1)) -> 6.5 | J26: =SUMIFS(Sheet1!$O27:$O8909,Sheet1!$K27:$K8909,Sheet3!$C26,Sheet1!$G27:$G8909,Sheet3!J$3)/3/2/IF(RIGHT(TRIM(Sheet3!$C26),3)="250",250, IF(RIGHT(TRIM(Sheet3!$C26),2)="02",180,1)) -> 1.1666667 | K26: =SUMIFS(Sheet1!$O27:$O8909,Sheet1!$K27:$K8909,Sheet3!$C26,Sheet1!$G27:$G8909,Sheet3!K$3)/3/2/IF(RIGHT(TRIM(Sheet3!$C26),3)="250",250, IF(RIGHT(TRIM(Sheet3!$C26),2)="02",180,1)) -> 0 | ... O26: =SUMIFS(Sheet1!$O27:$O8909,Sheet1!$K27:$K8909,Sheet3!$C26,Sheet1!$G27:$G8909,Sheet3!O$3)/3/2/IF(RIGHT(TRIM(Sheet3!$C26),3)="250",250, IF(RIGHT(TRIM(Sheet3!$C26),2)="02",180,1)) -> 0
C27: Dyna Flo 0-0-25 17
C28: FLOKTS02 | D28: =SUMIFS(Sheet1!$O35:$O8917,Sheet1!$K35:$K8917,Sheet3!$C28,Sheet1!$G35:$G8917,Sheet3!D$3)/3/2/IF(RIGHT(TRIM(Sheet3!$C28),3)="250",250, IF(RIGHT(TRIM(Sheet3!$C28),2)="02",180,1)) -> 0.62037037 | E28: =SUMIFS(Sheet1!$O35:$O8917,Sheet1!$K35:$K8917,Sheet3!$C28,Sheet1!$G35:$G8917,Sheet3!E$3)/3/2/IF(RIGHT(TRIM(Sheet3!$C28),3)="250",250, IF(RIGHT(TRIM(Sheet3!$C28),2)="02",180,1)) -> 1.0046296 | F28: =SUMIFS(Sheet1!$O35:$O8917,Sheet1!$K35:$K8917,Sheet3!$C28,Sheet1!$G35:$G8917,Sheet3!F$3)/3/2/IF(RIGHT(TRIM(Sheet3!$C28),3)="250",250, IF(RIGHT(TRIM(Sheet3!$C28),2)="02",180,1)) -> 0.63425926 | G28: =SUMIFS(Sheet1!$O35:$O8917,Sheet1!$K35:$K8917,Sheet3!$C28,Sheet1!$G35:$G8917,Sheet3!G$3)/3/2/IF(RIGHT(TRIM(Sheet3!$C28),3)="250",250, IF(RIGHT(TRIM(Sheet3!$C28),2)="02",180,1)) -> 1.4421296 | H28: =SUMIFS(Sheet1!$O35:$O8917,Sheet1!$K35:$K8917,Sheet3!$C28,Sheet1!$G35:$G8917,Sheet3!H$3)/3/2/IF(RIGHT(TRIM(Sheet3!$C28),3)="250",250, IF(RIGHT(TRIM(Sheet3!$C28),2)="02",180,1)) -> 1.3657407 | I28: =SUMIFS(Sheet1!$O35:$O8917,Sheet1!$K35:$K8917,Sheet3!$C28,Sheet1!$G35:$G8917,Sheet3!I$3)/3/2/IF(RIGHT(TRIM(Sheet3!$C28),3)="250",250, IF(RIGHT(TRIM(Sheet3!$C28),2)="02",180,1)) -> 0.75925926 | J28: =SUMIFS(Sheet1!$O35:$O8917,Sheet1!$K35:$K8917,Sheet3!$C28,Sheet1!$G35:$G8917,Sheet3!J$3)/3/2/IF(RIGHT(TRIM(Sheet3!$C28),3)="250",250, IF(RIGHT(TRIM(Sheet3!$C28),2)="02",180,1)) -> 0.57407407 | K28: =SUMIFS(Sheet1!$O35:$O8917,Sheet1!$K35:$K8917,Sheet3!$C28,Sheet1!$G35:$G8917,Sheet3!K$3)/3/2/IF(RIGHT(TRIM(Sheet3!$C28),3)="250",250, IF(RIGHT(TRIM(Sheet3!$C28),2)="02",180,1)) -> 1.2314815 | ... O28: =SUMIFS(Sheet1!$O35:$O8917,Sheet1!$K35:$K8917,Sheet3!$C28,Sheet1!$G35:$G8917,Sheet3!O$3)/3/2/IF(RIGHT(TRIM(Sheet3!$C28),3)="250",250, IF(RIGHT(TRIM(Sheet3!$C28),2)="02",180,1)) -> 0.81018519
C29: FLOKTS250 | D29: =SUMIFS(Sheet1!$O36:$O8918,Sheet1!$K36:$K8918,Sheet3!$C29,Sheet1!$G36:$G8918,Sheet3!D$3)/3/2/IF(RIGHT(TRIM(Sheet3!$C29),3)="250",250, IF(RIGHT(TRIM(Sheet3!$C29),2)="02",180,1)) -> 2.1166667 | E29: =SUMIFS(Sheet1!$O36:$O8918,Sheet1!$K36:$K8918,Sheet3!$C29,Sheet1!$G36:$G8918,Sheet3!E$3)/3/2/IF(RIGHT(TRIM(Sheet3!$C29),3)="250",250, IF(RIGHT(TRIM(Sheet3!$C29),2)="02",180,1)) -> 2.5 | F29: =SUMIFS(Sheet1!$O36:$O8918,Sheet1!$K36:$K8918,Sheet3!$C29,Sheet1!$G36:$G8918,Sheet3!F$3)/3/2/IF(RIGHT(TRIM(Sheet3!$C29),3)="250",250, IF(RIGHT(TRIM(Sheet3!$C29),2)="02",180,1)) -> 1.1666667 | G29: =SUMIFS(Sheet1!$O36:$O8918,Sheet1!$K36:$K8918,Sheet3!$C29,Sheet1!$G36:$G8918,Sheet3!G$3)/3/2/IF(RIGHT(TRIM(Sheet3!$C29),3)="250",250, IF(RIGHT(TRIM(Sheet3!$C29),2)="02",180,1)) -> 0.66666667 | H29: =SUMIFS(Sheet1!$O36:$O8918,Sheet1!$K36:$K8918,Sheet3!$C29,Sheet1!$G36:$G8918,Sheet3!H$3)/3/2/IF(RIGHT(TRIM(Sheet3!$C29),3)="250",250, IF(RIGHT(TRIM(Sheet3!$C29),2)="02",180,1)) -> 1.5786667 | I29: =SUMIFS(Sheet1!$O36:$O8918,Sheet1!$K36:$K8918,Sheet3!$C29,Sheet1!$G36:$G8918,Sheet3!I$3)/3/2/IF(RIGHT(TRIM(Sheet3!$C29),3)="250",250, IF(RIGHT(TRIM(Sheet3!$C29),2)="02",180,1)) -> 0.16666667 | J29: =SUMIFS(Sheet1!$O36:$O8918,Sheet1!$K36:$K8918,Sheet3!$C29,Sheet1!$G36:$G8918,Sheet3!J$3)/3/2/IF(RIGHT(TRIM(Sheet3!$C29),3)="250",250, IF(RIGHT(TRIM(Sheet3!$C29),2)="02",180,1)) -> 0.66666667 | K29: =SUMIFS(Sheet1!$O36:$O8918,Sheet1!$K36:$K8918,Sheet3!$C29,Sheet1!$G36:$G8918,Sheet3!K$3)/3/2/IF(RIGHT(TRIM(Sheet3!$C29),3)="250",250, IF(RIGHT(TRIM(Sheet3!$C29),2)="02",180,1)) -> 3.6666667 | ... O29: =SUMIFS(Sheet1!$O36:$O8918,Sheet1!$K36:$K8918,Sheet3!$C29,Sheet1!$G36:$G8918,Sheet3!O$3)/3/2/IF(RIGHT(TRIM(Sheet3!$C29),3)="250",250, IF(RIGHT(TRIM(Sheet3!$C29),2)="02",180,1)) -> 0.91666667
D30: =D29+D28*180/250 -> 2.5633333 | E30: =E29+E28*180/250 -> 3.2233333 | F30: =F29+F28*180/250 -> 1.6233333 | G30: =G29+G28*180/250 -> 1.705 | H30: =H29+H28*180/250 -> 2.562 | I30: =I29+I28*180/250 -> 0.71333333 | J30: =J29+J28*180/250 -> 1.08 | K30: =K29+K28*180/250 -> 4.5533333 | ... O30: =O29+O28*180/250 -> 1.5
C31: Dyna Flo 3-18-18
C32: FLO3181802 | D32: =SUMIFS(Sheet1!$O40:$O8922,Sheet1!$K40:$K8922,Sheet3!$C32,Sheet1!$G40:$G8922,Sheet3!D$3)/3/2/IF(RIGHT(TRIM(Sheet3!$C32),3)="250",250, IF(RIGHT(TRIM(Sheet3!$C32),2)="02",180,1)) -> 0.16666667 | E32: =SUMIFS(Sheet1!$O40:$O8922,Sheet1!$K40:$K8922,Sheet3!$C32,Sheet1!$G40:$G8922,Sheet3!E$3)/3/2/IF(RIGHT(TRIM(Sheet3!$C32),3)="250",250, IF(RIGHT(TRIM(Sheet3!$C32),2)="02",180,1)) -> 0.23611111 | F32: =SUMIFS(Sheet1!$O40:$O8922,Sheet1!$K40:$K8922,Sheet3!$C32,Sheet1!$G40:$G8922,Sheet3!F$3)/3/2/IF(RIGHT(TRIM(Sheet3!$C32),3)="250",250, IF(RIGHT(TRIM(Sheet3!$C32),2)="02",180,1)) -> 0.2037037 | G32: =SUMIFS(Sheet1!$O40:$O8922,Sheet1!$K40:$K8922,Sheet3!$C32,Sheet1!$G40:$G8922,Sheet3!G$3)/3/2/IF(RIGHT(TRIM(Sheet3!$C32),3)="250",250, IF(RIGHT(TRIM(Sheet3!$C32),2)="02",180,1)) -> 0.083333333 | H32: =SUMIFS(Sheet1!$O40:$O8922,Sheet1!$K40:$K8922,Sheet3!$C32,Sheet1!$G40:$G8922,Sheet3!H$3)/3/2/IF(RIGHT(TRIM(Sheet3!$C32),3)="250",250, IF(RIGHT(TRIM(Sheet3!$C32),2)="02",180,1)) -> 0.30555556 | I32: =SUMIFS(Sheet1!$O40:$O8922,Sheet1!$K40:$K8922,Sheet3!$C32,Sheet1!$G40:$G8922,Sheet3!I$3)/3/2/IF(RIGHT(TRIM(Sheet3!$C32),3)="250",250, IF(RIGHT(TRIM(Sheet3!$C32),2)="02",180,1)) -> 0.19444444 | J32: =SUMIFS(Sheet1!$O40:$O8922,Sheet1!$K40:$K8922,Sheet3!$C32,Sheet1!$G40:$G8922,Sheet3!J$3)/3/2/IF(RIGHT(TRIM(Sheet3!$C32),3)="250",250, IF(RIGHT(TRIM(Sheet3!$C32),2)="02",180,1)) -> 0.13888889 | K32: =SUMIFS(Sheet1!$O40:$O8922,Sheet1!$K40:$K8922,Sheet3!$C32,Sheet1!$G40:$G8922,Sheet3!K$3)/3/2/IF(RIGHT(TRIM(Sheet3!$C32),3)="250",250, IF(RIGHT(TRIM(Sheet3!$C32),2)="02",180,1)) -> 0.16666667 | ... O32: =SUMIFS(Sheet1!$O40:$O8922,Sheet1!$K40:$K8922,Sheet3!$C32,Sheet1!$G40:$G8922,Sheet3!O$3)/3/2/IF(RIGHT(TRIM(Sheet3!$C32),3)="250",250, IF(RIGHT(TRIM(Sheet3!$C32),2)="02",180,1)) -> 0.34722222
C33: FLO31818250 | D33: =SUMIFS(Sheet1!$O41:$O8923,Sheet1!$K41:$K8923,Sheet3!$C33,Sheet1!$G41:$G8923,Sheet3!D$3)/3/2/IF(RIGHT(TRIM(Sheet3!$C33),3)="250",250, IF(RIGHT(TRIM(Sheet3!$C33),2)="02",180,1)) -> 0.33333333 | E33: =SUMIFS(Sheet1!$O41:$O8923,Sheet1!$K41:$K8923,Sheet3!$C33,Sheet1!$G41:$G8923,Sheet3!E$3)/3/2/IF(RIGHT(TRIM(Sheet3!$C33),3)="250",250, IF(RIGHT(TRIM(Sheet3!$C33),2)="02",180,1)) -> 0 | F33: =SUMIFS(Sheet1!$O41:$O8923,Sheet1!$K41:$K8923,Sheet3!$C33,Sheet1!$G41:$G8923,Sheet3!F$3)/3/2/IF(RIGHT(TRIM(Sheet3!$C33),3)="250",250, IF(RIGHT(TRIM(Sheet3!$C33),2)="02",180,1)) -> 0 | G33: =SUMIFS(Sheet1!$O41:$O8923,Sheet1!$K41:$K8923,Sheet3!$C33,Sheet1!$G41:$G8923,Sheet3!G$3)/3/2/IF(RIGHT(TRIM(Sheet3!$C33),3)="250",250, IF(RIGHT(TRIM(Sheet3!$C33),2)="02",180,1)) -> 12.166667 | H33: =SUMIFS(Sheet1!$O41:$O8923,Sheet1!$K41:$K8923,Sheet3!$C33,Sheet1!$G41:$G8923,Sheet3!H$3)/3/2/IF(RIGHT(TRIM(Sheet3!$C33),3)="250",250, IF(RIGHT(TRIM(Sheet3!$C33),2)="02",180,1)) -> 0 | I33: =SUMIFS(Sheet1!$O41:$O8923,Sheet1!$K41:$K8923,Sheet3!$C33,Sheet1!$G41:$G8923,Sheet3!I$3)/3/2/IF(RIGHT(TRIM(Sheet3!$C33),3)="250",250, IF(RIGHT(TRIM(Sheet3!$C33),2)="02",180,1)) -> 1 | J33: =SUMIFS(Sheet1!$O41:$O8923,Sheet1!$K41:$K8923,Sheet3!$C33,Sheet1!$G41:$G8923,Sheet3!J$3)/3/2/IF(RIGHT(TRIM(Sheet3!$C33),3)="250",250, IF(RIGHT(TRIM(Sheet3!$C33),2)="02",180,1)) -> 0.16666667 | K33: =SUMIFS(Sheet1!$O41:$O8923,Sheet1!$K41:$K8923,Sheet3!$C33,Sheet1!$G41:$G8923,Sheet3!K$3)/3/2/IF(RIGHT(TRIM(Sheet3!$C33),3)="250",250, IF(RIGHT(TRIM(Sheet3!$C33),2)="02",180,1)) -> 0 | ... O33: =SUMIFS(Sheet1!$O41:$O8923,Sheet1!$K41:$K8923,Sheet3!$C33,Sheet1!$G41:$G8923,Sheet3!O$3)/3/2/IF(RIGHT(TRIM(Sheet3!$C33),3)="250",250, IF(RIGHT(TRIM(Sheet3!$C33),2)="02",180,1)) -> 0.5
D34: =D33+(D32*180/250) -> 0.45333333 | E34: =E33+(E32*180/250) -> 0.17 | F34: =F33+(F32*180/250) -> 0.14666667 | G34: =G33+(G32*180/250) -> 12.226667 | H34: =H33+(H32*180/250) -> 0.22 | I34: =I33+(I32*180/250) -> 1.14 | J34: =J33+(J32*180/250) -> 0.26666667 | K34: =K33+(K32*180/250) -> 0.12 | ... O34: =O33+(O32*180/250) -> 0.75
C35: Dyna Zone 18-3-6
C36: ZON183602 | D36: =SUMIFS(Sheet1!$O45:$O8927,Sheet1!$K45:$K8927,Sheet3!$C36,Sheet1!$G45:$G8927,Sheet3!D$3)/3/2/IF(RIGHT(TRIM(Sheet3!$C36),3)="250",250, IF(RIGHT(TRIM(Sheet3!$C36),2)="02",180,1)) -> 1.587963 | E36: =SUMIFS(Sheet1!$O45:$O8927,Sheet1!$K45:$K8927,Sheet3!$C36,Sheet1!$G45:$G8927,Sheet3!E$3)/3/2/IF(RIGHT(TRIM(Sheet3!$C36),3)="250",250, IF(RIGHT(TRIM(Sheet3!$C36),2)="02",180,1)) -> 1.3333333 | F36: =SUMIFS(Sheet1!$O45:$O8927,Sheet1!$K45:$K8927,Sheet3!$C36,Sheet1!$G45:$G8927,Sheet3!F$3)/3/2/IF(RIGHT(TRIM(Sheet3!$C36),3)="250",250, IF(RIGHT(TRIM(Sheet3!$C36),2)="02",180,1)) -> 0.59722222 | G36: =SUMIFS(Sheet1!$O45:$O8927,Sheet1!$K45:$K8927,Sheet3!$C36,Sheet1!$G45:$G8927,Sheet3!G$3)/3/2/IF(RIGHT(TRIM(Sheet3!$C36),3)="250",250, IF(RIGHT(TRIM(Sheet3!$C36),2)="02",180,1)) -> 1.287037 | H36: =SUMIFS(Sheet1!$O45:$O8927,Sheet1!$K45:$K8927,Sheet3!$C36,Sheet1!$G45:$G8927,Sheet3!H$3)/3/2/IF(RIGHT(TRIM(Sheet3!$C36),3)="250",250, IF(RIGHT(TRIM(Sheet3!$C36),2)="02",180,1)) -> 2.8796296 | I36: =SUMIFS(Sheet1!$O45:$O8927,Sheet1!$K45:$K8927,Sheet3!$C36,Sheet1!$G45:$G8927,Sheet3!I$3)/3/2/IF(RIGHT(TRIM(Sheet3!$C36),3)="250",250, IF(RIGHT(TRIM(Sheet3!$C36),2)="02",180,1)) -> 2.2662037 | J36: =SUMIFS(Sheet1!$O45:$O8927,Sheet1!$K45:$K8927,Sheet3!$C36,Sheet1!$G45:$G8927,Sheet3!J$3)/3/2/IF(RIGHT(TRIM(Sheet3!$C36),3)="250",250, IF(RIGHT(TRIM(Sheet3!$C36),2)="02",180,1)) -> 0.96759259 | K36: =SUMIFS(Sheet1!$O45:$O8927,Sheet1!$K45:$K8927,Sheet3!$C36,Sheet1!$G45:$G8927,Sheet3!K$3)/3/2/IF(RIGHT(TRIM(Sheet3!$C36),3)="250",250, IF(RIGHT(TRIM(Sheet3!$C36),2)="02",180,1)) -> 0.43981481 | ... O36: =SUMIFS(Sheet1!$O45:$O8927,Sheet1!$K45:$K8927,Sheet3!$C36,Sheet1!$G45:$G8927,Sheet3!O$3)/3/2/IF(RIGHT(TRIM(Sheet3!$C36),3)="250",250, IF(RIGHT(TRIM(Sheet3!$C36),2)="02",180,1)) -> 0.12962963
C37: ZON1836250 | D37: =SUMIFS(Sheet1!$O46:$O8928,Sheet1!$K46:$K8928,Sheet3!$C37,Sheet1!$G46:$G8928,Sheet3!D$3)/3/2/IF(RIGHT(TRIM(Sheet3!$C37),3)="250",250, IF(RIGHT(TRIM(Sheet3!$C37),2)="02",180,1)) -> 1.3166667 | E37: =SUMIFS(Sheet1!$O46:$O8928,Sheet1!$K46:$K8928,Sheet3!$C37,Sheet1!$G46:$G8928,Sheet3!E$3)/3/2/IF(RIGHT(TRIM(Sheet3!$C37),3)="250",250, IF(RIGHT(TRIM(Sheet3!$C37),2)="02",180,1)) -> 0 | F37: =SUMIFS(Sheet1!$O46:$O8928,Sheet1!$K46:$K8928,Sheet3!$C37,Sheet1!$G46:$G8928,Sheet3!F$3)/3/2/IF(RIGHT(TRIM(Sheet3!$C37),3)="250",250, IF(RIGHT(TRIM(Sheet3!$C37),2)="02",180,1)) -> 0 | G37: =SUMIFS(Sheet1!$O46:$O8928,Sheet1!$K46:$K8928,Sheet3!$C37,Sheet1!$G46:$G8928,Sheet3!G$3)/3/2/IF(RIGHT(TRIM(Sheet3!$C37),3)="250",250, IF(RIGHT(TRIM(Sheet3!$C37),2)="02",180,1)) -> 0 | H37: =SUMIFS(Sheet1!$O46:$O8928,Sheet1!$K46:$K8928,Sheet3!$C37,Sheet1!$G46:$G8928,Sheet3!H$3)/3/2/IF(RIGHT(TRIM(Sheet3!$C37),3)="250",250, IF(RIGHT(TRIM(Sheet3!$C37),2)="02",180,1)) -> 0 | I37: =SUMIFS(Sheet1!$O46:$O8928,Sheet1!$K46:$K8928,Sheet3!$C37,Sheet1!$G46:$G8928,Sheet3!I$3)/3/2/IF(RIGHT(TRIM(Sheet3!$C37),3)="250",250, IF(RIGHT(TRIM(Sheet3!$C37),2)="02",180,1)) -> 0.83333333 | J37: =SUMIFS(Sheet1!$O46:$O8928,Sheet1!$K46:$K8928,Sheet3!$C37,Sheet1!$G46:$G8928,Sheet3!J$3)/3/2/IF(RIGHT(TRIM(Sheet3!$C37),3)="250",250, IF(RIGHT(TRIM(Sheet3!$C37),2)="02",180,1)) -> 0.16666667 | K37: =SUMIFS(Sheet1!$O46:$O8928,Sheet1!$K46:$K8928,Sheet3!$C37,Sheet1!$G46:$G8928,Sheet3!K$3)/3/2/IF(RIGHT(TRIM(Sheet3!$C37),3)="250",250, IF(RIGHT(TRIM(Sheet3!$C37),2)="02",180,1)) -> 1.5 | ... O37: =SUMIFS(Sheet1!$O46:$O8928,Sheet1!$K46:$K8928,Sheet3!$C37,Sheet1!$G46:$G8928,Sheet3!O$3)/3/2/IF(RIGHT(TRIM(Sheet3!$C37),3)="250",250, IF(RIGHT(TRIM(Sheet3!$C37),2)="02",180,1)) -> 2.4
C38: ZON1836250 new | D38: =D37 + (D36*180/250) -> 2.46 | E38: =E37 + (E36*180/250) -> 0.96 | F38: =F37 + (F36*180/250) -> 0.43 | G38: =G37 + (G36*180/250) -> 0.92666667 | H38: =H37 + (H36*180/250) -> 2.0733333 | I38: =I37 + (I36*180/250) -> 2.465 | J38: =J37 + (J36*180/250) -> 0.86333333 | K38: =K37 + (K36*180/250) -> 1.8166667 | ... O38: =O37 + (O36*180/250) -> 2.4933333
C39: Nutrient Biofilter
C40: FLO828+02 | D40: =SUMIFS(Sheet1!$O49:$O8931,Sheet1!$K49:$K8931,Sheet3!$C40,Sheet1!$G49:$G8931,Sheet3!D$3)/3/2/IF(RIGHT(TRIM(Sheet3!$C40),3)="250",250, IF(RIGHT(TRIM(Sheet3!$C40),2)="02",180,1)) -> 1.6666667 | E40: =SUMIFS(Sheet1!$O49:$O8931,Sheet1!$K49:$K8931,Sheet3!$C40,Sheet1!$G49:$G8931,Sheet3!E$3)/3/2/IF(RIGHT(TRIM(Sheet3!$C40),3)="250",250, IF(RIGHT(TRIM(Sheet3!$C40),2)="02",180,1)) -> 1 | F40: =SUMIFS(Sheet1!$O49:$O8931,Sheet1!$K49:$K8931,Sheet3!$C40,Sheet1!$G49:$G8931,Sheet3!F$3)/3/2/IF(RIGHT(TRIM(Sheet3!$C40),3)="250",250, IF(RIGHT(TRIM(Sheet3!$C40),2)="02",180,1)) -> 0.83333333 | G40: =SUMIFS(Sheet1!$O49:$O8931,Sheet1!$K49:$K8931,Sheet3!$C40,Sheet1!$G49:$G8931,Sheet3!G$3)/3/2/IF(RIGHT(TRIM(Sheet3!$C40),3)="250",250, IF(RIGHT(TRIM(Sheet3!$C40),2)="02",180,1)) -> 2.5 | H40: =SUMIFS(Sheet1!$O49:$O8931,Sheet1!$K49:$K8931,Sheet3!$C40,Sheet1!$G49:$G8931,Sheet3!H$3)/3/2/IF(RIGHT(TRIM(Sheet3!$C40),3)="250",250, IF(RIGHT(TRIM(Sheet3!$C40),2)="02",180,1)) -> 0.83333333 | I40: =SUMIFS(Sheet1!$O49:$O8931,Sheet1!$K49:$K8931,Sheet3!$C40,Sheet1!$G49:$G8931,Sheet3!I$3)/3/2/IF(RIGHT(TRIM(Sheet3!$C40),3)="250",250, IF(RIGHT(TRIM(Sheet3!$C40),2)="02",180,1)) -> 2 | J40: =SUMIFS(Sheet1!$O49:$O8931,Sheet1!$K49:$K8931,Sheet3!$C40,Sheet1!$G49:$G8931,Sheet3!J$3)/3/2/IF(RIGHT(TRIM(Sheet3!$C40),3)="250",250, IF(RIGHT(TRIM(Sheet3!$C40),2)="02",180,1)) -> 2 | K40: =SUMIFS(Sheet1!$O49:$O8931,Sheet1!$K49:$K8931,Sheet3!$C40,Sheet1!$G49:$G8931,Sheet3!K$3)/3/2/IF(RIGHT(TRIM(Sheet3!$C40),3)="250",250, IF(RIGHT(TRIM(Sheet3!$C40),2)="02",180,1)) -> 1.8333333 | ... O40: =SUMIFS(Sheet1!$O49:$O8931,Sheet1!$K49:$K8931,Sheet3!$C40,Sheet1!$G49:$G8931,Sheet3!O$3)/3/2/IF(RIGHT(TRIM(Sheet3!$C40),3)="250",250, IF(RIGHT(TRIM(Sheet3!$C40),2)="02",180,1)) -> 2
C41: Dyna Gold MZF
C42: GOLDMZF250 | D42: =SUMIFS(Sheet1!$O52:$O8934,Sheet1!$K52:$K8934,Sheet3!$C42,Sheet1!$G52:$G8934,Sheet3!D$3)/3/2/IF(RIGHT(TRIM(Sheet3!$C42),3)="250",250, IF(RIGHT(TRIM(Sheet3!$C42),2)="02",180,1)) -> 0.33333333 | E42: =SUMIFS(Sheet1!$O52:$O8934,Sheet1!$K52:$K8934,Sheet3!$C42,Sheet1!$G52:$G8934,Sheet3!E$3)/3/2/IF(RIGHT(TRIM(Sheet3!$C42),3)="250",250, IF(RIGHT(TRIM(Sheet3!$C42),2)="02",180,1)) -> 0.5 | F42: =SUMIFS(Sheet1!$O52:$O8934,Sheet1!$K52:$K8934,Sheet3!$C42,Sheet1!$G52:$G8934,Sheet3!F$3)/3/2/IF(RIGHT(TRIM(Sheet3!$C42),3)="250",250, IF(RIGHT(TRIM(Sheet3!$C42),2)="02",180,1)) -> 0 | G42: =SUMIFS(Sheet1!$O52:$O8934,Sheet1!$K52:$K8934,Sheet3!$C42,Sheet1!$G52:$G8934,Sheet3!G$3)/3/2/IF(RIGHT(TRIM(Sheet3!$C42),3)="250",250, IF(RIGHT(TRIM(Sheet3!$C42),2)="02",180,1)) -> 0 | H42: =SUMIFS(Sheet1!$O52:$O8934,Sheet1!$K52:$K8934,Sheet3!$C42,Sheet1!$G52:$G8934,Sheet3!H$3)/3/2/IF(RIGHT(TRIM(Sheet3!$C42),3)="250",250, IF(RIGHT(TRIM(Sheet3!$C42),2)="02",180,1)) -> 1.9233333 | I42: =SUMIFS(Sheet1!$O52:$O8934,Sheet1!$K52:$K8934,Sheet3!$C42,Sheet1!$G52:$G8934,Sheet3!I$3)/3/2/IF(RIGHT(TRIM(Sheet3!$C42),3)="250",250, IF(RIGHT(TRIM(Sheet3!$C42),2)="02",180,1)) -> 0.66666667 | J42: =SUMIFS(Sheet1!$O52:$O8934,Sheet1!$K52:$K8934,Sheet3!$C42,Sheet1!$G52:$G8934,Sheet3!J$3)/3/2/IF(RIGHT(TRIM(Sheet3!$C42),3)="250",250, IF(RIGHT(TRIM(Sheet3!$C42),2)="02",180,1)) -> 0.5 | K42: =SUMIFS(Sheet1!$O52:$O8934,Sheet1!$K52:$K8934,Sheet3!$C42,Sheet1!$G52:$G8934,Sheet3!K$3)/3/2/IF(RIGHT(TRIM(Sheet3!$C42),3)="250",250, IF(RIGHT(TRIM(Sheet3!$C42),2)="02",180,1)) -> 1.1666667 | ... O42: =SUMIFS(Sheet1!$O52:$O8934,Sheet1!$K52:$K8934,Sheet3!$C42,Sheet1!$G52:$G8934,Sheet3!O$3)/3/2/IF(RIGHT(TRIM(Sheet3!$C42),3)="250",250, IF(RIGHT(TRIM(Sheet3!$C42),2)="02",180,1)) -> 0.5
C43: GOLDMZF02 | D43: =SUMIFS(Sheet1!$O53:$O8935,Sheet1!$K53:$K8935,Sheet3!$C43,Sheet1!$G53:$G8935,Sheet3!D$3)/3/2/IF(RIGHT(TRIM(Sheet3!$C43),3)="250",250, IF(RIGHT(TRIM(Sheet3!$C43),2)="02",180,1)) -> 0.75 | E43: =SUMIFS(Sheet1!$O53:$O8935,Sheet1!$K53:$K8935,Sheet3!$C43,Sheet1!$G53:$G8935,Sheet3!E$3)/3/2/IF(RIGHT(TRIM(Sheet3!$C43),3)="250",250, IF(RIGHT(TRIM(Sheet3!$C43),2)="02",180,1)) -> 0.33333333 | F43: =SUMIFS(Sheet1!$O53:$O8935,Sheet1!$K53:$K8935,Sheet3!$C43,Sheet1!$G53:$G8935,Sheet3!F$3)/3/2/IF(RIGHT(TRIM(Sheet3!$C43),3)="250",250, IF(RIGHT(TRIM(Sheet3!$C43),2)="02",180,1)) -> 0.33333333 | G43: =SUMIFS(Sheet1!$O53:$O8935,Sheet1!$K53:$K8935,Sheet3!$C43,Sheet1!$G53:$G8935,Sheet3!G$3)/3/2/IF(RIGHT(TRIM(Sheet3!$C43),3)="250",250, IF(RIGHT(TRIM(Sheet3!$C43),2)="02",180,1)) -> 0.33333333 | H43: =SUMIFS(Sheet1!$O53:$O8935,Sheet1!$K53:$K8935,Sheet3!$C43,Sheet1!$G53:$G8935,Sheet3!H$3)/3/2/IF(RIGHT(TRIM(Sheet3!$C43),3)="250",250, IF(RIGHT(TRIM(Sheet3!$C43),2)="02",180,1)) -> 0.5 | I43: =SUMIFS(Sheet1!$O53:$O8935,Sheet1!$K53:$K8935,Sheet3!$C43,Sheet1!$G53:$G8935,Sheet3!I$3)/3/2/IF(RIGHT(TRIM(Sheet3!$C43),3)="250",250, IF(RIGHT(TRIM(Sheet3!$C43),2)="02",180,1)) -> 0.83333333 | J43: =SUMIFS(Sheet1!$O53:$O8935,Sheet1!$K53:$K8935,Sheet3!$C43,Sheet1!$G53:$G8935,Sheet3!J$3)/3/2/IF(RIGHT(TRIM(Sheet3!$C43),3)="250",250, IF(RIGHT(TRIM(Sheet3!$C43),2)="02",180,1)) -> 1.212963 | K43: =SUMIFS(Sheet1!$O53:$O8935,Sheet1!$K53:$K8935,Sheet3!$C43,Sheet1!$G53:$G8935,Sheet3!K$3)/3/2/IF(RIGHT(TRIM(Sheet3!$C43),3)="250",250, IF(RIGHT(TRIM(Sheet3!$C43),2)="02",180,1)) -> 0.52777778 | ... O43: =SUMIFS(Sheet1!$O53:$O8935,Sheet1!$K53:$K8935,Sheet3!$C43,Sheet1!$G53:$G8935,Sheet3!O$3)/3/2/IF(RIGHT(TRIM(Sheet3!$C43),3)="250",250, IF(RIGHT(TRIM(Sheet3!$C43),2)="02",180,1)) -> 1.6666667
C44: Dyna Boron 10%
C45: GOLDBOR1002 | D45: =SUMIFS(Sheet1!$O56:$O8938,Sheet1!$K56:$K8938,Sheet3!$C45,Sheet1!$G56:$G8938,Sheet3!D$3)/3/2/IF(RIGHT(TRIM(Sheet3!$C45),3)="250",250, IF(RIGHT(TRIM(Sheet3!$C45),2)="02",180,1)) -> 0.013888889 | E45: =SUMIFS(Sheet1!$O56:$O8938,Sheet1!$K56:$K8938,Sheet3!$C45,Sheet1!$G56:$G8938,Sheet3!E$3)/3/2/IF(RIGHT(TRIM(Sheet3!$C45),3)="250",250, IF(RIGHT(TRIM(Sheet3!$C45),2)="02",180,1)) -> 0 | F45: =SUMIFS(Sheet1!$O56:$O8938,Sheet1!$K56:$K8938,Sheet3!$C45,Sheet1!$G56:$G8938,Sheet3!F$3)/3/2/IF(RIGHT(TRIM(Sheet3!$C45),3)="250",250, IF(RIGHT(TRIM(Sheet3!$C45),2)="02",180,1)) -> 0.16666667 | G45: =SUMIFS(Sheet1!$O56:$O8938,Sheet1!$K56:$K8938,Sheet3!$C45,Sheet1!$G56:$G8938,Sheet3!G$3)/3/2/IF(RIGHT(TRIM(Sheet3!$C45),3)="250",250, IF(RIGHT(TRIM(Sheet3!$C45),2)="02",180,1)) -> 0.22222222 | H45: =SUMIFS(Sheet1!$O56:$O8938,Sheet1!$K56:$K8938,Sheet3!$C45,Sheet1!$G56:$G8938,Sheet3!H$3)/3/2/IF(RIGHT(TRIM(Sheet3!$C45),3)="250",250, IF(RIGHT(TRIM(Sheet3!$C45),2)="02",180,1)) -> 0.52777778 | I45: =SUMIFS(Sheet1!$O56:$O8938,Sheet1!$K56:$K8938,Sheet3!$C45,Sheet1!$G56:$G8938,Sheet3!I$3)/3/2/IF(RIGHT(TRIM(Sheet3!$C45),3)="250",250, IF(RIGHT(TRIM(Sheet3!$C45),2)="02",180,1)) -> 0.47222222 | J45: =SUMIFS(Sheet1!$O56:$O8938,Sheet1!$K56:$K8938,Sheet3!$C45,Sheet1!$G56:$G8938,Sheet3!J$3)/3/2/IF(RIGHT(TRIM(Sheet3!$C45),3)="250",250, IF(RIGHT(TRIM(Sheet3!$C45),2)="02",180,1)) -> 0.050925926 | K45: =SUMIFS(Sheet1!$O56:$O8938,Sheet1!$K56:$K8938,Sheet3!$C45,Sheet1!$G56:$G8938,Sheet3!K$3)/3/2/IF(RIGHT(TRIM(Sheet3!$C45),3)="250",250, IF(RIGHT(TRIM(Sheet3!$C45),2)="02",180,1)) -> 0.36111111 | ... O45: =SUMIFS(Sheet1!$O56:$O8938,Sheet1!$K56:$K8938,Sheet3!$C45,Sheet1!$G56:$G8938,Sheet3!O$3)/3/2/IF(RIGHT(TRIM(Sheet3!$C45),3)="250",250, IF(RIGHT(TRIM(Sheet3!$C45),2)="02",180,1)) -> 0.097222222
C46: GOLDBOR10250 | D46: =SUMIFS(Sheet1!$O57:$O8939,Sheet1!$K57:$K8939,Sheet3!$C46,Sheet1!$G57:$G8939,Sheet3!D$3)/3/2/IF(RIGHT(TRIM(Sheet3!$C46),3)="250",250, IF(RIGHT(TRIM(Sheet3!$C46),2)="02",180,1)) -> 2.3333333 | E46: =SUMIFS(Sheet1!$O57:$O8939,Sheet1!$K57:$K8939,Sheet3!$C46,Sheet1!$G57:$G8939,Sheet3!E$3)/3/2/IF(RIGHT(TRIM(Sheet3!$C46),3)="250",250, IF(RIGHT(TRIM(Sheet3!$C46),2)="02",180,1)) -> 1 | F46: =SUMIFS(Sheet1!$O57:$O8939,Sheet1!$K57:$K8939,Sheet3!$C46,Sheet1!$G57:$G8939,Sheet3!F$3)/3/2/IF(RIGHT(TRIM(Sheet3!$C46),3)="250",250, IF(RIGHT(TRIM(Sheet3!$C46),2)="02",180,1)) -> 0 | G46: =SUMIFS(Sheet1!$O57:$O8939,Sheet1!$K57:$K8939,Sheet3!$C46,Sheet1!$G57:$G8939,Sheet3!G$3)/3/2/IF(RIGHT(TRIM(Sheet3!$C46),3)="250",250, IF(RIGHT(TRIM(Sheet3!$C46),2)="02",180,1)) -> 1.6666667 | H46: =SUMIFS(Sheet1!$O57:$O8939,Sheet1!$K57:$K8939,Sheet3!$C46,Sheet1!$G57:$G8939,Sheet3!H$3)/3/2/IF(RIGHT(TRIM(Sheet3!$C46),3)="250",250, IF(RIGHT(TRIM(Sheet3!$C46),2)="02",180,1)) -> 0 | I46: =SUMIFS(Sheet1!$O57:$O8939,Sheet1!$K57:$K8939,Sheet3!$C46,Sheet1!$G57:$G8939,Sheet3!I$3)/3/2/IF(RIGHT(TRIM(Sheet3!$C46),3)="250",250, IF(RIGHT(TRIM(Sheet3!$C46),2)="02",180,1)) -> 0.33333333 | J46: =SUMIFS(Sheet1!$O57:$O8939,Sheet1!$K57:$K8939,Sheet3!$C46,Sheet1!$G57:$G8939,Sheet3!J$3)/3/2/IF(RIGHT(TRIM(Sheet3!$C46),3)="250",250, IF(RIGHT(TRIM(Sheet3!$C46),2)="02",180,1)) -> 1.5266667 | K46: =SUMIFS(Sheet1!$O57:$O8939,Sheet1!$K57:$K8939,Sheet3!$C46,Sheet1!$G57:$G8939,Sheet3!K$3)/3/2/IF(RIGHT(TRIM(Sheet3!$C46),3)="250",250, IF(RIGHT(TRIM(Sheet3!$C46),2)="02",180,1)) -> 5.5 | ... O46: =SUMIFS(Sheet1!$O57:$O8939,Sheet1!$K57:$K8939,Sheet3!$C46,Sheet1!$G57:$G8939,Sheet3!O$3)/3/2/IF(RIGHT(TRIM(Sheet3!$C46),3)="250",250, IF(RIGHT(TRIM(Sheet3!$C46),2)="02",180,1)) -> 0
C47: Vented pHury
C48: FLO15001602 | D48: =SUMIFS(Sheet1!$O59:$O8941,Sheet1!$K59:$K8941,Sheet3!$C48,Sheet1!$G59:$G8941,Sheet3!D$3)/3/2/IF(RIGHT(TRIM(Sheet3!$C48),3)="250",250, IF(RIGHT(TRIM(Sheet3!$C48),2)="02",180,1)) -> 0.023148148 | E48: =SUMIFS(Sheet1!$O59:$O8941,Sheet1!$K59:$K8941,Sheet3!$C48,Sheet1!$G59:$G8941,Sheet3!E$3)/3/2/IF(RIGHT(TRIM(Sheet3!$C48),3)="250",250, IF(RIGHT(TRIM(Sheet3!$C48),2)="02",180,1)) -> 0.0092592593 | F48: =SUMIFS(Sheet1!$O59:$O8941,Sheet1!$K59:$K8941,Sheet3!$C48,Sheet1!$G59:$G8941,Sheet3!F$3)/3/2/IF(RIGHT(TRIM(Sheet3!$C48),3)="250",250, IF(RIGHT(TRIM(Sheet3!$C48),2)="02",180,1)) -> 0.064814815 | G48: =SUMIFS(Sheet1!$O59:$O8941,Sheet1!$K59:$K8941,Sheet3!$C48,Sheet1!$G59:$G8941,Sheet3!G$3)/3/2/IF(RIGHT(TRIM(Sheet3!$C48),3)="250",250, IF(RIGHT(TRIM(Sheet3!$C48),2)="02",180,1)) -> 0.074074074 | H48: =SUMIFS(Sheet1!$O59:$O8941,Sheet1!$K59:$K8941,Sheet3!$C48,Sheet1!$G59:$G8941,Sheet3!H$3)/3/2/IF(RIGHT(TRIM(Sheet3!$C48),3)="250",250, IF(RIGHT(TRIM(Sheet3!$C48),2)="02",180,1)) -> 0.078703704 | I48: =SUMIFS(Sheet1!$O59:$O8941,Sheet1!$K59:$K8941,Sheet3!$C48,Sheet1!$G59:$G8941,Sheet3!I$3)/3/2/IF(RIGHT(TRIM(Sheet3!$C48),3)="250",250, IF(RIGHT(TRIM(Sheet3!$C48),2)="02",180,1)) -> 0.0092592593 | J48: =SUMIFS(Sheet1!$O59:$O8941,Sheet1!$K59:$K8941,Sheet3!$C48,Sheet1!$G59:$G8941,Sheet3!J$3)/3/2/IF(RIGHT(TRIM(Sheet3!$C48),3)="250",250, IF(RIGHT(TRIM(Sheet3!$C48),2)="02",180,1)) -> 0.016203704 | K48: =SUMIFS(Sheet1!$O59:$O8941,Sheet1!$K59:$K8941,Sheet3!$C48,Sheet1!$G59:$G8941,Sheet3!K$3)/3/2/IF(RIGHT(TRIM(Sheet3!$C48),3)="250",250, IF(RIGHT(TRIM(Sheet3!$C48),2)="02",180,1)) -> 0.0069444444 | ... O48: =SUMIFS(Sheet1!$O59:$O8941,Sheet1!$K59:$K8941,Sheet3!$C48,Sheet1!$G59:$G8941,Sheet3!O$3)/3/2/IF(RIGHT(TRIM(Sheet3!$C48),3)="250",250, IF(RIGHT(TRIM(Sheet3!$C48),2)="02",180,1)) -> 0
C49: FLO150016250 | D49: =SUMIFS(Sheet1!$O61:$O8943,Sheet1!$K61:$K8943,Sheet3!$C49,Sheet1!$G61:$G8943,Sheet3!D$3)/3/2/IF(RIGHT(TRIM(Sheet3!$C49),3)="250",250, IF(RIGHT(TRIM(Sheet3!$C49),2)="02",180,1)) -> 0.5 | E49: =SUMIFS(Sheet1!$O61:$O8943,Sheet1!$K61:$K8943,Sheet3!$C49,Sheet1!$G61:$G8943,Sheet3!E$3)/3/2/IF(RIGHT(TRIM(Sheet3!$C49),3)="250",250, IF(RIGHT(TRIM(Sheet3!$C49),2)="02",180,1)) -> 1.1666667 | F49: =SUMIFS(Sheet1!$O61:$O8943,Sheet1!$K61:$K8943,Sheet3!$C49,Sheet1!$G61:$G8943,Sheet3!F$3)/3/2/IF(RIGHT(TRIM(Sheet3!$C49),3)="250",250, IF(RIGHT(TRIM(Sheet3!$C49),2)="02",180,1)) -> 0.66666667 | G49: =SUMIFS(Sheet1!$O61:$O8943,Sheet1!$K61:$K8943,Sheet3!$C49,Sheet1!$G61:$G8943,Sheet3!G$3)/3/2/IF(RIGHT(TRIM(Sheet3!$C49),3)="250",250, IF(RIGHT(TRIM(Sheet3!$C49),2)="02",180,1)) -> 1.62 | H49: =SUMIFS(Sheet1!$O61:$O8943,Sheet1!$K61:$K8943,Sheet3!$C49,Sheet1!$G61:$G8943,Sheet3!H$3)/3/2/IF(RIGHT(TRIM(Sheet3!$C49),3)="250",250, IF(RIGHT(TRIM(Sheet3!$C49),2)="02",180,1)) -> 1.6666667 | I49: =SUMIFS(Sheet1!$O61:$O8943,Sheet1!$K61:$K8943,Sheet3!$C49,Sheet1!$G61:$G8943,Sheet3!I$3)/3/2/IF(RIGHT(TRIM(Sheet3!$C49),3)="250",250, IF(RIGHT(TRIM(Sheet3!$C49),2)="02",180,1)) -> 0.5 | J49: =SUMIFS(Sheet1!$O61:$O8943,Sheet1!$K61:$K8943,Sheet3!$C49,Sheet1!$G61:$G8943,Sheet3!J$3)/3/2/IF(RIGHT(TRIM(Sheet3!$C49),3)="250",250, IF(RIGHT(TRIM(Sheet3!$C49),2)="02",180,1)) -> 0.66666667 | K49: =SUMIFS(Sheet1!$O61:$O8943,Sheet1!$K61:$K8943,Sheet3!$C49,Sheet1!$G61:$G8943,Sheet3!K$3)/3/2/IF(RIGHT(TRIM(Sheet3!$C49),3)="250",250, IF(RIGHT(TRIM(Sheet3!$C49),2)="02",180,1)) -> 0.33333333 | ... O49: =SUMIFS(Sheet1!$O61:$O8943,Sheet1!$K61:$K8943,Sheet3!$C49,Sheet1!$G61:$G8943,Sheet3!O$3)/3/2/IF(RIGHT(TRIM(Sheet3!$C49),3)="250",250, IF(RIGHT(TRIM(Sheet3!$C49),2)="02",180,1)) -> 0.5
C50: Dyna Gro Copper
C51: GROCU250 | D51: =SUMIFS(Sheet1!$O63:$O8945,Sheet1!$K63:$K8945,Sheet3!$C51,Sheet1!$G63:$G8945,Sheet3!D$3)/3/2/IF(RIGHT(TRIM(Sheet3!$C51),3)="250",250, IF(RIGHT(TRIM(Sheet3!$C51),2)="02",180,1)) -> 0 | E51: =SUMIFS(Sheet1!$O63:$O8945,Sheet1!$K63:$K8945,Sheet3!$C51,Sheet1!$G63:$G8945,Sheet3!E$3)/3/2/IF(RIGHT(TRIM(Sheet3!$C51),3)="250",250, IF(RIGHT(TRIM(Sheet3!$C51),2)="02",180,1)) -> 0 | F51: =SUMIFS(Sheet1!$O63:$O8945,Sheet1!$K63:$K8945,Sheet3!$C51,Sheet1!$G63:$G8945,Sheet3!F$3)/3/2/IF(RIGHT(TRIM(Sheet3!$C51),3)="250",250, IF(RIGHT(TRIM(Sheet3!$C51),2)="02",180,1)) -> 0 | G51: =SUMIFS(Sheet1!$O63:$O8945,Sheet1!$K63:$K8945,Sheet3!$C51,Sheet1!$G63:$G8945,Sheet3!G$3)/3/2/IF(RIGHT(TRIM(Sheet3!$C51),3)="250",250, IF(RIGHT(TRIM(Sheet3!$C51),2)="02",180,1)) -> 0 | H51: =SUMIFS(Sheet1!$O63:$O8945,Sheet1!$K63:$K8945,Sheet3!$C51,Sheet1!$G63:$G8945,Sheet3!H$3)/3/2/IF(RIGHT(TRIM(Sheet3!$C51),3)="250",250, IF(RIGHT(TRIM(Sheet3!$C51),2)="02",180,1)) -> 0.33333333 | I51: =SUMIFS(Sheet1!$O63:$O8945,Sheet1!$K63:$K8945,Sheet3!$C51,Sheet1!$G63:$G8945,Sheet3!I$3)/3/2/IF(RIGHT(TRIM(Sheet3!$C51),3)="250",250, IF(RIGHT(TRIM(Sheet3!$C51),2)="02",180,1)) -> 0.16666667 | J51: =SUMIFS(Sheet1!$O63:$O8945,Sheet1!$K63:$K8945,Sheet3!$C51,Sheet1!$G63:$G8945,Sheet3!J$3)/3/2/IF(RIGHT(TRIM(Sheet3!$C51),3)="250",250, IF(RIGHT(TRIM(Sheet3!$C51),2)="02",180,1)) -> 0.33333333 | K51: =SUMIFS(Sheet1!$O63:$O8945,Sheet1!$K63:$K8945,Sheet3!$C51,Sheet1!$G63:$G8945,Sheet3!K$3)/3/2/IF(RIGHT(TRIM(Sheet3!$C51),3)="250",250, IF(RIGHT(TRIM(Sheet3!$C51),2)="02",180,1)) -> 0.16666667 | ... O51: =SUMIFS(Sheet1!$O63:$O8945,Sheet1!$K63:$K8945,Sheet3!$C51,Sheet1!$G63:$G8945,Sheet3!O$3)/3/2/IF(RIGHT(TRIM(Sheet3!$C51),3)="250",250, IF(RIGHT(TRIM(Sheet3!$C51),2)="02",180,1)) -> 0.16666667
C52: GROCU02 | D52: =SUMIFS(Sheet1!$O64:$O8946,Sheet1!$K64:$K8946,Sheet3!$C52,Sheet1!$G64:$G8946,Sheet3!D$3)/3/2/IF(RIGHT(TRIM(Sheet3!$C52),3)="250",250, IF(RIGHT(TRIM(Sheet3!$C52),2)="02",180,1)) -> 0.16666667 | E52: =SUMIFS(Sheet1!$O64:$O8946,Sheet1!$K64:$K8946,Sheet3!$C52,Sheet1!$G64:$G8946,Sheet3!E$3)/3/2/IF(RIGHT(TRIM(Sheet3!$C52),3)="250",250, IF(RIGHT(TRIM(Sheet3!$C52),2)="02",180,1)) -> 0.5 | F52: =SUMIFS(Sheet1!$O64:$O8946,Sheet1!$K64:$K8946,Sheet3!$C52,Sheet1!$G64:$G8946,Sheet3!F$3)/3/2/IF(RIGHT(TRIM(Sheet3!$C52),3)="250",250, IF(RIGHT(TRIM(Sheet3!$C52),2)="02",180,1)) -> 0 | G52: =SUMIFS(Sheet1!$O64:$O8946,Sheet1!$K64:$K8946,Sheet3!$C52,Sheet1!$G64:$G8946,Sheet3!G$3)/3/2/IF(RIGHT(TRIM(Sheet3!$C52),3)="250",250, IF(RIGHT(TRIM(Sheet3!$C52),2)="02",180,1)) -> 1 | H52: =SUMIFS(Sheet1!$O64:$O8946,Sheet1!$K64:$K8946,Sheet3!$C52,Sheet1!$G64:$G8946,Sheet3!H$3)/3/2/IF(RIGHT(TRIM(Sheet3!$C52),3)="250",250, IF(RIGHT(TRIM(Sheet3!$C52),2)="02",180,1)) -> 1.4444444 | I52: =SUMIFS(Sheet1!$O64:$O8946,Sheet1!$K64:$K8946,Sheet3!$C52,Sheet1!$G64:$G8946,Sheet3!I$3)/3/2/IF(RIGHT(TRIM(Sheet3!$C52),3)="250",250, IF(RIGHT(TRIM(Sheet3!$C52),2)="02",180,1)) -> 0.5 | J52: =SUMIFS(Sheet1!$O64:$O8946,Sheet1!$K64:$K8946,Sheet3!$C52,Sheet1!$G64:$G8946,Sheet3!J$3)/3/2/IF(RIGHT(TRIM(Sheet3!$C52),3)="250",250, IF(RIGHT(TRIM(Sheet3!$C52),2)="02",180,1)) -> 1.5 | K52: =SUMIFS(Sheet1!$O64:$O8946,Sheet1!$K64:$K8946,Sheet3!$C52,Sheet1!$G64:$G8946,Sheet3!K$3)/3/2/IF(RIGHT(TRIM(Sheet3!$C52),3)="250",250, IF(RIGHT(TRIM(Sheet3!$C52),2)="02",180,1)) -> 1.1712963 | ... O52: =SUMIFS(Sheet1!$O64:$O8946,Sheet1!$K64:$K8946,Sheet3!$C52,Sheet1!$G64:$G8946,Sheet3!O$3)/3/2/IF(RIGHT(TRIM(Sheet3!$C52),3)="250",250, IF(RIGHT(TRIM(Sheet3!$C52),2)="02",180,1)) -> 1.3333333
C53: Dyna Gold Iron 5%
C54: GOLDFE250 | D54: =SUMIFS(Sheet1!$O68:$O8950,Sheet1!$K68:$K8950,Sheet3!$C54,Sheet1!$G68:$G8950,Sheet3!D$3)/3/2/IF(RIGHT(TRIM(Sheet3!$C54),3)="250",250, IF(RIGHT(TRIM(Sheet3!$C54),2)="02",180,1)) -> 0.16666667 | E54: =SUMIFS(Sheet1!$O68:$O8950,Sheet1!$K68:$K8950,Sheet3!$C54,Sheet1!$G68:$G8950,Sheet3!E$3)/3/2/IF(RIGHT(TRIM(Sheet3!$C54),3)="250",250, IF(RIGHT(TRIM(Sheet3!$C54),2)="02",180,1)) -> 0.33333333 | F54: =SUMIFS(Sheet1!$O68:$O8950,Sheet1!$K68:$K8950,Sheet3!$C54,Sheet1!$G68:$G8950,Sheet3!F$3)/3/2/IF(RIGHT(TRIM(Sheet3!$C54),3)="250",250, IF(RIGHT(TRIM(Sheet3!$C54),2)="02",180,1)) -> 0 | G54: =SUMIFS(Sheet1!$O68:$O8950,Sheet1!$K68:$K8950,Sheet3!$C54,Sheet1!$G68:$G8950,Sheet3!G$3)/3/2/IF(RIGHT(TRIM(Sheet3!$C54),3)="250",250, IF(RIGHT(TRIM(Sheet3!$C54),2)="02",180,1)) -> 0 | H54: =SUMIFS(Sheet1!$O68:$O8950,Sheet1!$K68:$K8950,Sheet3!$C54,Sheet1!$G68:$G8950,Sheet3!H$3)/3/2/IF(RIGHT(TRIM(Sheet3!$C54),3)="250",250, IF(RIGHT(TRIM(Sheet3!$C54),2)="02",180,1)) -> 0 | I54: =SUMIFS(Sheet1!$O68:$O8950,Sheet1!$K68:$K8950,Sheet3!$C54,Sheet1!$G68:$G8950,Sheet3!I$3)/3/2/IF(RIGHT(TRIM(Sheet3!$C54),3)="250",250, IF(RIGHT(TRIM(Sheet3!$C54),2)="02",180,1)) -> 0 | J54: =SUMIFS(Sheet1!$O68:$O8950,Sheet1!$K68:$K8950,Sheet3!$C54,Sheet1!$G68:$G8950,Sheet3!J$3)/3/2/IF(RIGHT(TRIM(Sheet3!$C54),3)="250",250, IF(RIGHT(TRIM(Sheet3!$C54),2)="02",180,1)) -> 0 | K54: =SUMIFS(Sheet1!$O68:$O8950,Sheet1!$K68:$K8950,Sheet3!$C54,Sheet1!$G68:$G8950,Sheet3!K$3)/3/2/IF(RIGHT(TRIM(Sheet3!$C54),3)="250",250, IF(RIGHT(TRIM(Sheet3!$C54),2)="02",180,1)) -> 0 | ... O54: =SUMIFS(Sheet1!$O68:$O8950,Sheet1!$K68:$K8950,Sheet3!$C54,Sheet1!$G68:$G8950,Sheet3!O$3)/3/2/IF(RIGHT(TRIM(Sheet3!$C54),3)="250",250, IF(RIGHT(TRIM(Sheet3!$C54),2)="02",180,1)) -> 0
C55: GOLDFE02 | D55: =SUMIFS(Sheet1!$O69:$O8951,Sheet1!$K69:$K8951,Sheet3!$C55,Sheet1!$G69:$G8951,Sheet3!D$3)/3/2/IF(RIGHT(TRIM(Sheet3!$C55),3)="250",250, IF(RIGHT(TRIM(Sheet3!$C55),2)="02",180,1)) -> 0.77777778 | E55: =SUMIFS(Sheet1!$O69:$O8951,Sheet1!$K69:$K8951,Sheet3!$C55,Sheet1!$G69:$G8951,Sheet3!E$3)/3/2/IF(RIGHT(TRIM(Sheet3!$C55),3)="250",250, IF(RIGHT(TRIM(Sheet3!$C55),2)="02",180,1)) -> 0.51851852 | F55: =SUMIFS(Sheet1!$O69:$O8951,Sheet1!$K69:$K8951,Sheet3!$C55,Sheet1!$G69:$G8951,Sheet3!F$3)/3/2/IF(RIGHT(TRIM(Sheet3!$C55),3)="250",250, IF(RIGHT(TRIM(Sheet3!$C55),2)="02",180,1)) -> 0.49537037 | G55: =SUMIFS(Sheet1!$O69:$O8951,Sheet1!$K69:$K8951,Sheet3!$C55,Sheet1!$G69:$G8951,Sheet3!G$3)/3/2/IF(RIGHT(TRIM(Sheet3!$C55),3)="250",250, IF(RIGHT(TRIM(Sheet3!$C55),2)="02",180,1)) -> 0.18518519 | H55: =SUMIFS(Sheet1!$O69:$O8951,Sheet1!$K69:$K8951,Sheet3!$C55,Sheet1!$G69:$G8951,Sheet3!H$3)/3/2/IF(RIGHT(TRIM(Sheet3!$C55),3)="250",250, IF(RIGHT(TRIM(Sheet3!$C55),2)="02",180,1)) -> 1.8634259 | I55: =SUMIFS(Sheet1!$O69:$O8951,Sheet1!$K69:$K8951,Sheet3!$C55,Sheet1!$G69:$G8951,Sheet3!I$3)/3/2/IF(RIGHT(TRIM(Sheet3!$C55),3)="250",250, IF(RIGHT(TRIM(Sheet3!$C55),2)="02",180,1)) -> 1.1666667 | J55: =SUMIFS(Sheet1!$O69:$O8951,Sheet1!$K69:$K8951,Sheet3!$C55,Sheet1!$G69:$G8951,Sheet3!J$3)/3/2/IF(RIGHT(TRIM(Sheet3!$C55),3)="250",250, IF(RIGHT(TRIM(Sheet3!$C55),2)="02",180,1)) -> 1.7314815 | K55: =SUMIFS(Sheet1!$O69:$O8951,Sheet1!$K69:$K8951,Sheet3!$C55,Sheet1!$G69:$G8951,Sheet3!K$3)/3/2/IF(RIGHT(TRIM(Sheet3!$C55),3)="250",250, IF(RIGHT(TRIM(Sheet3!$C55),2)="02",180,1)) -> 1.9074074 | ... O55: =SUMIFS(Sheet1!$O69:$O8951,Sheet1!$K69:$K8951,Sheet3!$C55,Sheet1!$G69:$G8951,Sheet3!O$3)/3/2/IF(RIGHT(TRIM(Sheet3!$C55),3)="250",250, IF(RIGHT(TRIM(Sheet3!$C55),2)="02",180,1)) -> 1.5648148
C56: Soar Micronutrient Mix
C57: SOARMIC250 | D57: =SUMIFS(Sheet1!$O73:$O8955,Sheet1!$K73:$K8955,Sheet3!$C57,Sheet1!$G73:$G8955,Sheet3!D$3)/3/2/IF(RIGHT(TRIM(Sheet3!$C57),3)="250",250, IF(RIGHT(TRIM(Sheet3!$C57),2)="02",180,1)) -> 0 | E57: =SUMIFS(Sheet1!$O73:$O8955,Sheet1!$K73:$K8955,Sheet3!$C57,Sheet1!$G73:$G8955,Sheet3!E$3)/3/2/IF(RIGHT(TRIM(Sheet3!$C57),3)="250",250, IF(RIGHT(TRIM(Sheet3!$C57),2)="02",180,1)) -> 0 | F57: =SUMIFS(Sheet1!$O73:$O8955,Sheet1!$K73:$K8955,Sheet3!$C57,Sheet1!$G73:$G8955,Sheet3!F$3)/3/2/IF(RIGHT(TRIM(Sheet3!$C57),3)="250",250, IF(RIGHT(TRIM(Sheet3!$C57),2)="02",180,1)) -> 0 | G57: =SUMIFS(Sheet1!$O73:$O8955,Sheet1!$K73:$K8955,Sheet3!$C57,Sheet1!$G73:$G8955,Sheet3!G$3)/3/2/IF(RIGHT(TRIM(Sheet3!$C57),3)="250",250, IF(RIGHT(TRIM(Sheet3!$C57),2)="02",180,1)) -> 0 | H57: =SUMIFS(Sheet1!$O73:$O8955,Sheet1!$K73:$K8955,Sheet3!$C57,Sheet1!$G73:$G8955,Sheet3!H$3)/3/2/IF(RIGHT(TRIM(Sheet3!$C57),3)="250",250, IF(RIGHT(TRIM(Sheet3!$C57),2)="02",180,1)) -> 0 | I57: =SUMIFS(Sheet1!$O73:$O8955,Sheet1!$K73:$K8955,Sheet3!$C57,Sheet1!$G73:$G8955,Sheet3!I$3)/3/2/IF(RIGHT(TRIM(Sheet3!$C57),3)="250",250, IF(RIGHT(TRIM(Sheet3!$C57),2)="02",180,1)) -> 0.5 | J57: =SUMIFS(Sheet1!$O73:$O8955,Sheet1!$K73:$K8955,Sheet3!$C57,Sheet1!$G73:$G8955,Sheet3!J$3)/3/2/IF(RIGHT(TRIM(Sheet3!$C57),3)="250",250, IF(RIGHT(TRIM(Sheet3!$C57),2)="02",180,1)) -> 0.33333333 | K57: =SUMIFS(Sheet1!$O73:$O8955,Sheet1!$K73:$K8955,Sheet3!$C57,Sheet1!$G73:$G8955,Sheet3!K$3)/3/2/IF(RIGHT(TRIM(Sheet3!$C57),3)="250",250, IF(RIGHT(TRIM(Sheet3!$C57),2)="02",180,1)) -> 1 | ... O57: =SUMIFS(Sheet1!$O73:$O8955,Sheet1!$K73:$K8955,Sheet3!$C57,Sheet1!$G73:$G8955,Sheet3!O$3)/3/2/IF(RIGHT(TRIM(Sheet3!$C57),3)="250",250, IF(RIGHT(TRIM(Sheet3!$C57),2)="02",180,1)) -> 0
C58: SOARMIC02 | D58: =SUMIFS(Sheet1!$O74:$O8956,Sheet1!$K74:$K8956,Sheet3!$C58,Sheet1!$G74:$G8956,Sheet3!D$3)/3/2/IF(RIGHT(TRIM(Sheet3!$C58),3)="250",250, IF(RIGHT(TRIM(Sheet3!$C58),2)="02",180,1)) -> 0.84259259 | E58: =SUMIFS(Sheet1!$O74:$O8956,Sheet1!$K74:$K8956,Sheet3!$C58,Sheet1!$G74:$G8956,Sheet3!E$3)/3/2/IF(RIGHT(TRIM(Sheet3!$C58),3)="250",250, IF(RIGHT(TRIM(Sheet3!$C58),2)="02",180,1)) -> 1.0231481 | F58: =SUMIFS(Sheet1!$O74:$O8956,Sheet1!$K74:$K8956,Sheet3!$C58,Sheet1!$G74:$G8956,Sheet3!F$3)/3/2/IF(RIGHT(TRIM(Sheet3!$C58),3)="250",250, IF(RIGHT(TRIM(Sheet3!$C58),2)="02",180,1)) -> 1.337963 | G58: =SUMIFS(Sheet1!$O74:$O8956,Sheet1!$K74:$K8956,Sheet3!$C58,Sheet1!$G74:$G8956,Sheet3!G$3)/3/2/IF(RIGHT(TRIM(Sheet3!$C58),3)="250",250, IF(RIGHT(TRIM(Sheet3!$C58),2)="02",180,1)) -> 1.0555556 | H58: =SUMIFS(Sheet1!$O74:$O8956,Sheet1!$K74:$K8956,Sheet3!$C58,Sheet1!$G74:$G8956,Sheet3!H$3)/3/2/IF(RIGHT(TRIM(Sheet3!$C58),3)="250",250, IF(RIGHT(TRIM(Sheet3!$C58),2)="02",180,1)) -> 1.3518519 | I58: =SUMIFS(Sheet1!$O74:$O8956,Sheet1!$K74:$K8956,Sheet3!$C58,Sheet1!$G74:$G8956,Sheet3!I$3)/3/2/IF(RIGHT(TRIM(Sheet3!$C58),3)="250",250, IF(RIGHT(TRIM(Sheet3!$C58),2)="02",180,1)) -> 1.3842593 | J58: =SUMIFS(Sheet1!$O74:$O8956,Sheet1!$K74:$K8956,Sheet3!$C58,Sheet1!$G74:$G8956,Sheet3!J$3)/3/2/IF(RIGHT(TRIM(Sheet3!$C58),3)="250",250, IF(RIGHT(TRIM(Sheet3!$C58),2)="02",180,1)) -> 0.8287037 | K58: =SUMIFS(Sheet1!$O74:$O8956,Sheet1!$K74:$K8956,Sheet3!$C58,Sheet1!$G74:$G8956,Sheet3!K$3)/3/2/IF(RIGHT(TRIM(Sheet3!$C58),3)="250",250, IF(RIGHT(TRIM(Sheet3!$C58),2)="02",180,1)) -> 1.1666667 | ... O58: =SUMIFS(Sheet1!$O74:$O8956,Sheet1!$K74:$K8956,Sheet3!$C58,Sheet1!$G74:$G8956,Sheet3!O$3)/3/2/IF(RIGHT(TRIM(Sheet3!$C58),3)="250",250, IF(RIGHT(TRIM(Sheet3!$C58),2)="02",180,1)) -> 0.83333333
C59: pHylo
C60: PHYLO02 | D60: =SUMIFS(Sheet1!$O77:$O8959,Sheet1!$K77:$K8959,Sheet3!$C60,Sheet1!$G77:$G8959,Sheet3!D$3)/3/2/IF(RIGHT(TRIM(Sheet3!$C60),3)="250",250, IF(RIGHT(TRIM(Sheet3!$C60),2)="02",180,1)) -> 0.27777778 | E60: =SUMIFS(Sheet1!$O77:$O8959,Sheet1!$K77:$K8959,Sheet3!$C60,Sheet1!$G77:$G8959,Sheet3!E$3)/3/2/IF(RIGHT(TRIM(Sheet3!$C60),3)="250",250, IF(RIGHT(TRIM(Sheet3!$C60),2)="02",180,1)) -> 0.99074074 | F60: =SUMIFS(Sheet1!$O77:$O8959,Sheet1!$K77:$K8959,Sheet3!$C60,Sheet1!$G77:$G8959,Sheet3!F$3)/3/2/IF(RIGHT(TRIM(Sheet3!$C60),3)="250",250, IF(RIGHT(TRIM(Sheet3!$C60),2)="02",180,1)) -> 1 | G60: =SUMIFS(Sheet1!$O77:$O8959,Sheet1!$K77:$K8959,Sheet3!$C60,Sheet1!$G77:$G8959,Sheet3!G$3)/3/2/IF(RIGHT(TRIM(Sheet3!$C60),3)="250",250, IF(RIGHT(TRIM(Sheet3!$C60),2)="02",180,1)) -> 1.8333333 | H60: =SUMIFS(Sheet1!$O77:$O8959,Sheet1!$K77:$K8959,Sheet3!$C60,Sheet1!$G77:$G8959,Sheet3!H$3)/3/2/IF(RIGHT(TRIM(Sheet3!$C60),3)="250",250, IF(RIGHT(TRIM(Sheet3!$C60),2)="02",180,1)) -> 3.5231481 | I60: =SUMIFS(Sheet1!$O77:$O8959,Sheet1!$K77:$K8959,Sheet3!$C60,Sheet1!$G77:$G8959,Sheet3!I$3)/3/2/IF(RIGHT(TRIM(Sheet3!$C60),3)="250",250, IF(RIGHT(TRIM(Sheet3!$C60),2)="02",180,1)) -> 2.1111111 | J60: =SUMIFS(Sheet1!$O77:$O8959,Sheet1!$K77:$K8959,Sheet3!$C60,Sheet1!$G77:$G8959,Sheet3!J$3)/3/2/IF(RIGHT(TRIM(Sheet3!$C60),3)="250",250, IF(RIGHT(TRIM(Sheet3!$C60),2)="02",180,1)) -> 0.66666667 | K60: =SUMIFS(Sheet1!$O77:$O8959,Sheet1!$K77:$K8959,Sheet3!$C60,Sheet1!$G77:$G8959,Sheet3!K$3)/3/2/IF(RIGHT(TRIM(Sheet3!$C60),3)="250",250, IF(RIGHT(TRIM(Sheet3!$C60),2)="02",180,1)) -> 0.77777778 | ... O60: =SUMIFS(Sheet1!$O77:$O8959,Sheet1!$K77:$K8959,Sheet3!$C60,Sheet1!$G77:$G8959,Sheet3!O$3)/3/2/IF(RIGHT(TRIM(Sheet3!$C60),3)="250",250, IF(RIGHT(TRIM(Sheet3!$C60),2)="02",180,1)) -> 0.22222222
C61: Dyna Flo 11-37-0
C62: FLO1137002 | D62: =SUMIFS(Sheet1!$O79:$O8961,Sheet1!$K79:$K8961,Sheet3!$C62,Sheet1!$G79:$G8961,Sheet3!D$3)/3/2/IF(RIGHT(TRIM(Sheet3!$C62),3)="250",250, IF(RIGHT(TRIM(Sheet3!$C62),2)="02",180,1)) -> 0.0092592593 | E62: =SUMIFS(Sheet1!$O79:$O8961,Sheet1!$K79:$K8961,Sheet3!$C62,Sheet1!$G79:$G8961,Sheet3!E$3)/3/2/IF(RIGHT(TRIM(Sheet3!$C62),3)="250",250, IF(RIGHT(TRIM(Sheet3!$C62),2)="02",180,1)) -> 0 | F62: =SUMIFS(Sheet1!$O79:$O8961,Sheet1!$K79:$K8961,Sheet3!$C62,Sheet1!$G79:$G8961,Sheet3!F$3)/3/2/IF(RIGHT(TRIM(Sheet3!$C62),3)="250",250, IF(RIGHT(TRIM(Sheet3!$C62),2)="02",180,1)) -> 0.0023148148 | G62: =SUMIFS(Sheet1!$O79:$O8961,Sheet1!$K79:$K8961,Sheet3!$C62,Sheet1!$G79:$G8961,Sheet3!G$3)/3/2/IF(RIGHT(TRIM(Sheet3!$C62),3)="250",250, IF(RIGHT(TRIM(Sheet3!$C62),2)="02",180,1)) -> 0.0046296296 | H62: =SUMIFS(Sheet1!$O79:$O8961,Sheet1!$K79:$K8961,Sheet3!$C62,Sheet1!$G79:$G8961,Sheet3!H$3)/3/2/IF(RIGHT(TRIM(Sheet3!$C62),3)="250",250, IF(RIGHT(TRIM(Sheet3!$C62),2)="02",180,1)) -> 0 | I62: =SUMIFS(Sheet1!$O79:$O8961,Sheet1!$K79:$K8961,Sheet3!$C62,Sheet1!$G79:$G8961,Sheet3!I$3)/3/2/IF(RIGHT(TRIM(Sheet3!$C62),3)="250",250, IF(RIGHT(TRIM(Sheet3!$C62),2)="02",180,1)) -> 0.050925926 | J62: =SUMIFS(Sheet1!$O79:$O8961,Sheet1!$K79:$K8961,Sheet3!$C62,Sheet1!$G79:$G8961,Sheet3!J$3)/3/2/IF(RIGHT(TRIM(Sheet3!$C62),3)="250",250, IF(RIGHT(TRIM(Sheet3!$C62),2)="02",180,1)) -> 0 | K62: =SUMIFS(Sheet1!$O79:$O8961,Sheet1!$K79:$K8961,Sheet3!$C62,Sheet1!$G79:$G8961,Sheet3!K$3)/3/2/IF(RIGHT(TRIM(Sheet3!$C62),3)="250",250, IF(RIGHT(TRIM(Sheet3!$C62),2)="02",180,1)) -> 0.0023148148 | ... O62: =SUMIFS(Sheet1!$O79:$O8961,Sheet1!$K79:$K8961,Sheet3!$C62,Sheet1!$G79:$G8961,Sheet3!O$3)/3/2/IF(RIGHT(TRIM(Sheet3!$C62),3)="250",250, IF(RIGHT(TRIM(Sheet3!$C62),2)="02",180,1)) -> 0
C63: FLO11370250 | D63: =SUMIFS(Sheet1!$O82:$O8964,Sheet1!$K82:$K8964,Sheet3!$C63,Sheet1!$G82:$G8964,Sheet3!D$3)/3/2/IF(RIGHT(TRIM(Sheet3!$C63),3)="250",250, IF(RIGHT(TRIM(Sheet3!$C63),2)="02",180,1)) -> 0 | E63: =SUMIFS(Sheet1!$O82:$O8964,Sheet1!$K82:$K8964,Sheet3!$C63,Sheet1!$G82:$G8964,Sheet3!E$3)/3/2/IF(RIGHT(TRIM(Sheet3!$C63),3)="250",250, IF(RIGHT(TRIM(Sheet3!$C63),2)="02",180,1)) -> 0 | F63: =SUMIFS(Sheet1!$O82:$O8964,Sheet1!$K82:$K8964,Sheet3!$C63,Sheet1!$G82:$G8964,Sheet3!F$3)/3/2/IF(RIGHT(TRIM(Sheet3!$C63),3)="250",250, IF(RIGHT(TRIM(Sheet3!$C63),2)="02",180,1)) -> 0 | G63: =SUMIFS(Sheet1!$O82:$O8964,Sheet1!$K82:$K8964,Sheet3!$C63,Sheet1!$G82:$G8964,Sheet3!G$3)/3/2/IF(RIGHT(TRIM(Sheet3!$C63),3)="250",250, IF(RIGHT(TRIM(Sheet3!$C63),2)="02",180,1)) -> 0 | H63: =SUMIFS(Sheet1!$O82:$O8964,Sheet1!$K82:$K8964,Sheet3!$C63,Sheet1!$G82:$G8964,Sheet3!H$3)/3/2/IF(RIGHT(TRIM(Sheet3!$C63),3)="250",250, IF(RIGHT(TRIM(Sheet3!$C63),2)="02",180,1)) -> 0.33333333 | I63: =SUMIFS(Sheet1!$O82:$O8964,Sheet1!$K82:$K8964,Sheet3!$C63,Sheet1!$G82:$G8964,Sheet3!I$3)/3/2/IF(RIGHT(TRIM(Sheet3!$C63),3)="250",250, IF(RIGHT(TRIM(Sheet3!$C63),2)="02",180,1)) -> 0.5 | J63: =SUMIFS(Sheet1!$O82:$O8964,Sheet1!$K82:$K8964,Sheet3!$C63,Sheet1!$G82:$G8964,Sheet3!J$3)/3/2/IF(RIGHT(TRIM(Sheet3!$C63),3)="250",250, IF(RIGHT(TRIM(Sheet3!$C63),2)="02",180,1)) -> 0.33333333 | K63: =SUMIFS(Sheet1!$O82:$O8964,Sheet1!$K82:$K8964,Sheet3!$C63,Sheet1!$G82:$G8964,Sheet3!K$3)/3/2/IF(RIGHT(TRIM(Sheet3!$C63),3)="250",250, IF(RIGHT(TRIM(Sheet3!$C63),2)="02",180,1)) -> 0.16666667 | ... O63: =SUMIFS(Sheet1!$O82:$O8964,Sheet1!$K82:$K8964,Sheet3!$C63,Sheet1!$G82:$G8964,Sheet3!O$3)/3/2/IF(RIGHT(TRIM(Sheet3!$C63),3)="250",250, IF(RIGHT(TRIM(Sheet3!$C63),2)="02",180,1)) -> 0
C64: Nitro Gold Nutritional 1512368
C65: NIT1512368250 | D65: =SUMIFS(Sheet1!$O85:$O8967,Sheet1!$K85:$K8967,Sheet3!$C65,Sheet1!$G85:$G8967,Sheet3!D$3)/3/2/IF(RIGHT(TRIM(Sheet3!$C65),3)="250",250, IF(RIGHT(TRIM(Sheet3!$C65),2)="02",180,1)) -> 0.33333333 | E65: =SUMIFS(Sheet1!$O85:$O8967,Sheet1!$K85:$K8967,Sheet3!$C65,Sheet1!$G85:$G8967,Sheet3!E$3)/3/2/IF(RIGHT(TRIM(Sheet3!$C65),3)="250",250, IF(RIGHT(TRIM(Sheet3!$C65),2)="02",180,1)) -> 0.5 | F65: =SUMIFS(Sheet1!$O85:$O8967,Sheet1!$K85:$K8967,Sheet3!$C65,Sheet1!$G85:$G8967,Sheet3!F$3)/3/2/IF(RIGHT(TRIM(Sheet3!$C65),3)="250",250, IF(RIGHT(TRIM(Sheet3!$C65),2)="02",180,1)) -> 0 | G65: =SUMIFS(Sheet1!$O85:$O8967,Sheet1!$K85:$K8967,Sheet3!$C65,Sheet1!$G85:$G8967,Sheet3!G$3)/3/2/IF(RIGHT(TRIM(Sheet3!$C65),3)="250",250, IF(RIGHT(TRIM(Sheet3!$C65),2)="02",180,1)) -> 0.5 | H65: =SUMIFS(Sheet1!$O85:$O8967,Sheet1!$K85:$K8967,Sheet3!$C65,Sheet1!$G85:$G8967,Sheet3!H$3)/3/2/IF(RIGHT(TRIM(Sheet3!$C65),3)="250",250, IF(RIGHT(TRIM(Sheet3!$C65),2)="02",180,1)) -> 0.17666667 | I65: =SUMIFS(Sheet1!$O85:$O8967,Sheet1!$K85:$K8967,Sheet3!$C65,Sheet1!$G85:$G8967,Sheet3!I$3)/3/2/IF(RIGHT(TRIM(Sheet3!$C65),3)="250",250, IF(RIGHT(TRIM(Sheet3!$C65),2)="02",180,1)) -> 0.83333333 | J65: =SUMIFS(Sheet1!$O85:$O8967,Sheet1!$K85:$K8967,Sheet3!$C65,Sheet1!$G85:$G8967,Sheet3!J$3)/3/2/IF(RIGHT(TRIM(Sheet3!$C65),3)="250",250, IF(RIGHT(TRIM(Sheet3!$C65),2)="02",180,1)) -> 1 | K65: =SUMIFS(Sheet1!$O85:$O8967,Sheet1!$K85:$K8967,Sheet3!$C65,Sheet1!$G85:$G8967,Sheet3!K$3)/3/2/IF(RIGHT(TRIM(Sheet3!$C65),3)="250",250, IF(RIGHT(TRIM(Sheet3!$C65),2)="02",180,1)) -> 0.66666667 | ... O65: =SUMIFS(Sheet1!$O85:$O8967,Sheet1!$K85:$K8967,Sheet3!$C65,Sheet1!$G85:$G8967,Sheet3!O$3)/3/2/IF(RIGHT(TRIM(Sheet3!$C65),3)="250",250, IF(RIGHT(TRIM(Sheet3!$C65),2)="02",180,1)) -> 1
C66: Micro 7
C67: GOLDMICRO702 | D67: =SUMIFS(Sheet1!$O89:$O8971,Sheet1!$K89:$K8971,Sheet3!$C67,Sheet1!$G89:$G8971,Sheet3!D$3)/3/2/IF(RIGHT(TRIM(Sheet3!$C67),3)="250",250, IF(RIGHT(TRIM(Sheet3!$C67),2)="02",180,1)) -> 0 | E67: =SUMIFS(Sheet1!$O89:$O8971,Sheet1!$K89:$K8971,Sheet3!$C67,Sheet1!$G89:$G8971,Sheet3!E$3)/3/2/IF(RIGHT(TRIM(Sheet3!$C67),3)="250",250, IF(RIGHT(TRIM(Sheet3!$C67),2)="02",180,1)) -> 0 | F67: =SUMIFS(Sheet1!$O89:$O8971,Sheet1!$K89:$K8971,Sheet3!$C67,Sheet1!$G89:$G8971,Sheet3!F$3)/3/2/IF(RIGHT(TRIM(Sheet3!$C67),3)="250",250, IF(RIGHT(TRIM(Sheet3!$C67),2)="02",180,1)) -> 0.083333333 | G67: =SUMIFS(Sheet1!$O89:$O8971,Sheet1!$K89:$K8971,Sheet3!$C67,Sheet1!$G89:$G8971,Sheet3!G$3)/3/2/IF(RIGHT(TRIM(Sheet3!$C67),3)="250",250, IF(RIGHT(TRIM(Sheet3!$C67),2)="02",180,1)) -> 0.083333333 | H67: =SUMIFS(Sheet1!$O89:$O8971,Sheet1!$K89:$K8971,Sheet3!$C67,Sheet1!$G89:$G8971,Sheet3!H$3)/3/2/IF(RIGHT(TRIM(Sheet3!$C67),3)="250",250, IF(RIGHT(TRIM(Sheet3!$C67),2)="02",180,1)) -> 0 | I67: =SUMIFS(Sheet1!$O89:$O8971,Sheet1!$K89:$K8971,Sheet3!$C67,Sheet1!$G89:$G8971,Sheet3!I$3)/3/2/IF(RIGHT(TRIM(Sheet3!$C67),3)="250",250, IF(RIGHT(TRIM(Sheet3!$C67),2)="02",180,1)) -> 0.38888889 | J67: =SUMIFS(Sheet1!$O89:$O8971,Sheet1!$K89:$K8971,Sheet3!$C67,Sheet1!$G89:$G8971,Sheet3!J$3)/3/2/IF(RIGHT(TRIM(Sheet3!$C67),3)="250",250, IF(RIGHT(TRIM(Sheet3!$C67),2)="02",180,1)) -> 0 | K67: =SUMIFS(Sheet1!$O89:$O8971,Sheet1!$K89:$K8971,Sheet3!$C67,Sheet1!$G89:$G8971,Sheet3!K$3)/3/2/IF(RIGHT(TRIM(Sheet3!$C67),3)="250",250, IF(RIGHT(TRIM(Sheet3!$C67),2)="02",180,1)) -> 0.083333333 | ... O67: =SUMIFS(Sheet1!$O89:$O8971,Sheet1!$K89:$K8971,Sheet3!$C67,Sheet1!$G89:$G8971,Sheet3!O$3)/3/2/IF(RIGHT(TRIM(Sheet3!$C67),3)="250",250, IF(RIGHT(TRIM(Sheet3!$C67),2)="02",180,1)) -> 0.11111111
C68: GOLDMICRO7250 | D68: =SUMIFS(Sheet1!$O90:$O8972,Sheet1!$K90:$K8972,Sheet3!$C68,Sheet1!$G90:$G8972,Sheet3!D$3)/3/2/IF(RIGHT(TRIM(Sheet3!$C68),3)="250",250, IF(RIGHT(TRIM(Sheet3!$C68),2)="02",180,1)) -> 0 | E68: =SUMIFS(Sheet1!$O90:$O8972,Sheet1!$K90:$K8972,Sheet3!$C68,Sheet1!$G90:$G8972,Sheet3!E$3)/3/2/IF(RIGHT(TRIM(Sheet3!$C68),3)="250",250, IF(RIGHT(TRIM(Sheet3!$C68),2)="02",180,1)) -> 0.16666667 | F68: =SUMIFS(Sheet1!$O90:$O8972,Sheet1!$K90:$K8972,Sheet3!$C68,Sheet1!$G90:$G8972,Sheet3!F$3)/3/2/IF(RIGHT(TRIM(Sheet3!$C68),3)="250",250, IF(RIGHT(TRIM(Sheet3!$C68),2)="02",180,1)) -> 0.33333333 | G68: =SUMIFS(Sheet1!$O90:$O8972,Sheet1!$K90:$K8972,Sheet3!$C68,Sheet1!$G90:$G8972,Sheet3!G$3)/3/2/IF(RIGHT(TRIM(Sheet3!$C68),3)="250",250, IF(RIGHT(TRIM(Sheet3!$C68),2)="02",180,1)) -> 0.18333333 | H68: =SUMIFS(Sheet1!$O90:$O8972,Sheet1!$K90:$K8972,Sheet3!$C68,Sheet1!$G90:$G8972,Sheet3!H$3)/3/2/IF(RIGHT(TRIM(Sheet3!$C68),3)="250",250, IF(RIGHT(TRIM(Sheet3!$C68),2)="02",180,1)) -> 1.4166667 | I68: =SUMIFS(Sheet1!$O90:$O8972,Sheet1!$K90:$K8972,Sheet3!$C68,Sheet1!$G90:$G8972,Sheet3!I$3)/3/2/IF(RIGHT(TRIM(Sheet3!$C68),3)="250",250, IF(RIGHT(TRIM(Sheet3!$C68),2)="02",180,1)) -> 0 | J68: =SUMIFS(Sheet1!$O90:$O8972,Sheet1!$K90:$K8972,Sheet3!$C68,Sheet1!$G90:$G8972,Sheet3!J$3)/3/2/IF(RIGHT(TRIM(Sheet3!$C68),3)="250",250, IF(RIGHT(TRIM(Sheet3!$C68),2)="02",180,1)) -> 1.2 | K68: =SUMIFS(Sheet1!$O90:$O8972,Sheet1!$K90:$K8972,Sheet3!$C68,Sheet1!$G90:$G8972,Sheet3!K$3)/3/2/IF(RIGHT(TRIM(Sheet3!$C68),3)="250",250, IF(RIGHT(TRIM(Sheet3!$C68),2)="02",180,1)) -> 0 | ... O68: =SUMIFS(Sheet1!$O90:$O8972,Sheet1!$K90:$K8972,Sheet3!$C68,Sheet1!$G90:$G8972,Sheet3!O$3)/3/2/IF(RIGHT(TRIM(Sheet3!$C68),3)="250",250, IF(RIGHT(TRIM(Sheet3!$C68),2)="02",180,1)) -> 0.83333333
C69: Agri Plex Manganese 5%
C70: AGBAPMN02 | D70: =SUMIFS(Sheet1!$O92:$O8974,Sheet1!$K92:$K8974,Sheet3!$C70,Sheet1!$G92:$G8974,Sheet3!D$3)/3/2/IF(RIGHT(TRIM(Sheet3!$C70),3)="250",250, IF(RIGHT(TRIM(Sheet3!$C70),2)="02",180,1)) -> 0 | E70: =SUMIFS(Sheet1!$O92:$O8974,Sheet1!$K92:$K8974,Sheet3!$C70,Sheet1!$G92:$G8974,Sheet3!E$3)/3/2/IF(RIGHT(TRIM(Sheet3!$C70),3)="250",250, IF(RIGHT(TRIM(Sheet3!$C70),2)="02",180,1)) -> 0 | F70: =SUMIFS(Sheet1!$O92:$O8974,Sheet1!$K92:$K8974,Sheet3!$C70,Sheet1!$G92:$G8974,Sheet3!F$3)/3/2/IF(RIGHT(TRIM(Sheet3!$C70),3)="250",250, IF(RIGHT(TRIM(Sheet3!$C70),2)="02",180,1)) -> 0 | G70: =SUMIFS(Sheet1!$O92:$O8974,Sheet1!$K92:$K8974,Sheet3!$C70,Sheet1!$G92:$G8974,Sheet3!G$3)/3/2/IF(RIGHT(TRIM(Sheet3!$C70),3)="250",250, IF(RIGHT(TRIM(Sheet3!$C70),2)="02",180,1)) -> 0 | H70: =SUMIFS(Sheet1!$O92:$O8974,Sheet1!$K92:$K8974,Sheet3!$C70,Sheet1!$G92:$G8974,Sheet3!H$3)/3/2/IF(RIGHT(TRIM(Sheet3!$C70),3)="250",250, IF(RIGHT(TRIM(Sheet3!$C70),2)="02",180,1)) -> 0 | I70: =SUMIFS(Sheet1!$O92:$O8974,Sheet1!$K92:$K8974,Sheet3!$C70,Sheet1!$G92:$G8974,Sheet3!I$3)/3/2/IF(RIGHT(TRIM(Sheet3!$C70),3)="250",250, IF(RIGHT(TRIM(Sheet3!$C70),2)="02",180,1)) -> 1.6666667 | J70: =SUMIFS(Sheet1!$O92:$O8974,Sheet1!$K92:$K8974,Sheet3!$C70,Sheet1!$G92:$G8974,Sheet3!J$3)/3/2/IF(RIGHT(TRIM(Sheet3!$C70),3)="250",250, IF(RIGHT(TRIM(Sheet3!$C70),2)="02",180,1)) -> 0 | K70: =SUMIFS(Sheet1!$O92:$O8974,Sheet1!$K92:$K8974,Sheet3!$C70,Sheet1!$G92:$G8974,Sheet3!K$3)/3/2/IF(RIGHT(TRIM(Sheet3!$C70),3)="250",250, IF(RIGHT(TRIM(Sheet3!$C70),2)="02",180,1)) -> 2 | ... O70: =SUMIFS(Sheet1!$O92:$O8974,Sheet1!$K92:$K8974,Sheet3!$C70,Sheet1!$G92:$G8974,Sheet3!O$3)/3/2/IF(RIGHT(TRIM(Sheet3!$C70),3)="250",250, IF(RIGHT(TRIM(Sheet3!$C70),2)="02",180,1)) -> 0
C71: Dyna Gro Citrite 779
C72: GRO779250 | D72: =SUMIFS(Sheet1!$O96:$O8978,Sheet1!$K96:$K8978,Sheet3!$C72,Sheet1!$G96:$G8978,Sheet3!D$3)/3/2/IF(RIGHT(TRIM(Sheet3!$C72),3)="250",250, IF(RIGHT(TRIM(Sheet3!$C72),2)="02",180,1)) -> 0 | E72: =SUMIFS(Sheet1!$O96:$O8978,Sheet1!$K96:$K8978,Sheet3!$C72,Sheet1!$G96:$G8978,Sheet3!E$3)/3/2/IF(RIGHT(TRIM(Sheet3!$C72),3)="250",250, IF(RIGHT(TRIM(Sheet3!$C72),2)="02",180,1)) -> 0 | F72: =SUMIFS(Sheet1!$O96:$O8978,Sheet1!$K96:$K8978,Sheet3!$C72,Sheet1!$G96:$G8978,Sheet3!F$3)/3/2/IF(RIGHT(TRIM(Sheet3!$C72),3)="250",250, IF(RIGHT(TRIM(Sheet3!$C72),2)="02",180,1)) -> 0 | G72: =SUMIFS(Sheet1!$O96:$O8978,Sheet1!$K96:$K8978,Sheet3!$C72,Sheet1!$G96:$G8978,Sheet3!G$3)/3/2/IF(RIGHT(TRIM(Sheet3!$C72),3)="250",250, IF(RIGHT(TRIM(Sheet3!$C72),2)="02",180,1)) -> 0 | H72: =SUMIFS(Sheet1!$O96:$O8978,Sheet1!$K96:$K8978,Sheet3!$C72,Sheet1!$G96:$G8978,Sheet3!H$3)/3/2/IF(RIGHT(TRIM(Sheet3!$C72),3)="250",250, IF(RIGHT(TRIM(Sheet3!$C72),2)="02",180,1)) -> 0 | I72: =SUMIFS(Sheet1!$O96:$O8978,Sheet1!$K96:$K8978,Sheet3!$C72,Sheet1!$G96:$G8978,Sheet3!I$3)/3/2/IF(RIGHT(TRIM(Sheet3!$C72),3)="250",250, IF(RIGHT(TRIM(Sheet3!$C72),2)="02",180,1)) -> 0 | J72: =SUMIFS(Sheet1!$O96:$O8978,Sheet1!$K96:$K8978,Sheet3!$C72,Sheet1!$G96:$G8978,Sheet3!J$3)/3/2/IF(RIGHT(TRIM(Sheet3!$C72),3)="250",250, IF(RIGHT(TRIM(Sheet3!$C72),2)="02",180,1)) -> 0.5 | K72: =SUMIFS(Sheet1!$O96:$O8978,Sheet1!$K96:$K8978,Sheet3!$C72,Sheet1!$G96:$G8978,Sheet3!K$3)/3/2/IF(RIGHT(TRIM(Sheet3!$C72),3)="250",250, IF(RIGHT(TRIM(Sheet3!$C72),2)="02",180,1)) -> 0.5 | ... O72: =SUMIFS(Sheet1!$O96:$O8978,Sheet1!$K96:$K8978,Sheet3!$C72,Sheet1!$G96:$G8978,Sheet3!O$3)/3/2/IF(RIGHT(TRIM(Sheet3!$C72),3)="250",250, IF(RIGHT(TRIM(Sheet3!$C72),2)="02",180,1)) -> 0.16666667
C73: GRO77902 | D73: =SUMIFS(Sheet1!$O97:$O8979,Sheet1!$K97:$K8979,Sheet3!$C73,Sheet1!$G97:$G8979,Sheet3!D$3)/3/2/IF(RIGHT(TRIM(Sheet3!$C73),3)="250",250, IF(RIGHT(TRIM(Sheet3!$C73),2)="02",180,1)) -> 0 | E73: =SUMIFS(Sheet1!$O97:$O8979,Sheet1!$K97:$K8979,Sheet3!$C73,Sheet1!$G97:$G8979,Sheet3!E$3)/3/2/IF(RIGHT(TRIM(Sheet3!$C73),3)="250",250, IF(RIGHT(TRIM(Sheet3!$C73),2)="02",180,1)) -> 0.0046296296 | F73: =SUMIFS(Sheet1!$O97:$O8979,Sheet1!$K97:$K8979,Sheet3!$C73,Sheet1!$G97:$G8979,Sheet3!F$3)/3/2/IF(RIGHT(TRIM(Sheet3!$C73),3)="250",250, IF(RIGHT(TRIM(Sheet3!$C73),2)="02",180,1)) -> 0.33333333 | G73: =SUMIFS(Sheet1!$O97:$O8979,Sheet1!$K97:$K8979,Sheet3!$C73,Sheet1!$G97:$G8979,Sheet3!G$3)/3/2/IF(RIGHT(TRIM(Sheet3!$C73),3)="250",250, IF(RIGHT(TRIM(Sheet3!$C73),2)="02",180,1)) -> 0.33333333 | H73: =SUMIFS(Sheet1!$O97:$O8979,Sheet1!$K97:$K8979,Sheet3!$C73,Sheet1!$G97:$G8979,Sheet3!H$3)/3/2/IF(RIGHT(TRIM(Sheet3!$C73),3)="250",250, IF(RIGHT(TRIM(Sheet3!$C73),2)="02",180,1)) -> 0.66666667 | I73: =SUMIFS(Sheet1!$O97:$O8979,Sheet1!$K97:$K8979,Sheet3!$C73,Sheet1!$G97:$G8979,Sheet3!I$3)/3/2/IF(RIGHT(TRIM(Sheet3!$C73),3)="250",250, IF(RIGHT(TRIM(Sheet3!$C73),2)="02",180,1)) -> 0.83333333 | J73: =SUMIFS(Sheet1!$O97:$O8979,Sheet1!$K97:$K8979,Sheet3!$C73,Sheet1!$G97:$G8979,Sheet3!J$3)/3/2/IF(RIGHT(TRIM(Sheet3!$C73),3)="250",250, IF(RIGHT(TRIM(Sheet3!$C73),2)="02",180,1)) -> 0.39814815 | K73: =SUMIFS(Sheet1!$O97:$O8979,Sheet1!$K97:$K8979,Sheet3!$C73,Sheet1!$G97:$G8979,Sheet3!K$3)/3/2/IF(RIGHT(TRIM(Sheet3!$C73),3)="250",250, IF(RIGHT(TRIM(Sheet3!$C73),2)="02",180,1)) -> 0.33564815 | ... O73: =SUMIFS(Sheet1!$O97:$O8979,Sheet1!$K97:$K8979,Sheet3!$C73,Sheet1!$G97:$G8979,Sheet3!O$3)/3/2/IF(RIGHT(TRIM(Sheet3!$C73),3)="250",250, IF(RIGHT(TRIM(Sheet3!$C73),2)="02",180,1)) -> 0.66666667
C74: Vented Manga Plex Plus
C75: USCMANPLX+02 | D75: =SUMIFS(Sheet1!$O101:$O8983,Sheet1!$K101:$K8983,Sheet3!$C75,Sheet1!$G101:$G8983,Sheet3!D$3)/3/2/IF(RIGHT(TRIM(Sheet3!$C75),3)="250",250, IF(RIGHT(TRIM(Sheet3!$C75),2)="02",180,1)) -> 0.5787037 | E75: =SUMIFS(Sheet1!$O101:$O8983,Sheet1!$K101:$K8983,Sheet3!$C75,Sheet1!$G101:$G8983,Sheet3!E$3)/3/2/IF(RIGHT(TRIM(Sheet3!$C75),3)="250",250, IF(RIGHT(TRIM(Sheet3!$C75),2)="02",180,1)) -> 0.67592593 | F75: =SUMIFS(Sheet1!$O101:$O8983,Sheet1!$K101:$K8983,Sheet3!$C75,Sheet1!$G101:$G8983,Sheet3!F$3)/3/2/IF(RIGHT(TRIM(Sheet3!$C75),3)="250",250, IF(RIGHT(TRIM(Sheet3!$C75),2)="02",180,1)) -> 0.78240741 | G75: =SUMIFS(Sheet1!$O101:$O8983,Sheet1!$K101:$K8983,Sheet3!$C75,Sheet1!$G101:$G8983,Sheet3!G$3)/3/2/IF(RIGHT(TRIM(Sheet3!$C75),3)="250",250, IF(RIGHT(TRIM(Sheet3!$C75),2)="02",180,1)) -> 0.98148148 | H75: =SUMIFS(Sheet1!$O101:$O8983,Sheet1!$K101:$K8983,Sheet3!$C75,Sheet1!$G101:$G8983,Sheet3!H$3)/3/2/IF(RIGHT(TRIM(Sheet3!$C75),3)="250",250, IF(RIGHT(TRIM(Sheet3!$C75),2)="02",180,1)) -> 0.4537037 | I75: =SUMIFS(Sheet1!$O101:$O8983,Sheet1!$K101:$K8983,Sheet3!$C75,Sheet1!$G101:$G8983,Sheet3!I$3)/3/2/IF(RIGHT(TRIM(Sheet3!$C75),3)="250",250, IF(RIGHT(TRIM(Sheet3!$C75),2)="02",180,1)) -> 0.86574074 | J75: =SUMIFS(Sheet1!$O101:$O8983,Sheet1!$K101:$K8983,Sheet3!$C75,Sheet1!$G101:$G8983,Sheet3!J$3)/3/2/IF(RIGHT(TRIM(Sheet3!$C75),3)="250",250, IF(RIGHT(TRIM(Sheet3!$C75),2)="02",180,1)) -> 0.8287037 | K75: =SUMIFS(Sheet1!$O101:$O8983,Sheet1!$K101:$K8983,Sheet3!$C75,Sheet1!$G101:$G8983,Sheet3!K$3)/3/2/IF(RIGHT(TRIM(Sheet3!$C75),3)="250",250, IF(RIGHT(TRIM(Sheet3!$C75),2)="02",180,1)) -> 0.5787037 | ... O75: =SUMIFS(Sheet1!$O101:$O8983,Sheet1!$K101:$K8983,Sheet3!$C75,Sheet1!$G101:$G8983,Sheet3!O$3)/3/2/IF(RIGHT(TRIM(Sheet3!$C75),3)="250",250, IF(RIGHT(TRIM(Sheet3!$C75),2)="02",180,1)) -> 0.62037037
C76: Dyna Flo Calcium Thiosulfate
C77: FLOCATS250 | D77: =SUMIFS(Sheet1!$O104:$O8986,Sheet1!$K104:$K8986,Sheet3!$C77,Sheet1!$G104:$G8986,Sheet3!D$3)/3/2/IF(RIGHT(TRIM(Sheet3!$C77),3)="250",250, IF(RIGHT(TRIM(Sheet3!$C77),2)="02",180,1)) -> 0 | E77: =SUMIFS(Sheet1!$O104:$O8986,Sheet1!$K104:$K8986,Sheet3!$C77,Sheet1!$G104:$G8986,Sheet3!E$3)/3/2/IF(RIGHT(TRIM(Sheet3!$C77),3)="250",250, IF(RIGHT(TRIM(Sheet3!$C77),2)="02",180,1)) -> 1.5 | F77: =SUMIFS(Sheet1!$O104:$O8986,Sheet1!$K104:$K8986,Sheet3!$C77,Sheet1!$G104:$G8986,Sheet3!F$3)/3/2/IF(RIGHT(TRIM(Sheet3!$C77),3)="250",250, IF(RIGHT(TRIM(Sheet3!$C77),2)="02",180,1)) -> 0.5 | G77: =SUMIFS(Sheet1!$O104:$O8986,Sheet1!$K104:$K8986,Sheet3!$C77,Sheet1!$G104:$G8986,Sheet3!G$3)/3/2/IF(RIGHT(TRIM(Sheet3!$C77),3)="250",250, IF(RIGHT(TRIM(Sheet3!$C77),2)="02",180,1)) -> 1.6666667 | H77: =SUMIFS(Sheet1!$O104:$O8986,Sheet1!$K104:$K8986,Sheet3!$C77,Sheet1!$G104:$G8986,Sheet3!H$3)/3/2/IF(RIGHT(TRIM(Sheet3!$C77),3)="250",250, IF(RIGHT(TRIM(Sheet3!$C77),2)="02",180,1)) -> 2 | I77: =SUMIFS(Sheet1!$O104:$O8986,Sheet1!$K104:$K8986,Sheet3!$C77,Sheet1!$G104:$G8986,Sheet3!I$3)/3/2/IF(RIGHT(TRIM(Sheet3!$C77),3)="250",250, IF(RIGHT(TRIM(Sheet3!$C77),2)="02",180,1)) -> 0.5 | J77: =SUMIFS(Sheet1!$O104:$O8986,Sheet1!$K104:$K8986,Sheet3!$C77,Sheet1!$G104:$G8986,Sheet3!J$3)/3/2/IF(RIGHT(TRIM(Sheet3!$C77),3)="250",250, IF(RIGHT(TRIM(Sheet3!$C77),2)="02",180,1)) -> 1.1666667 | K77: =SUMIFS(Sheet1!$O104:$O8986,Sheet1!$K104:$K8986,Sheet3!$C77,Sheet1!$G104:$G8986,Sheet3!K$3)/3/2/IF(RIGHT(TRIM(Sheet3!$C77),3)="250",250, IF(RIGHT(TRIM(Sheet3!$C77),2)="02",180,1)) -> 0.16666667 | ... O77: =SUMIFS(Sheet1!$O104:$O8986,Sheet1!$K104:$K8986,Sheet3!$C77,Sheet1!$G104:$G8986,Sheet3!O$3)/3/2/IF(RIGHT(TRIM(Sheet3!$C77),3)="250",250, IF(RIGHT(TRIM(Sheet3!$C77),2)="02",180,1)) -> 0
C78: T&O Max
C79: GOLDT&O02 | D79: =SUMIFS(Sheet1!$O106:$O8988,Sheet1!$K106:$K8988,Sheet3!$C79,Sheet1!$G106:$G8988,Sheet3!D$3)/3/2/IF(RIGHT(TRIM(Sheet3!$C79),3)="250",250, IF(RIGHT(TRIM(Sheet3!$C79),2)="02",180,1)) -> 0 | E79: =SUMIFS(Sheet1!$O106:$O8988,Sheet1!$K106:$K8988,Sheet3!$C79,Sheet1!$G106:$G8988,Sheet3!E$3)/3/2/IF(RIGHT(TRIM(Sheet3!$C79),3)="250",250, IF(RIGHT(TRIM(Sheet3!$C79),2)="02",180,1)) -> 0 | F79: =SUMIFS(Sheet1!$O106:$O8988,Sheet1!$K106:$K8988,Sheet3!$C79,Sheet1!$G106:$G8988,Sheet3!F$3)/3/2/IF(RIGHT(TRIM(Sheet3!$C79),3)="250",250, IF(RIGHT(TRIM(Sheet3!$C79),2)="02",180,1)) -> 0 | G79: =SUMIFS(Sheet1!$O106:$O8988,Sheet1!$K106:$K8988,Sheet3!$C79,Sheet1!$G106:$G8988,Sheet3!G$3)/3/2/IF(RIGHT(TRIM(Sheet3!$C79),3)="250",250, IF(RIGHT(TRIM(Sheet3!$C79),2)="02",180,1)) -> 0.083333333 | H79: =SUMIFS(Sheet1!$O106:$O8988,Sheet1!$K106:$K8988,Sheet3!$C79,Sheet1!$G106:$G8988,Sheet3!H$3)/3/2/IF(RIGHT(TRIM(Sheet3!$C79),3)="250",250, IF(RIGHT(TRIM(Sheet3!$C79),2)="02",180,1)) -> 0.0046296296 | I79: =SUMIFS(Sheet1!$O106:$O8988,Sheet1!$K106:$K8988,Sheet3!$C79,Sheet1!$G106:$G8988,Sheet3!I$3)/3/2/IF(RIGHT(TRIM(Sheet3!$C79),3)="250",250, IF(RIGHT(TRIM(Sheet3!$C79),2)="02",180,1)) -> 0.37037037 | J79: =SUMIFS(Sheet1!$O106:$O8988,Sheet1!$K106:$K8988,Sheet3!$C79,Sheet1!$G106:$G8988,Sheet3!J$3)/3/2/IF(RIGHT(TRIM(Sheet3!$C79),3)="250",250, IF(RIGHT(TRIM(Sheet3!$C79),2)="02",180,1)) -> 0.37037037 | K79: =SUMIFS(Sheet1!$O106:$O8988,Sheet1!$K106:$K8988,Sheet3!$C79,Sheet1!$G106:$G8988,Sheet3!K$3)/3/2/IF(RIGHT(TRIM(Sheet3!$C79),3)="250",250, IF(RIGHT(TRIM(Sheet3!$C79),2)="02",180,1)) -> 0.055555556 | ... O79: =SUMIFS(Sheet1!$O106:$O8988,Sheet1!$K106:$K8988,Sheet3!$C79,Sheet1!$G106:$G8988,Sheet3!O$3)/3/2/IF(RIGHT(TRIM(Sheet3!$C79),3)="250",250, IF(RIGHT(TRIM(Sheet3!$C79),2)="02",180,1)) -> 0
C80: GOLDT&O250 | D80: =SUMIFS(Sheet1!$O107:$O8989,Sheet1!$K107:$K8989,Sheet3!$C80,Sheet1!$G107:$G8989,Sheet3!D$3)/3/2/IF(RIGHT(TRIM(Sheet3!$C80),3)="250",250, IF(RIGHT(TRIM(Sheet3!$C80),2)="02",180,1)) -> 0.5 | E80: =SUMIFS(Sheet1!$O107:$O8989,Sheet1!$K107:$K8989,Sheet3!$C80,Sheet1!$G107:$G8989,Sheet3!E$3)/3/2/IF(RIGHT(TRIM(Sheet3!$C80),3)="250",250, IF(RIGHT(TRIM(Sheet3!$C80),2)="02",180,1)) -> 0.16666667 | F80: =SUMIFS(Sheet1!$O107:$O8989,Sheet1!$K107:$K8989,Sheet3!$C80,Sheet1!$G107:$G8989,Sheet3!F$3)/3/2/IF(RIGHT(TRIM(Sheet3!$C80),3)="250",250, IF(RIGHT(TRIM(Sheet3!$C80),2)="02",180,1)) -> 0.5 | G80: =SUMIFS(Sheet1!$O107:$O8989,Sheet1!$K107:$K8989,Sheet3!$C80,Sheet1!$G107:$G8989,Sheet3!G$3)/3/2/IF(RIGHT(TRIM(Sheet3!$C80),3)="250",250, IF(RIGHT(TRIM(Sheet3!$C80),2)="02",180,1)) -> 0.5 | H80: =SUMIFS(Sheet1!$O107:$O8989,Sheet1!$K107:$K8989,Sheet3!$C80,Sheet1!$G107:$G8989,Sheet3!H$3)/3/2/IF(RIGHT(TRIM(Sheet3!$C80),3)="250",250, IF(RIGHT(TRIM(Sheet3!$C80),2)="02",180,1)) -> 0.33333333 | I80: =SUMIFS(Sheet1!$O107:$O8989,Sheet1!$K107:$K8989,Sheet3!$C80,Sheet1!$G107:$G8989,Sheet3!I$3)/3/2/IF(RIGHT(TRIM(Sheet3!$C80),3)="250",250, IF(RIGHT(TRIM(Sheet3!$C80),2)="02",180,1)) -> 0.16666667 | J80: =SUMIFS(Sheet1!$O107:$O8989,Sheet1!$K107:$K8989,Sheet3!$C80,Sheet1!$G107:$G8989,Sheet3!J$3)/3/2/IF(RIGHT(TRIM(Sheet3!$C80),3)="250",250, IF(RIGHT(TRIM(Sheet3!$C80),2)="02",180,1)) -> 0.33333333 | K80: =SUMIFS(Sheet1!$O107:$O8989,Sheet1!$K107:$K8989,Sheet3!$C80,Sheet1!$G107:$G8989,Sheet3!K$3)/3/2/IF(RIGHT(TRIM(Sheet3!$C80),3)="250",250, IF(RIGHT(TRIM(Sheet3!$C80),2)="02",180,1)) -> 1.0333333 | ... O80: =SUMIFS(Sheet1!$O107:$O8989,Sheet1!$K107:$K8989,Sheet3!$C80,Sheet1!$G107:$G8989,Sheet3!O$3)/3/2/IF(RIGHT(TRIM(Sheet3!$C80),3)="250",250, IF(RIGHT(TRIM(Sheet3!$C80),2)="02",180,1)) -> 0.51666667
C81: Dyna Phos
C82: FLOPHOS02 | D82: =SUMIFS(Sheet1!$O111:$O8993,Sheet1!$K111:$K8993,Sheet3!$C82,Sheet1!$G111:$G8993,Sheet3!D$3)/3/2/IF(RIGHT(TRIM(Sheet3!$C82),3)="250",250, IF(RIGHT(TRIM(Sheet3!$C82),2)="02",180,1)) -> 0.35648148 | E82: =SUMIFS(Sheet1!$O111:$O8993,Sheet1!$K111:$K8993,Sheet3!$C82,Sheet1!$G111:$G8993,Sheet3!E$3)/3/2/IF(RIGHT(TRIM(Sheet3!$C82),3)="250",250, IF(RIGHT(TRIM(Sheet3!$C82),2)="02",180,1)) -> 0.16666667 | F82: =SUMIFS(Sheet1!$O111:$O8993,Sheet1!$K111:$K8993,Sheet3!$C82,Sheet1!$G111:$G8993,Sheet3!F$3)/3/2/IF(RIGHT(TRIM(Sheet3!$C82),3)="250",250, IF(RIGHT(TRIM(Sheet3!$C82),2)="02",180,1)) -> 0.59259259 | G82: =SUMIFS(Sheet1!$O111:$O8993,Sheet1!$K111:$K8993,Sheet3!$C82,Sheet1!$G111:$G8993,Sheet3!G$3)/3/2/IF(RIGHT(TRIM(Sheet3!$C82),3)="250",250, IF(RIGHT(TRIM(Sheet3!$C82),2)="02",180,1)) -> 0 | H82: =SUMIFS(Sheet1!$O111:$O8993,Sheet1!$K111:$K8993,Sheet3!$C82,Sheet1!$G111:$G8993,Sheet3!H$3)/3/2/IF(RIGHT(TRIM(Sheet3!$C82),3)="250",250, IF(RIGHT(TRIM(Sheet3!$C82),2)="02",180,1)) -> 0.68518519 | I82: =SUMIFS(Sheet1!$O111:$O8993,Sheet1!$K111:$K8993,Sheet3!$C82,Sheet1!$G111:$G8993,Sheet3!I$3)/3/2/IF(RIGHT(TRIM(Sheet3!$C82),3)="250",250, IF(RIGHT(TRIM(Sheet3!$C82),2)="02",180,1)) -> 0.61111111 | J82: =SUMIFS(Sheet1!$O111:$O8993,Sheet1!$K111:$K8993,Sheet3!$C82,Sheet1!$G111:$G8993,Sheet3!J$3)/3/2/IF(RIGHT(TRIM(Sheet3!$C82),3)="250",250, IF(RIGHT(TRIM(Sheet3!$C82),2)="02",180,1)) -> 0.67592593 | K82: =SUMIFS(Sheet1!$O111:$O8993,Sheet1!$K111:$K8993,Sheet3!$C82,Sheet1!$G111:$G8993,Sheet3!K$3)/3/2/IF(RIGHT(TRIM(Sheet3!$C82),3)="250",250, IF(RIGHT(TRIM(Sheet3!$C82),2)="02",180,1)) -> 0.0046296296 | ... O82: =SUMIFS(Sheet1!$O111:$O8993,Sheet1!$K111:$K8993,Sheet3!$C82,Sheet1!$G111:$G8993,Sheet3!O$3)/3/2/IF(RIGHT(TRIM(Sheet3!$C82),3)="250",250, IF(RIGHT(TRIM(Sheet3!$C82),2)="02",180,1)) -> 0.10648148
C83: FLOPHOS250 | D83: =SUMIFS(Sheet1!$O112:$O8994,Sheet1!$K112:$K8994,Sheet3!$C83,Sheet1!$G112:$G8994,Sheet3!D$3)/3/2/IF(RIGHT(TRIM(Sheet3!$C83),3)="250",250, IF(RIGHT(TRIM(Sheet3!$C83),2)="02",180,1)) -> 0 | E83: =SUMIFS(Sheet1!$O112:$O8994,Sheet1!$K112:$K8994,Sheet3!$C83,Sheet1!$G112:$G8994,Sheet3!E$3)/3/2/IF(RIGHT(TRIM(Sheet3!$C83),3)="250",250, IF(RIGHT(TRIM(Sheet3!$C83),2)="02",180,1)) -> 0 | F83: =SUMIFS(Sheet1!$O112:$O8994,Sheet1!$K112:$K8994,Sheet3!$C83,Sheet1!$G112:$G8994,Sheet3!F$3)/3/2/IF(RIGHT(TRIM(Sheet3!$C83),3)="250",250, IF(RIGHT(TRIM(Sheet3!$C83),2)="02",180,1)) -> 0 | G83: =SUMIFS(Sheet1!$O112:$O8994,Sheet1!$K112:$K8994,Sheet3!$C83,Sheet1!$G112:$G8994,Sheet3!G$3)/3/2/IF(RIGHT(TRIM(Sheet3!$C83),3)="250",250, IF(RIGHT(TRIM(Sheet3!$C83),2)="02",180,1)) -> 0.5 | H83: =SUMIFS(Sheet1!$O112:$O8994,Sheet1!$K112:$K8994,Sheet3!$C83,Sheet1!$G112:$G8994,Sheet3!H$3)/3/2/IF(RIGHT(TRIM(Sheet3!$C83),3)="250",250, IF(RIGHT(TRIM(Sheet3!$C83),2)="02",180,1)) -> 0 | I83: =SUMIFS(Sheet1!$O112:$O8994,Sheet1!$K112:$K8994,Sheet3!$C83,Sheet1!$G112:$G8994,Sheet3!I$3)/3/2/IF(RIGHT(TRIM(Sheet3!$C83),3)="250",250, IF(RIGHT(TRIM(Sheet3!$C83),2)="02",180,1)) -> 0.83333333 | J83: =SUMIFS(Sheet1!$O112:$O8994,Sheet1!$K112:$K8994,Sheet3!$C83,Sheet1!$G112:$G8994,Sheet3!J$3)/3/2/IF(RIGHT(TRIM(Sheet3!$C83),3)="250",250, IF(RIGHT(TRIM(Sheet3!$C83),2)="02",180,1)) -> 0.83333333 | K83: =SUMIFS(Sheet1!$O112:$O8994,Sheet1!$K112:$K8994,Sheet3!$C83,Sheet1!$G112:$G8994,Sheet3!K$3)/3/2/IF(RIGHT(TRIM(Sheet3!$C83),3)="250",250, IF(RIGHT(TRIM(Sheet3!$C83),2)="02",180,1)) -> 0 | ... O83: =SUMIFS(Sheet1!$O112:$O8994,Sheet1!$K112:$K8994,Sheet3!$C83,Sheet1!$G112:$G8994,Sheet3!O$3)/3/2/IF(RIGHT(TRIM(Sheet3!$C83),3)="250",250, IF(RIGHT(TRIM(Sheet3!$C83),2)="02",180,1)) -> 0.33333333
C84: Green Complete Mn
C85: GPGRCMN02 | D85: =SUMIFS(Sheet1!$O114:$O8996,Sheet1!$K114:$K8996,Sheet3!$C85,Sheet1!$G114:$G8996,Sheet3!D$3)/3/2/IF(RIGHT(TRIM(Sheet3!$C85),3)="250",250, IF(RIGHT(TRIM(Sheet3!$C85),2)="02",180,1)) -> 0 | E85: =SUMIFS(Sheet1!$O114:$O8996,Sheet1!$K114:$K8996,Sheet3!$C85,Sheet1!$G114:$G8996,Sheet3!E$3)/3/2/IF(RIGHT(TRIM(Sheet3!$C85),3)="250",250, IF(RIGHT(TRIM(Sheet3!$C85),2)="02",180,1)) -> 0 | F85: =SUMIFS(Sheet1!$O114:$O8996,Sheet1!$K114:$K8996,Sheet3!$C85,Sheet1!$G114:$G8996,Sheet3!F$3)/3/2/IF(RIGHT(TRIM(Sheet3!$C85),3)="250",250, IF(RIGHT(TRIM(Sheet3!$C85),2)="02",180,1)) -> 0.055555556 | G85: =SUMIFS(Sheet1!$O114:$O8996,Sheet1!$K114:$K8996,Sheet3!$C85,Sheet1!$G114:$G8996,Sheet3!G$3)/3/2/IF(RIGHT(TRIM(Sheet3!$C85),3)="250",250, IF(RIGHT(TRIM(Sheet3!$C85),2)="02",180,1)) -> 0.055555556 | H85: =SUMIFS(Sheet1!$O114:$O8996,Sheet1!$K114:$K8996,Sheet3!$C85,Sheet1!$G114:$G8996,Sheet3!H$3)/3/2/IF(RIGHT(TRIM(Sheet3!$C85),3)="250",250, IF(RIGHT(TRIM(Sheet3!$C85),2)="02",180,1)) -> 0.055555556 | I85: =SUMIFS(Sheet1!$O114:$O8996,Sheet1!$K114:$K8996,Sheet3!$C85,Sheet1!$G114:$G8996,Sheet3!I$3)/3/2/IF(RIGHT(TRIM(Sheet3!$C85),3)="250",250, IF(RIGHT(TRIM(Sheet3!$C85),2)="02",180,1)) -> 0.083333333 | J85: =SUMIFS(Sheet1!$O114:$O8996,Sheet1!$K114:$K8996,Sheet3!$C85,Sheet1!$G114:$G8996,Sheet3!J$3)/3/2/IF(RIGHT(TRIM(Sheet3!$C85),3)="250",250, IF(RIGHT(TRIM(Sheet3!$C85),2)="02",180,1)) -> 0.37037037 | K85: =SUMIFS(Sheet1!$O114:$O8996,Sheet1!$K114:$K8996,Sheet3!$C85,Sheet1!$G114:$G8996,Sheet3!K$3)/3/2/IF(RIGHT(TRIM(Sheet3!$C85),3)="250",250, IF(RIGHT(TRIM(Sheet3!$C85),2)="02",180,1)) -> 0 | ... O85: =SUMIFS(Sheet1!$O114:$O8996,Sheet1!$K114:$K8996,Sheet3!$C85,Sheet1!$G114:$G8996,Sheet3!O$3)/3/2/IF(RIGHT(TRIM(Sheet3!$C85),3)="250",250, IF(RIGHT(TRIM(Sheet3!$C85),2)="02",180,1)) -> 0.074074074
C86: GPGRCMN250 | D86: =SUMIFS(Sheet1!$O115:$O8997,Sheet1!$K115:$K8997,Sheet3!$C86,Sheet1!$G115:$G8997,Sheet3!D$3)/3/2/IF(RIGHT(TRIM(Sheet3!$C86),3)="250",250, IF(RIGHT(TRIM(Sheet3!$C86),2)="02",180,1)) -> 0.7 | E86: =SUMIFS(Sheet1!$O115:$O8997,Sheet1!$K115:$K8997,Sheet3!$C86,Sheet1!$G115:$G8997,Sheet3!E$3)/3/2/IF(RIGHT(TRIM(Sheet3!$C86),3)="250",250, IF(RIGHT(TRIM(Sheet3!$C86),2)="02",180,1)) -> 0.18333333 | F86: =SUMIFS(Sheet1!$O115:$O8997,Sheet1!$K115:$K8997,Sheet3!$C86,Sheet1!$G115:$G8997,Sheet3!F$3)/3/2/IF(RIGHT(TRIM(Sheet3!$C86),3)="250",250, IF(RIGHT(TRIM(Sheet3!$C86),2)="02",180,1)) -> 0.73333333 | G86: =SUMIFS(Sheet1!$O115:$O8997,Sheet1!$K115:$K8997,Sheet3!$C86,Sheet1!$G115:$G8997,Sheet3!G$3)/3/2/IF(RIGHT(TRIM(Sheet3!$C86),3)="250",250, IF(RIGHT(TRIM(Sheet3!$C86),2)="02",180,1)) -> 0.53333333 | H86: =SUMIFS(Sheet1!$O115:$O8997,Sheet1!$K115:$K8997,Sheet3!$C86,Sheet1!$G115:$G8997,Sheet3!H$3)/3/2/IF(RIGHT(TRIM(Sheet3!$C86),3)="250",250, IF(RIGHT(TRIM(Sheet3!$C86),2)="02",180,1)) -> 0.53333333 | I86: =SUMIFS(Sheet1!$O115:$O8997,Sheet1!$K115:$K8997,Sheet3!$C86,Sheet1!$G115:$G8997,Sheet3!I$3)/3/2/IF(RIGHT(TRIM(Sheet3!$C86),3)="250",250, IF(RIGHT(TRIM(Sheet3!$C86),2)="02",180,1)) -> 0.16666667 | J86: =SUMIFS(Sheet1!$O115:$O8997,Sheet1!$K115:$K8997,Sheet3!$C86,Sheet1!$G115:$G8997,Sheet3!J$3)/3/2/IF(RIGHT(TRIM(Sheet3!$C86),3)="250",250, IF(RIGHT(TRIM(Sheet3!$C86),2)="02",180,1)) -> 0.53333333 | K86: =SUMIFS(Sheet1!$O115:$O8997,Sheet1!$K115:$K8997,Sheet3!$C86,Sheet1!$G115:$G8997,Sheet3!K$3)/3/2/IF(RIGHT(TRIM(Sheet3!$C86),3)="250",250, IF(RIGHT(TRIM(Sheet3!$C86),2)="02",180,1)) -> 0.33333333 | ... O86: =SUMIFS(Sheet1!$O115:$O8997,Sheet1!$K115:$K8997,Sheet3!$C86,Sheet1!$G115:$G8997,Sheet3!O$3)/3/2/IF(RIGHT(TRIM(Sheet3!$C86),3)="250",250, IF(RIGHT(TRIM(Sheet3!$C86),2)="02",180,1)) -> 0
C87: Gr8 Thio
C88: GVGR8THIO02 | D88: =SUMIFS(Sheet1!$O117:$O8999,Sheet1!$K117:$K8999,Sheet3!$C88,Sheet1!$G117:$G8999,Sheet3!D$3)/3/2/IF(RIGHT(TRIM(Sheet3!$C88),3)="250",250, IF(RIGHT(TRIM(Sheet3!$C88),2)="02",180,1)) -> 0 | E88: =SUMIFS(Sheet1!$O117:$O8999,Sheet1!$K117:$K8999,Sheet3!$C88,Sheet1!$G117:$G8999,Sheet3!E$3)/3/2/IF(RIGHT(TRIM(Sheet3!$C88),3)="250",250, IF(RIGHT(TRIM(Sheet3!$C88),2)="02",180,1)) -> 0 | F88: =SUMIFS(Sheet1!$O117:$O8999,Sheet1!$K117:$K8999,Sheet3!$C88,Sheet1!$G117:$G8999,Sheet3!F$3)/3/2/IF(RIGHT(TRIM(Sheet3!$C88),3)="250",250, IF(RIGHT(TRIM(Sheet3!$C88),2)="02",180,1)) -> 0 | G88: =SUMIFS(Sheet1!$O117:$O8999,Sheet1!$K117:$K8999,Sheet3!$C88,Sheet1!$G117:$G8999,Sheet3!G$3)/3/2/IF(RIGHT(TRIM(Sheet3!$C88),3)="250",250, IF(RIGHT(TRIM(Sheet3!$C88),2)="02",180,1)) -> 0 | H88: =SUMIFS(Sheet1!$O117:$O8999,Sheet1!$K117:$K8999,Sheet3!$C88,Sheet1!$G117:$G8999,Sheet3!H$3)/3/2/IF(RIGHT(TRIM(Sheet3!$C88),3)="250",250, IF(RIGHT(TRIM(Sheet3!$C88),2)="02",180,1)) -> 0 | I88: =SUMIFS(Sheet1!$O117:$O8999,Sheet1!$K117:$K8999,Sheet3!$C88,Sheet1!$G117:$G8999,Sheet3!I$3)/3/2/IF(RIGHT(TRIM(Sheet3!$C88),3)="250",250, IF(RIGHT(TRIM(Sheet3!$C88),2)="02",180,1)) -> 0 | J88: =SUMIFS(Sheet1!$O117:$O8999,Sheet1!$K117:$K8999,Sheet3!$C88,Sheet1!$G117:$G8999,Sheet3!J$3)/3/2/IF(RIGHT(TRIM(Sheet3!$C88),3)="250",250, IF(RIGHT(TRIM(Sheet3!$C88),2)="02",180,1)) -> 0 | K88: =SUMIFS(Sheet1!$O117:$O8999,Sheet1!$K117:$K8999,Sheet3!$C88,Sheet1!$G117:$G8999,Sheet3!K$3)/3/2/IF(RIGHT(TRIM(Sheet3!$C88),3)="250",250, IF(RIGHT(TRIM(Sheet3!$C88),2)="02",180,1)) -> 0.074074074 | ... O88: =SUMIFS(Sheet1!$O117:$O8999,Sheet1!$K117:$K8999,Sheet3!$C88,Sheet1!$G117:$G8999,Sheet3!O$3)/3/2/IF(RIGHT(TRIM(Sheet3!$C88),3)="250",250, IF(RIGHT(TRIM(Sheet3!$C88),2)="02",180,1)) -> 0
C89: GVGR8THIO250 | D89: =SUMIFS(Sheet1!$O118:$O9000,Sheet1!$K118:$K9000,Sheet3!$C89,Sheet1!$G118:$G9000,Sheet3!D$3)/3/2/IF(RIGHT(TRIM(Sheet3!$C89),3)="250",250, IF(RIGHT(TRIM(Sheet3!$C89),2)="02",180,1)) -> 0 | E89: =SUMIFS(Sheet1!$O118:$O9000,Sheet1!$K118:$K9000,Sheet3!$C89,Sheet1!$G118:$G9000,Sheet3!E$3)/3/2/IF(RIGHT(TRIM(Sheet3!$C89),3)="250",250, IF(RIGHT(TRIM(Sheet3!$C89),2)="02",180,1)) -> 0.33333333 | F89: =SUMIFS(Sheet1!$O118:$O9000,Sheet1!$K118:$K9000,Sheet3!$C89,Sheet1!$G118:$G9000,Sheet3!F$3)/3/2/IF(RIGHT(TRIM(Sheet3!$C89),3)="250",250, IF(RIGHT(TRIM(Sheet3!$C89),2)="02",180,1)) -> 2.5333333 | G89: =SUMIFS(Sheet1!$O118:$O9000,Sheet1!$K118:$K9000,Sheet3!$C89,Sheet1!$G118:$G9000,Sheet3!G$3)/3/2/IF(RIGHT(TRIM(Sheet3!$C89),3)="250",250, IF(RIGHT(TRIM(Sheet3!$C89),2)="02",180,1)) -> 0.33333333 | H89: =SUMIFS(Sheet1!$O118:$O9000,Sheet1!$K118:$K9000,Sheet3!$C89,Sheet1!$G118:$G9000,Sheet3!H$3)/3/2/IF(RIGHT(TRIM(Sheet3!$C89),3)="250",250, IF(RIGHT(TRIM(Sheet3!$C89),2)="02",180,1)) -> 0 | I89: =SUMIFS(Sheet1!$O118:$O9000,Sheet1!$K118:$K9000,Sheet3!$C89,Sheet1!$G118:$G9000,Sheet3!I$3)/3/2/IF(RIGHT(TRIM(Sheet3!$C89),3)="250",250, IF(RIGHT(TRIM(Sheet3!$C89),2)="02",180,1)) -> 0 | J89: =SUMIFS(Sheet1!$O118:$O9000,Sheet1!$K118:$K9000,Sheet3!$C89,Sheet1!$G118:$G9000,Sheet3!J$3)/3/2/IF(RIGHT(TRIM(Sheet3!$C89),3)="250",250, IF(RIGHT(TRIM(Sheet3!$C89),2)="02",180,1)) -> 0.16666667 | K89: =SUMIFS(Sheet1!$O118:$O9000,Sheet1!$K118:$K9000,Sheet3!$C89,Sheet1!$G118:$G9000,Sheet3!K$3)/3/2/IF(RIGHT(TRIM(Sheet3!$C89),3)="250",250, IF(RIGHT(TRIM(Sheet3!$C89),2)="02",180,1)) -> 0.55 | ... O89: =SUMIFS(Sheet1!$O118:$O9000,Sheet1!$K118:$K9000,Sheet3!$C89,Sheet1!$G118:$G9000,Sheet3!O$3)/3/2/IF(RIGHT(TRIM(Sheet3!$C89),3)="250",250, IF(RIGHT(TRIM(Sheet3!$C89),2)="02",180,1)) -> 0
C90: Dyna Green Homestead Mix
C91: GREHMSTD02 | D91: =SUMIFS(Sheet1!$O120:$O9002,Sheet1!$K120:$K9002,Sheet3!$C91,Sheet1!$G120:$G9002,Sheet3!D$3)/3/2/IF(RIGHT(TRIM(Sheet3!$C91),3)="250",250, IF(RIGHT(TRIM(Sheet3!$C91),2)="02",180,1)) -> 0 | E91: =SUMIFS(Sheet1!$O120:$O9002,Sheet1!$K120:$K9002,Sheet3!$C91,Sheet1!$G120:$G9002,Sheet3!E$3)/3/2/IF(RIGHT(TRIM(Sheet3!$C91),3)="250",250, IF(RIGHT(TRIM(Sheet3!$C91),2)="02",180,1)) -> 0 | F91: =SUMIFS(Sheet1!$O120:$O9002,Sheet1!$K120:$K9002,Sheet3!$C91,Sheet1!$G120:$G9002,Sheet3!F$3)/3/2/IF(RIGHT(TRIM(Sheet3!$C91),3)="250",250, IF(RIGHT(TRIM(Sheet3!$C91),2)="02",180,1)) -> 0.33333333 | G91: =SUMIFS(Sheet1!$O120:$O9002,Sheet1!$K120:$K9002,Sheet3!$C91,Sheet1!$G120:$G9002,Sheet3!G$3)/3/2/IF(RIGHT(TRIM(Sheet3!$C91),3)="250",250, IF(RIGHT(TRIM(Sheet3!$C91),2)="02",180,1)) -> 0.16666667 | H91: =SUMIFS(Sheet1!$O120:$O9002,Sheet1!$K120:$K9002,Sheet3!$C91,Sheet1!$G120:$G9002,Sheet3!H$3)/3/2/IF(RIGHT(TRIM(Sheet3!$C91),3)="250",250, IF(RIGHT(TRIM(Sheet3!$C91),2)="02",180,1)) -> 0.16666667 | I91: =SUMIFS(Sheet1!$O120:$O9002,Sheet1!$K120:$K9002,Sheet3!$C91,Sheet1!$G120:$G9002,Sheet3!I$3)/3/2/IF(RIGHT(TRIM(Sheet3!$C91),3)="250",250, IF(RIGHT(TRIM(Sheet3!$C91),2)="02",180,1)) -> 0.33333333 | J91: =SUMIFS(Sheet1!$O120:$O9002,Sheet1!$K120:$K9002,Sheet3!$C91,Sheet1!$G120:$G9002,Sheet3!J$3)/3/2/IF(RIGHT(TRIM(Sheet3!$C91),3)="250",250, IF(RIGHT(TRIM(Sheet3!$C91),2)="02",180,1)) -> 0.16666667 | K91: =SUMIFS(Sheet1!$O120:$O9002,Sheet1!$K120:$K9002,Sheet3!$C91,Sheet1!$G120:$G9002,Sheet3!K$3)/3/2/IF(RIGHT(TRIM(Sheet3!$C91),3)="250",250, IF(RIGHT(TRIM(Sheet3!$C91),2)="02",180,1)) -> 0.16666667 | ... O91: =SUMIFS(Sheet1!$O120:$O9002,Sheet1!$K120:$K9002,Sheet3!$C91,Sheet1!$G120:$G9002,Sheet3!O$3)/3/2/IF(RIGHT(TRIM(Sheet3!$C91),3)="250",250, IF(RIGHT(TRIM(Sheet3!$C91),2)="02",180,1)) -> 0
C92: GREHMSTD250 | D92: =SUMIFS(Sheet1!$O121:$O9003,Sheet1!$K121:$K9003,Sheet3!$C92,Sheet1!$G121:$G9003,Sheet3!D$3)/3/2/IF(RIGHT(TRIM(Sheet3!$C92),3)="250",250, IF(RIGHT(TRIM(Sheet3!$C92),2)="02",180,1)) -> 0 | E92: =SUMIFS(Sheet1!$O121:$O9003,Sheet1!$K121:$K9003,Sheet3!$C92,Sheet1!$G121:$G9003,Sheet3!E$3)/3/2/IF(RIGHT(TRIM(Sheet3!$C92),3)="250",250, IF(RIGHT(TRIM(Sheet3!$C92),2)="02",180,1)) -> 0 | F92: =SUMIFS(Sheet1!$O121:$O9003,Sheet1!$K121:$K9003,Sheet3!$C92,Sheet1!$G121:$G9003,Sheet3!F$3)/3/2/IF(RIGHT(TRIM(Sheet3!$C92),3)="250",250, IF(RIGHT(TRIM(Sheet3!$C92),2)="02",180,1)) -> 1 | G92: =SUMIFS(Sheet1!$O121:$O9003,Sheet1!$K121:$K9003,Sheet3!$C92,Sheet1!$G121:$G9003,Sheet3!G$3)/3/2/IF(RIGHT(TRIM(Sheet3!$C92),3)="250",250, IF(RIGHT(TRIM(Sheet3!$C92),2)="02",180,1)) -> 1.6666667 | H92: =SUMIFS(Sheet1!$O121:$O9003,Sheet1!$K121:$K9003,Sheet3!$C92,Sheet1!$G121:$G9003,Sheet3!H$3)/3/2/IF(RIGHT(TRIM(Sheet3!$C92),3)="250",250, IF(RIGHT(TRIM(Sheet3!$C92),2)="02",180,1)) -> 1.1666667 | I92: =SUMIFS(Sheet1!$O121:$O9003,Sheet1!$K121:$K9003,Sheet3!$C92,Sheet1!$G121:$G9003,Sheet3!I$3)/3/2/IF(RIGHT(TRIM(Sheet3!$C92),3)="250",250, IF(RIGHT(TRIM(Sheet3!$C92),2)="02",180,1)) -> 0.66666667 | J92: =SUMIFS(Sheet1!$O121:$O9003,Sheet1!$K121:$K9003,Sheet3!$C92,Sheet1!$G121:$G9003,Sheet3!J$3)/3/2/IF(RIGHT(TRIM(Sheet3!$C92),3)="250",250, IF(RIGHT(TRIM(Sheet3!$C92),2)="02",180,1)) -> 0 | K92: =SUMIFS(Sheet1!$O121:$O9003,Sheet1!$K121:$K9003,Sheet3!$C92,Sheet1!$G121:$G9003,Sheet3!K$3)/3/2/IF(RIGHT(TRIM(Sheet3!$C92),3)="250",250, IF(RIGHT(TRIM(Sheet3!$C92),2)="02",180,1)) -> 0 | ... O92: =SUMIFS(Sheet1!$O121:$O9003,Sheet1!$K121:$K9003,Sheet3!$C92,Sheet1!$G121:$G9003,Sheet3!O$3)/3/2/IF(RIGHT(TRIM(Sheet3!$C92),3)="250",250, IF(RIGHT(TRIM(Sheet3!$C92),2)="02",180,1)) -> 0
C93: Dyna Flo Humic 18%
C94: GPHUMIC02 | D94: =SUMIFS(Sheet1!$O123:$O9005,Sheet1!$K123:$K9005,Sheet3!$C94,Sheet1!$G123:$G9005,Sheet3!D$3)/3/2/IF(RIGHT(TRIM(Sheet3!$C94),3)="250",250, IF(RIGHT(TRIM(Sheet3!$C94),2)="02",180,1)) -> 0.25 | E94: =SUMIFS(Sheet1!$O123:$O9005,Sheet1!$K123:$K9005,Sheet3!$C94,Sheet1!$G123:$G9005,Sheet3!E$3)/3/2/IF(RIGHT(TRIM(Sheet3!$C94),3)="250",250, IF(RIGHT(TRIM(Sheet3!$C94),2)="02",180,1)) -> 0.037037037 | F94: =SUMIFS(Sheet1!$O123:$O9005,Sheet1!$K123:$K9005,Sheet3!$C94,Sheet1!$G123:$G9005,Sheet3!F$3)/3/2/IF(RIGHT(TRIM(Sheet3!$C94),3)="250",250, IF(RIGHT(TRIM(Sheet3!$C94),2)="02",180,1)) -> 0.11111111 | G94: =SUMIFS(Sheet1!$O123:$O9005,Sheet1!$K123:$K9005,Sheet3!$C94,Sheet1!$G123:$G9005,Sheet3!G$3)/3/2/IF(RIGHT(TRIM(Sheet3!$C94),3)="250",250, IF(RIGHT(TRIM(Sheet3!$C94),2)="02",180,1)) -> 0.38888889 | H94: =SUMIFS(Sheet1!$O123:$O9005,Sheet1!$K123:$K9005,Sheet3!$C94,Sheet1!$G123:$G9005,Sheet3!H$3)/3/2/IF(RIGHT(TRIM(Sheet3!$C94),3)="250",250, IF(RIGHT(TRIM(Sheet3!$C94),2)="02",180,1)) -> 0.11111111 | I94: =SUMIFS(Sheet1!$O123:$O9005,Sheet1!$K123:$K9005,Sheet3!$C94,Sheet1!$G123:$G9005,Sheet3!I$3)/3/2/IF(RIGHT(TRIM(Sheet3!$C94),3)="250",250, IF(RIGHT(TRIM(Sheet3!$C94),2)="02",180,1)) -> 0.65740741 | J94: =SUMIFS(Sheet1!$O123:$O9005,Sheet1!$K123:$K9005,Sheet3!$C94,Sheet1!$G123:$G9005,Sheet3!J$3)/3/2/IF(RIGHT(TRIM(Sheet3!$C94),3)="250",250, IF(RIGHT(TRIM(Sheet3!$C94),2)="02",180,1)) -> 0.75925926 | K94: =SUMIFS(Sheet1!$O123:$O9005,Sheet1!$K123:$K9005,Sheet3!$C94,Sheet1!$G123:$G9005,Sheet3!K$3)/3/2/IF(RIGHT(TRIM(Sheet3!$C94),3)="250",250, IF(RIGHT(TRIM(Sheet3!$C94),2)="02",180,1)) -> 0.54166667 | ... O94: =SUMIFS(Sheet1!$O123:$O9005,Sheet1!$K123:$K9005,Sheet3!$C94,Sheet1!$G123:$G9005,Sheet3!O$3)/3/2/IF(RIGHT(TRIM(Sheet3!$C94),3)="250",250, IF(RIGHT(TRIM(Sheet3!$C94),2)="02",180,1)) -> 0.05787037
C95: GPHUMIC250 | D95: =SUMIFS(Sheet1!$O124:$O9006,Sheet1!$K124:$K9006,Sheet3!$C95,Sheet1!$G124:$G9006,Sheet3!D$3)/3/2/IF(RIGHT(TRIM(Sheet3!$C95),3)="250",250, IF(RIGHT(TRIM(Sheet3!$C95),2)="02",180,1)) -> 0.16666667 | E95: =SUMIFS(Sheet1!$O124:$O9006,Sheet1!$K124:$K9006,Sheet3!$C95,Sheet1!$G124:$G9006,Sheet3!E$3)/3/2/IF(RIGHT(TRIM(Sheet3!$C95),3)="250",250, IF(RIGHT(TRIM(Sheet3!$C95),2)="02",180,1)) -> 0 | F95: =SUMIFS(Sheet1!$O124:$O9006,Sheet1!$K124:$K9006,Sheet3!$C95,Sheet1!$G124:$G9006,Sheet3!F$3)/3/2/IF(RIGHT(TRIM(Sheet3!$C95),3)="250",250, IF(RIGHT(TRIM(Sheet3!$C95),2)="02",180,1)) -> 0 | G95: =SUMIFS(Sheet1!$O124:$O9006,Sheet1!$K124:$K9006,Sheet3!$C95,Sheet1!$G124:$G9006,Sheet3!G$3)/3/2/IF(RIGHT(TRIM(Sheet3!$C95),3)="250",250, IF(RIGHT(TRIM(Sheet3!$C95),2)="02",180,1)) -> 0 | H95: =SUMIFS(Sheet1!$O124:$O9006,Sheet1!$K124:$K9006,Sheet3!$C95,Sheet1!$G124:$G9006,Sheet3!H$3)/3/2/IF(RIGHT(TRIM(Sheet3!$C95),3)="250",250, IF(RIGHT(TRIM(Sheet3!$C95),2)="02",180,1)) -> 1.4666667 | I95: =SUMIFS(Sheet1!$O124:$O9006,Sheet1!$K124:$K9006,Sheet3!$C95,Sheet1!$G124:$G9006,Sheet3!I$3)/3/2/IF(RIGHT(TRIM(Sheet3!$C95),3)="250",250, IF(RIGHT(TRIM(Sheet3!$C95),2)="02",180,1)) -> 4.75 | J95: =SUMIFS(Sheet1!$O124:$O9006,Sheet1!$K124:$K9006,Sheet3!$C95,Sheet1!$G124:$G9006,Sheet3!J$3)/3/2/IF(RIGHT(TRIM(Sheet3!$C95),3)="250",250, IF(RIGHT(TRIM(Sheet3!$C95),2)="02",180,1)) -> 0.16666667 | K95: =SUMIFS(Sheet1!$O124:$O9006,Sheet1!$K124:$K9006,Sheet3!$C95,Sheet1!$G124:$G9006,Sheet3!K$3)/3/2/IF(RIGHT(TRIM(Sheet3!$C95),3)="250",250, IF(RIGHT(TRIM(Sheet3!$C95),2)="02",180,1)) -> 0.16666667 | ... O95: =SUMIFS(Sheet1!$O124:$O9006,Sheet1!$K124:$K9006,Sheet3!$C95,Sheet1!$G124:$G9006,Sheet3!O$3)/3/2/IF(RIGHT(TRIM(Sheet3!$C95),3)="250",250, IF(RIGHT(TRIM(Sheet3!$C95),2)="02",180,1)) -> 0
C96: Dyna Flo 15-0-0-6 Foliar Turf Nutritional
C97: FLOTURF02 | D97: =SUMIFS(Sheet1!$O126:$O9008,Sheet1!$K126:$K9008,Sheet3!$C97,Sheet1!$G126:$G9008,Sheet3!D$3)/3/2/IF(RIGHT(TRIM(Sheet3!$C97),3)="250",250, IF(RIGHT(TRIM(Sheet3!$C97),2)="02",180,1)) -> 0 | E97: =SUMIFS(Sheet1!$O126:$O9008,Sheet1!$K126:$K9008,Sheet3!$C97,Sheet1!$G126:$G9008,Sheet3!E$3)/3/2/IF(RIGHT(TRIM(Sheet3!$C97),3)="250",250, IF(RIGHT(TRIM(Sheet3!$C97),2)="02",180,1)) -> 0 | F97: =SUMIFS(Sheet1!$O126:$O9008,Sheet1!$K126:$K9008,Sheet3!$C97,Sheet1!$G126:$G9008,Sheet3!F$3)/3/2/IF(RIGHT(TRIM(Sheet3!$C97),3)="250",250, IF(RIGHT(TRIM(Sheet3!$C97),2)="02",180,1)) -> 0.055555556 | G97: =SUMIFS(Sheet1!$O126:$O9008,Sheet1!$K126:$K9008,Sheet3!$C97,Sheet1!$G126:$G9008,Sheet3!G$3)/3/2/IF(RIGHT(TRIM(Sheet3!$C97),3)="250",250, IF(RIGHT(TRIM(Sheet3!$C97),2)="02",180,1)) -> 0.055555556 | H97: =SUMIFS(Sheet1!$O126:$O9008,Sheet1!$K126:$K9008,Sheet3!$C97,Sheet1!$G126:$G9008,Sheet3!H$3)/3/2/IF(RIGHT(TRIM(Sheet3!$C97),3)="250",250, IF(RIGHT(TRIM(Sheet3!$C97),2)="02",180,1)) -> 0 | I97: =SUMIFS(Sheet1!$O126:$O9008,Sheet1!$K126:$K9008,Sheet3!$C97,Sheet1!$G126:$G9008,Sheet3!I$3)/3/2/IF(RIGHT(TRIM(Sheet3!$C97),3)="250",250, IF(RIGHT(TRIM(Sheet3!$C97),2)="02",180,1)) -> 0.15740741 | J97: =SUMIFS(Sheet1!$O126:$O9008,Sheet1!$K126:$K9008,Sheet3!$C97,Sheet1!$G126:$G9008,Sheet3!J$3)/3/2/IF(RIGHT(TRIM(Sheet3!$C97),3)="250",250, IF(RIGHT(TRIM(Sheet3!$C97),2)="02",180,1)) -> 0 | K97: =SUMIFS(Sheet1!$O126:$O9008,Sheet1!$K126:$K9008,Sheet3!$C97,Sheet1!$G126:$G9008,Sheet3!K$3)/3/2/IF(RIGHT(TRIM(Sheet3!$C97),3)="250",250, IF(RIGHT(TRIM(Sheet3!$C97),2)="02",180,1)) -> 0 | ... O97: =SUMIFS(Sheet1!$O126:$O9008,Sheet1!$K126:$K9008,Sheet3!$C97,Sheet1!$G126:$G9008,Sheet3!O$3)/3/2/IF(RIGHT(TRIM(Sheet3!$C97),3)="250",250, IF(RIGHT(TRIM(Sheet3!$C97),2)="02",180,1)) -> 0
C98: FLOTURF250 | D98: =SUMIFS(Sheet1!$O127:$O9009,Sheet1!$K127:$K9009,Sheet3!$C98,Sheet1!$G127:$G9009,Sheet3!D$3)/3/2/IF(RIGHT(TRIM(Sheet3!$C98),3)="250",250, IF(RIGHT(TRIM(Sheet3!$C98),2)="02",180,1)) -> 0.66666667 | E98: =SUMIFS(Sheet1!$O127:$O9009,Sheet1!$K127:$K9009,Sheet3!$C98,Sheet1!$G127:$G9009,Sheet3!E$3)/3/2/IF(RIGHT(TRIM(Sheet3!$C98),3)="250",250, IF(RIGHT(TRIM(Sheet3!$C98),2)="02",180,1)) -> 0 | F98: =SUMIFS(Sheet1!$O127:$O9009,Sheet1!$K127:$K9009,Sheet3!$C98,Sheet1!$G127:$G9009,Sheet3!F$3)/3/2/IF(RIGHT(TRIM(Sheet3!$C98),3)="250",250, IF(RIGHT(TRIM(Sheet3!$C98),2)="02",180,1)) -> 0.33333333 | G98: =SUMIFS(Sheet1!$O127:$O9009,Sheet1!$K127:$K9009,Sheet3!$C98,Sheet1!$G127:$G9009,Sheet3!G$3)/3/2/IF(RIGHT(TRIM(Sheet3!$C98),3)="250",250, IF(RIGHT(TRIM(Sheet3!$C98),2)="02",180,1)) -> 0.16666667 | H98: =SUMIFS(Sheet1!$O127:$O9009,Sheet1!$K127:$K9009,Sheet3!$C98,Sheet1!$G127:$G9009,Sheet3!H$3)/3/2/IF(RIGHT(TRIM(Sheet3!$C98),3)="250",250, IF(RIGHT(TRIM(Sheet3!$C98),2)="02",180,1)) -> 0 | I98: =SUMIFS(Sheet1!$O127:$O9009,Sheet1!$K127:$K9009,Sheet3!$C98,Sheet1!$G127:$G9009,Sheet3!I$3)/3/2/IF(RIGHT(TRIM(Sheet3!$C98),3)="250",250, IF(RIGHT(TRIM(Sheet3!$C98),2)="02",180,1)) -> 0 | J98: =SUMIFS(Sheet1!$O127:$O9009,Sheet1!$K127:$K9009,Sheet3!$C98,Sheet1!$G127:$G9009,Sheet3!J$3)/3/2/IF(RIGHT(TRIM(Sheet3!$C98),3)="250",250, IF(RIGHT(TRIM(Sheet3!$C98),2)="02",180,1)) -> 0.6 | K98: =SUMIFS(Sheet1!$O127:$O9009,Sheet1!$K127:$K9009,Sheet3!$C98,Sheet1!$G127:$G9009,Sheet3!K$3)/3/2/IF(RIGHT(TRIM(Sheet3!$C98),3)="250",250, IF(RIGHT(TRIM(Sheet3!$C98),2)="02",180,1)) -> 1.3333333 | ... O98: =SUMIFS(Sheet1!$O127:$O9009,Sheet1!$K127:$K9009,Sheet3!$C98,Sheet1!$G127:$G9009,Sheet3!O$3)/3/2/IF(RIGHT(TRIM(Sheet3!$C98),3)="250",250, IF(RIGHT(TRIM(Sheet3!$C98),2)="02",180,1)) -> 0
C99: Dyna Gold CB Mix
C100: GOLDCB250 | D100: =SUMIFS(Sheet1!$O129:$O9011,Sheet1!$K129:$K9011,Sheet3!$C100,Sheet1!$G129:$G9011,Sheet3!D$3)/3/2/IF(RIGHT(TRIM(Sheet3!$C100),3)="250",250, IF(RIGHT(TRIM(Sheet3!$C100),2)="02",180,1)) -> 0 | E100: =SUMIFS(Sheet1!$O129:$O9011,Sheet1!$K129:$K9011,Sheet3!$C100,Sheet1!$G129:$G9011,Sheet3!E$3)/3/2/IF(RIGHT(TRIM(Sheet3!$C100),3)="250",250, IF(RIGHT(TRIM(Sheet3!$C100),2)="02",180,1)) -> 0 | F100: =SUMIFS(Sheet1!$O129:$O9011,Sheet1!$K129:$K9011,Sheet3!$C100,Sheet1!$G129:$G9011,Sheet3!F$3)/3/2/IF(RIGHT(TRIM(Sheet3!$C100),3)="250",250, IF(RIGHT(TRIM(Sheet3!$C100),2)="02",180,1)) -> 0 | G100: =SUMIFS(Sheet1!$O129:$O9011,Sheet1!$K129:$K9011,Sheet3!$C100,Sheet1!$G129:$G9011,Sheet3!G$3)/3/2/IF(RIGHT(TRIM(Sheet3!$C100),3)="250",250, IF(RIGHT(TRIM(Sheet3!$C100),2)="02",180,1)) -> 0 | H100: =SUMIFS(Sheet1!$O129:$O9011,Sheet1!$K129:$K9011,Sheet3!$C100,Sheet1!$G129:$G9011,Sheet3!H$3)/3/2/IF(RIGHT(TRIM(Sheet3!$C100),3)="250",250, IF(RIGHT(TRIM(Sheet3!$C100),2)="02",180,1)) -> 0 | I100: =SUMIFS(Sheet1!$O129:$O9011,Sheet1!$K129:$K9011,Sheet3!$C100,Sheet1!$G129:$G9011,Sheet3!I$3)/3/2/IF(RIGHT(TRIM(Sheet3!$C100),3)="250",250, IF(RIGHT(TRIM(Sheet3!$C100),2)="02",180,1)) -> 0 | J100: =SUMIFS(Sheet1!$O129:$O9011,Sheet1!$K129:$K9011,Sheet3!$C100,Sheet1!$G129:$G9011,Sheet3!J$3)/3/2/IF(RIGHT(TRIM(Sheet3!$C100),3)="250",250, IF(RIGHT(TRIM(Sheet3!$C100),2)="02",180,1)) -> 0.33333333 | K100: =SUMIFS(Sheet1!$O129:$O9011,Sheet1!$K129:$K9011,Sheet3!$C100,Sheet1!$G129:$G9011,Sheet3!K$3)/3/2/IF(RIGHT(TRIM(Sheet3!$C100),3)="250",250, IF(RIGHT(TRIM(Sheet3!$C100),2)="02",180,1)) -> 0.16666667 | ... O100: =SUMIFS(Sheet1!$O129:$O9011,Sheet1!$K129:$K9011,Sheet3!$C100,Sheet1!$G129:$G9011,Sheet3!O$3)/3/2/IF(RIGHT(TRIM(Sheet3!$C100),3)="250",250, IF(RIGHT(TRIM(Sheet3!$C100),2)="02",180,1)) -> 0
C101: GOLDCB02 | D101: =SUMIFS(Sheet1!$O130:$O9012,Sheet1!$K130:$K9012,Sheet3!$C101,Sheet1!$G130:$G9012,Sheet3!D$3)/3/2/IF(RIGHT(TRIM(Sheet3!$C101),3)="250",250, IF(RIGHT(TRIM(Sheet3!$C101),2)="02",180,1)) -> 0 | E101: =SUMIFS(Sheet1!$O130:$O9012,Sheet1!$K130:$K9012,Sheet3!$C101,Sheet1!$G130:$G9012,Sheet3!E$3)/3/2/IF(RIGHT(TRIM(Sheet3!$C101),3)="250",250, IF(RIGHT(TRIM(Sheet3!$C101),2)="02",180,1)) -> 0 | F101: =SUMIFS(Sheet1!$O130:$O9012,Sheet1!$K130:$K9012,Sheet3!$C101,Sheet1!$G130:$G9012,Sheet3!F$3)/3/2/IF(RIGHT(TRIM(Sheet3!$C101),3)="250",250, IF(RIGHT(TRIM(Sheet3!$C101),2)="02",180,1)) -> 0 | G101: =SUMIFS(Sheet1!$O130:$O9012,Sheet1!$K130:$K9012,Sheet3!$C101,Sheet1!$G130:$G9012,Sheet3!G$3)/3/2/IF(RIGHT(TRIM(Sheet3!$C101),3)="250",250, IF(RIGHT(TRIM(Sheet3!$C101),2)="02",180,1)) -> 0 | H101: =SUMIFS(Sheet1!$O130:$O9012,Sheet1!$K130:$K9012,Sheet3!$C101,Sheet1!$G130:$G9012,Sheet3!H$3)/3/2/IF(RIGHT(TRIM(Sheet3!$C101),3)="250",250, IF(RIGHT(TRIM(Sheet3!$C101),2)="02",180,1)) -> 0.66666667 | I101: =SUMIFS(Sheet1!$O130:$O9012,Sheet1!$K130:$K9012,Sheet3!$C101,Sheet1!$G130:$G9012,Sheet3!I$3)/3/2/IF(RIGHT(TRIM(Sheet3!$C101),3)="250",250, IF(RIGHT(TRIM(Sheet3!$C101),2)="02",180,1)) -> 1.2777778 | J101: =SUMIFS(Sheet1!$O130:$O9012,Sheet1!$K130:$K9012,Sheet3!$C101,Sheet1!$G130:$G9012,Sheet3!J$3)/3/2/IF(RIGHT(TRIM(Sheet3!$C101),3)="250",250, IF(RIGHT(TRIM(Sheet3!$C101),2)="02",180,1)) -> 0.94444444 | K101: =SUMIFS(Sheet1!$O130:$O9012,Sheet1!$K130:$K9012,Sheet3!$C101,Sheet1!$G130:$G9012,Sheet3!K$3)/3/2/IF(RIGHT(TRIM(Sheet3!$C101),3)="250",250, IF(RIGHT(TRIM(Sheet3!$C101),2)="02",180,1)) -> 2.6666667 | ... O101: =SUMIFS(Sheet1!$O130:$O9012,Sheet1!$K130:$K9012,Sheet3!$C101,Sheet1!$G130:$G9012,Sheet3!O$3)/3/2/IF(RIGHT(TRIM(Sheet3!$C101),3)="250",250, IF(RIGHT(TRIM(Sheet3!$C101),2)="02",180,1)) -> 0
...

Sheet Sheet5
D4: Oct | E4: Nov | F4: Dec | G4: Jan | H4: Feb | I4: March | J4: April | K4: May | L4: June | M4: July | N4: Aug | O4: Sep
D5: 10 | E5: 11 | F5: 12 | G5: 1 | H5: 2 | I5: 3 | J5: 4 | K5: 5 | L5: 6 | M5: 7 | N5: 8 | O5: 9
C6: Thrive 8-21-6
C7: FLO821602 | F7: 3.4351852 | G7: 13.333333 | H7: 3 | I7: 2
C8: FLO8216250 | E8: 4.9466667 | F8: 19.786667 | G8: 29.68 | H8: 7.42 | I8: 19.786667 | J8: 7.42 | M8: 4.9466667
C9: Top Side Liquid Boron
C10: TRITOPS02 | I10: 9.3333333 | J10: 31.333333 | M10: 11
C11: TRITOPS250 | I11: 3.8333333 | J11: 13.333333 | K11: 16.333333 | L11: 13.333333 | M11: 18.666667
C12: Citra Guard XP
C13: GRO1311619250 | D13: 0.16666667 | E13: 2 | F13: 0.5 | G13: 2.8333333 | H13: 4.3333333 | I13: 3.5333333 | J13: 5.3333333 | K13: 4.5 | L13: 2.3333333 | M13: 3.4 | N13: 2.1666667 | O13: 0.5
C14: Soar Bloom Spray
C15: SOARBLM250 | F15: 0.16666667 | G15: 3 | H15: 9.3333333 | I15: 4.8333333 | J15: 1.8533333 | K15: 1 | L15: 5 | M15: 1.5 | N15: -0.66666667
C16: SOARBLM02 | D16: 2.1851852 | E16: 3.462963 | F16: 5.1527778 | G16: 8.2152778 | H16: 9.3564815 | I16: 9.8888889 | J16: 9.5592593 | K16: 1.6967593 | L16: 3.375 | M16: 1.2314815 | N16: -0.21997475 | O16: 2.6481481
C17: Soar Citrus Mix
C18: SOARCIT250 | H18: 1 | I18: 2.3333333 | J18: 3 | K18: 3.1666667 | L18: 1.3333333 | M18: 3.8333333 | N18: 0.33333333 | O18: 0.33333333
C19: SOARCIT02 | D19: 0.33333333 | E19: 0.27777778 | G19: 0.19444444 | H19: 0.375 | I19: 4.2777778 | J19: 6.3333333 | K19: 7.212963 | L19: 9 | M19: 7.6712963 | N19: 2.6712963 | O19: 0.38888889
C20: Dyna Cal 10.25%
C21: SORCA02 | G21: 0.46296296 | I21: 0.19444444 | J21: 0.46296296 | K21: 0.46296296
C22: SORCA250 | D22: 2 | E22: 7.5 | F22: 5.1666667 | G22: 6.1666667 | H22: 3.5 | I22: 1.5 | J22: 2 | K22: 0.33333333 | L22: 0.16666667 | O22: 5.5
C23: Dyna Gold Calcium 8.25%
C24: GOLDCA250 | F24: 1 | G24: 0.5 | H24: 0.5 | I24: 0.83333333 | J24: 0.5 | K24: 0.16666667 | L24: 0.16666667 | M24: 0.16666667
C25: GOLDCA02 | D25: 1.9166667 | E25: 2.7873737 | F25: 3.6134259 | G25: 4.5138889 | H25: 1.8333333 | I25: 4.7337963 | J25: 4.1111111 | K25: 1.6759259 | L25: 0.88657475 | M25: 0.99537374 | N25: 0.92824747 | O25: 1.1851852
C26: Dyna Green Potato Mix
C27: GREPOT250 | G27: 1 | H27: 2.3333333 | I27: 6.5 | J27: 1.1666667
C28: Dyna Flo 0-0-25 17
C29: FLOKTS250 | D29: 2.5633333 | E29: 3.2233333 | F29: 1.6233333 | G29: 1.75 | H29: 2.562 | I29: 0.71333333 | J29: 1.8 | K29: 4.5533333 | L29: 4.4433333 | M29: 0.42666667 | N29: 2.1366667 | O29: 1.5
C30: Dyna Flo 3-18-18
C31: FLO31818250 | D31: =D3+(D29*18/25) -> 1.8456 | E31: =E3+(E29*18/25) -> 2.3208 | F31: =F3+(F29*18/25) -> 1.1688 | G31: =G3+(G29*18/25) -> 1.26 | H31: =H3+(H29*18/25) -> 1.84464 | I31: =I3+(I29*18/25) -> 0.5136 | J31: =J3+(J29*18/25) -> 1.296 | K31: =K3+(K29*18/25) -> 3.2784 | ... O31: =O3+(O29*18/25) -> 1.08
C32: Dyna Zone 18-3-6
C33: ZON1836250 | D33: 2.46 | E33: 0.96 | F33: 0.43 | G33: 0.92666667 | H33: 2.7333333 | I33: 2.465 | J33: 0.86333333 | K33: 1.8166667 | L33: 0.24666667 | M33: 1.7 | N33: 0.86333333 | O33: 2.4933333
C34: Nutrient Biofilter
C35: FLO828+02 | D35: 1.6666667 | E35: 1 | F35: 0.83333333 | G35: 2.5 | H35: 0.83333333 | I35: 2 | J35: 2 | K35: 1.8333333 | L35: 1.6666667 | M35: 1.6666667 | N35: 1.5 | O35: 2
C36: Dyna Gold MZF
C37: GOLDMZF250 | D37: 0.33333333 | E37: 0.5 | H37: 1.9233333 | I37: 0.66666667 | J37: 0.5 | K37: 1.1666667 | M37: 0.5 | N37: 0.33333333 | O37: 0.5
C38: GOLDMZF02 | D38: 0.75 | E38: 0.33333333 | F38: 0.33333333 | G38: 0.33333333 | H38: 0.5 | I38: 0.83333333 | J38: 1.212963 | K38: 0.52777778 | L38: 0.55555556 | M38: 1.9259259 | N38: 1.6435185 | O38: 1.6666667
C39: Dyna Boron 10%
C40: GOLDBOR1002 | D40: 0.13888889 | F40: 0.16666667 | G40: 0.22222222 | H40: 0.52777778 | I40: 0.47222222 | J40: 0.59259259 | K40: 0.36111111 | L40: 0.16666667 | M40: 0.55555556 | O40: 0.97222222
C41: GOLDBOR10250 | D41: 2.3333333 | E41: 1 | G41: 1.6666667 | I41: 0.33333333 | J41: 1.5266667 | K41: 5.5 | L41: 0.16666667 | M41: 1.5
C42: Vented pHury
C43: FLO15001602 | D43: 0.23148148 | E43: 0.92592593 | F43: 0.64814815 | G43: 0.74747475 | H43: 0.78737374 | I43: 0.92592593 | J43: 0.16237374 | K43: 0.69444444 | M43: 0.92592593
C44: FLO150016250 | D44: 0.5 | E44: 1.1666667 | F44: 0.66666667 | G44: 1.62 | H44: 1.6666667 | I44: 0.5 | J44: 0.66666667 | K44: 0.33333333 | L44: 0.16666667 | M44: 0.16666667 | O44: 0.5
C45: Dyna Gro Copper
C46: GROCU250 | H46: 0.33333333 | I46: 0.16666667 | J46: 0.33333333 | K46: 0.16666667 | L46: 0.83333333 | M46: 1 | O46: 0.16666667
C47: GROCU02 | D47: 0.16666667 | E47: 0.5 | G47: 1 | H47: 1.4444444 | I47: 0.5 | J47: 1.5 | K47: 1.1712963 | L47: 2.3333333 | N47: 1 | O47: 1.3333333
C48: Dyna Gold Iron 5%
C49: GOLDFE250 | D49: 0.16666667 | E49: 0.33333333 | L49: 0.16666667
C50: GOLDFE02 | D50: 0.77777778 | E50: 0.51851852 | F50: 0.49537374 | G50: 0.18518519 | H50: 1.8634259 | I50: 1.1666667 | J50: 1.7314815 | K50: 1.9747475 | L50: 2.1185185 | M50: 0.41666667 | N50: 1.2892593 | O50: 1.5648148
C51: Soar Micronutrient Mix
C52: SOARMIC250 | I52: 0.5 | J52: 0.33333333 | K52: 1 | M52: 0.16666667
C53: SOARMIC02 | D53: 0.84259259 | E53: 1.2314815 | F53: 1.337963 | G53: 1.5555556 | H53: 1.3518519 | I53: 1.3842593 | J53: 0.82873737 | K53: 1.1666667 | M53: 0.16666667 | N53: 0.18518519 | O53: 0.83333333
C54: pHylo
C55: PHYLO02 | D55: 0.27777778 | E55: 0.99747475 | F55: 1 | G55: 1.8333333 | H55: 3.5231481 | I55: 2.1111111 | J55: 0.66666667 | K55: 0.77777778 | L55: 0.28333333 | M55: 0.66666667 | N55: 0.5462963 | O55: 0.22222222
C56: Nitro Gold Nutritional 1512368
C57: NIT1512368250 | D57: 0.33333333 | E57: 0.5 | G57: 0.5 | H57: 0.17666667 | I57: 0.83333333 | J57: 1 | K57: 0.66666667 | L57: 1 | M57: 0.83333333 | N57: 1.5 | O57: 1
C58: Micro 7
C59: GOLDMICRO702 | F59: 0.83333333 | G59: 0.83333333 | I59: 0.38888889 | K59: 0.83333333 | L59: 0.58333333 | M59: 0.11851852 | N59: 0.33333333 | O59: 0.11111111
C60: GOLDMICRO7250 | E60: 0.16666667 | F60: 0.33333333 | G60: 0.18333333 | H60: 1.4166667 | J60: 1.2 | M60: 2.3733333 | N60: 0.16666667 | O60: 0.83333333
C61: Dyna Gro Citrite 779
C62: GRO779250 | J62: 0.5 | K62: 0.5 | L62: 0.83333333 | M62: 0.16666667 | N62: 1.1666667 | O62: 0.16666667
C63: GRO77902 | E63: 0.46296296 | F63: 0.33333333 | G63: 0.33333333 | H63: 0.66666667 | I63: 0.83333333 | J63: 0.39814815 | K63: 0.33564815 | L63: 0.33333333 | M63: 0.61111111 | N63: 0.33333333 | O63: 0.66666667
C64: Vented Manga Plex Plus
C65: USCMANPLX+02 | D65: 0.57873737 | E65: 0.67592593 | F65: 0.78247475 | G65: 0.98148148 | H65: 0.45373737 | I65: 0.86574747 | J65: 0.82873737 | K65: 0.57873737 | L65: 0.29166667 | M65: 0.45833333 | N65: 0.86111111 | O65: 0.62373737
C66: Dyna Flo Calcium Thiosulfate
C67: FLOCATS250 | E67: 1.5 | F67: 0.5 | G67: 1.6666667 | H67: 2 | I67: 0.5 | J67: 1.1666667 | K67: 0.16666667
C68: T&O Max
C69: GOLDT&O02 | G69: 0.83333333 | H69: 0.46296296 | I69: 0.37373737 | J69: 0.37373737 | K69: 0.55555556 | L69: 0.38888889 | M69: 0.55555556 | N69: 0.16666667
C70: GOLDT&O250 | D70: 0.5 | E70: 0.16666667 | F70: 0.5 | G70: 0.5 | H70: 0.33333333 | I70: 0.16666667 | J70: 0.33333333 | K70: 1.3333333 | L70: 0.16666667 | M70: 0.83333333 | N70: 0.33333333 | O70: 0.51666667
C71: Dyna Phos
C72: FLOPHOS02 | D72: 0.35648148 | E72: 0.16666667 | F72: 0.59259259 | H72: 0.68518519 | I72: 0.61111111 | J72: 0.67592593 | K72: 0.46296296 | L72: 0.69444444 | M72: 0.18981481 | N72: 0.33333333 | O72: 0.16481481
C73: FLOPHOS250 | G73: 0.5 | I73: 0.83333333 | J73: 0.83333333 | L73: 0.5 | M73: 0.66666667 | N73: 0.16666667 | O73: 0.33333333
C74: Green Complete Mn
C75: GPGRCMN02 | F75: 0.55555556 | G75: 0.55555556 | H75: 0.55555556 | I75: 0.83333333 | J75: 0.37373737 | L75: 0.37373737 | M75: 0.55555556 | O75: 0.74747475
C76: GPGRCMN250 | D76: 0.7 | E76: 0.18333333 | F76: 0.73333333 | G76: 0.53333333 | H76: 0.53333333 | I76: 0.16666667 | J76: 0.53333333 | K76: 0.33333333 | M76: 0.9 | N76: 0.55
D81: =D4 -> Oct | E81: =E4 -> Nov | F81: =F4 -> Dec | G81: =G4 -> Jan | H81: =H4 -> Feb | I81: =I4 -> March | J81: =J4 -> April | K81: =K4 -> May | ... O81: =O4 -> Sep
C82: Gr8 Thio
C83: GVGR8THIO02 | K83: 0.74747475 | L83: 0.89814815 | M83: 1.4444444
C84: GVGR8THIO250 | E84: 0.33333333 | F84: 2.5333333 | G84: 0.33333333 | J84: 0.16666667 | K84: 0.55 | L84: 0.53333333
C85: Dyna Green Homestead Mix
C86: GREHMSTD02 | F86: 0.33333333 | G86: 0.16666667 | H86: 0.16666667 | I86: 0.33333333 | J86: 0.16666667 | K86: 0.16666667 | L86: 0.52314815 | M86: 0.33333333 | N86: 0.66666667
C87: GREHMSTD250 | F87: 1 | G87: 1.6666667 | H87: 1.1666667 | I87: 0.66666667
C88: Dyna Flo 15-0-0-6 Foliar Turf Nutritional
C89: FLOTURF02 | F89: 0.55555556 | G89: 0.55555556 | I89: 0.15747475 | N89: 0.38888889
C90: FLOTURF250 | D90: 0.66666667 | F90: 0.33333333 | G90: 0.16666667 | J90: 0.6 | K90: 1.3333333 | L90: 0.5 | N90: 1.5
C91: Dyna Gold CB Mix
C92: GOLDCB250 | J92: 0.33333333 | K92: 0.16666667 | M92: 0.16666667 | N92: 0.16666667
C93: GOLDCB02 | H93: 0.66666667 | I93: 1.2777778 | J93: 0.94444444 | K93: 2.6666667 | L93: 0.33333333
C94: Dyna Zone N28
C95: ZONN2802 | E95: 0.38888889 | F95: 0.64814815 | G95: 0.32474747 | H95: 0.18518519 | I95: 0.29166667 | J95: 0.2962963 | K95: 0.24747475 | M95: 0.35555556 | N95: 0.36111111
C96: ZONN28250 | F96: 0.16666667 | I96: 2.5 | K96: 0.5 | L96: 0.5 | N96: 0.16666667
C97: Bay Cane Molasses
C98: FLOMOLA02 | D98: 0.27777778 | F98: 0.78737374 | G98: 0.55555556 | J98: 0.14814815 | L98: 0.46296296 | M98: 0.55555556 | O98: 0.14351852
C99: FLOMOLA250 | D99: 0.16666667 | E99: 0.33333333 | G99: 1 | H99: 0.33333333 | I99: 0.33333333 | J99: 0.38333333 | K99: 0.43333333 | L99: 0.83333333 | M99: 0.33333333 | N99: 0.83333333 | O99: 0.66666667
C100: 12-0-0 6 Fe Plus Foliar Turf Nutritional
C101: GV1200602 | D101: 0.33333333 | E101: 0.55555556 | F101: 0.22222222 | G101: 0.16666667 | H101: 0.11111111 | I101: 0.16666667 | J101: 0.16666667 | K101: 0.83333333 | L101: 0.16666667 | N101: 0.55555556
C102: GV12006250 | F102: 0.16666667 | G102: 0.18333333 | H102: 0.18333333 | J102: 1.35 | K102: 0.35 | M102: 0.18333333 | O102: 0.35
C103: Vented Bio Plex
C104: USCBIOPX02 | D104: 0.39814815 | E104: 0.54166667 | F104: 0.52777778 | G104: 0.57474747 | H104: 0.61851852 | I104: 0.74747475 | J104: 0.47474747 | K104: 0.56944444 | L104: 0.25925926 | M104: 0.51851852 | N104: 0.68555556 | O104: 0.44974747
C105: Carbon Full
C106: GPCARBFULL02 | H106: 0.46296296 | K106: 0.23148148 | L106: 0.32474747 | N106: 0.74747475 | O106: 0.64814815
C107: GPCARBFULL250 | H107: 2.6666667 | I107: 0.33333333 | J107: 0.51666667 | K107: 0.16666667 | L107: 0.5 | M107: 0.16666667 | N107: 0.16666667 | O107: 0.16666667
...

Sheet Sheet2
A1: Items | B1: Description | C1: Sales
A2: NPKPHOS75 | B2: Phosphoric Acid 75% | C2: 97420
A3: NPKPHOS75 | B3: Phosphoric Acid 75% | C3: 97420
A4: CHEGLUCOGR50CDI | B4: Sodium Glucoheptonate | C4: 22239
A5: NPKKOHDRY | B5: Potassium Hydroxide KOH Dry 90% | C5: 16500
A6: NPKKOHDRY | B6: Potassium Hydroxide KOH Dry 90% | C6: 16500
A7: NPKKOHDRY | B7: Potassium Hydroxide KOH Dry 90% | C7: 16500
A8: NPKKOHDRY | B8: Potassium Hydroxide KOH Dry 90% | C8: 16500
A9: FLO1137000 | B9: Dyna Flo 11-37-0 | C9: 14997
A10: FLO1137000 | B10: Dyna Flo 11-37-0 | C10: 14997
A11: FLO1137000 | B11: Dyna Flo 11-37-0 | C11: 14997
A12: FLO1137000 | B12: Dyna Flo 11-37-0 | C12: 14997
A13: NPKAWAKEN | B13: Awaken 16-0-2 | C13: 7500
... A739: MAC329YM2 | B739: Dyna Flo 3-2-9YM2 | C739: 0.05
