Workbook

Sheet New Yearly Report
C1: Year | D1: 14 | E1: =D1+1 -> 15 | F1: =E1+1 -> 16 | G1: =F1+1 -> 17 | H1: =G1+1 -> 18 | I1: =H1+1 -> 19 | J1: =I1+1 -> 20 | K1: =J1+1 -> 21 | L1: =K1+1 -> 22 | M1: =L1+1 -> 23
B3: Chemical Dynamics Yearly Product Usage - July to June
B4: As of 6/30/23
D5: 2014 | E5: =D5+1 -> 2015 | F5: =E5+1 -> 2016 | G5: =F5+1 -> 2017 | H5: =G5+1 -> 2018 | I5: =H5+1 -> 2019 | J5: =I5+1 -> 2020 | K5: =J5+1 -> 2021 | L5: =K5+1 -> 2022 | M5: =L5+1 -> 2023
B6: NPK11370 | C6: 11-37-0 | D6: =SUMIFS('FY13-23 Full Data'!$AL5:$FA5,'FY13-23 Full Data'!$AL$2:$FA$2,'New Yearly Report'!D$1) -> 92659.07 | E6: =SUMIFS('FY13-23 Full Data'!$AL5:$FA5,'FY13-23 Full Data'!$AL$2:$FA$2,'New Yearly Report'!E$1) -> 76904.31 | F6: =SUMIFS('FY13-23 Full Data'!$AL5:$FA5,'FY13-23 Full Data'!$AL$2:$FA$2,'New Yearly Report'!F$1) -> 158327.97 | G6: =SUMIFS('FY13-23 Full Data'!$AL5:$FA5,'FY13-23 Full Data'!$AL$2:$FA$2,'New Yearly Report'!G$1) -> 389019.68 | H6: =SUMIFS('FY13-23 Full Data'!$AL5:$FA5,'FY13-23 Full Data'!$AL$2:$FA$2,'New Yearly Report'!H$1) -> 401495.13 | I6: =SUMIFS('FY13-23 Full Data'!$AL5:$FA5,'FY13-23 Full Data'!$AL$2:$FA$2,'New Yearly Report'!I$1) -> 104796.49 | J6: =SUMIFS('FY13-23 Full Data'!$AL5:$FA5,'FY13-23 Full Data'!$AL$2:$FA$2,'New Yearly Report'!J$1) -> 284376.41 | K6: =SUMIFS('FY13-23 Full Data'!$AL5:$FA5,'FY13-23 Full Data'!$AL$2:$FA$2,'New Yearly Report'!K$1) -> 666211.04 | ... M6: =SUMIFS('FY13-23 Full Data'!$AL5:$FA5,'FY13-23 Full Data'!$AL$2:$FA$2,'New Yearly Report'!M$1) -> 461843
B7: NPKAQUA | C7: AQUA AMMONIA | D7: =SUMIFS('FY13-23 Full Data'!$AL6:$FA6,'FY13-23 Full Data'!$AL$2:$FA$2,'New Yearly Report'!D$1) -> 72576.909 | E7: =SUMIFS('FY13-23 Full Data'!$AL6:$FA6,'FY13-23 Full Data'!$AL$2:$FA$2,'New Yearly Report'!E$1) -> 55592.803 | F7: =SUMIFS('FY13-23 Full Data'!$AL6:$FA6,'FY13-23 Full Data'!$AL$2:$FA$2,'New Yearly Report'!F$1) -> 91074.046 | G7: =SUMIFS('FY13-23 Full Data'!$AL6:$FA6,'FY13-23 Full Data'!$AL$2:$FA$2,'New Yearly Report'!G$1) -> 67881.405 | H7: =SUMIFS('FY13-23 Full Data'!$AL6:$FA6,'FY13-23 Full Data'!$AL$2:$FA$2,'New Yearly Report'!H$1) -> 75611.445 | I7: =SUMIFS('FY13-23 Full Data'!$AL6:$FA6,'FY13-23 Full Data'!$AL$2:$FA$2,'New Yearly Report'!I$1) -> 35883.305 | J7: =SUMIFS('FY13-23 Full Data'!$AL6:$FA6,'FY13-23 Full Data'!$AL$2:$FA$2,'New Yearly Report'!J$1) -> 53816.6 | K7: =SUMIFS('FY13-23 Full Data'!$AL6:$FA6,'FY13-23 Full Data'!$AL$2:$FA$2,'New Yearly Report'!K$1) -> 97235.371 | ... M7: =SUMIFS('FY13-23 Full Data'!$AL6:$FA6,'FY13-23 Full Data'!$AL$2:$FA$2,'New Yearly Report'!M$1) -> 54206
B8: SO4BORIC | C8: BORIC ACID | D8: =SUMIFS('FY13-23 Full Data'!$AL7:$FA7,'FY13-23 Full Data'!$AL$2:$FA$2,'New Yearly Report'!D$1) -> -1836.1303 | E8: =SUMIFS('FY13-23 Full Data'!$AL7:$FA7,'FY13-23 Full Data'!$AL$2:$FA$2,'New Yearly Report'!E$1) -> 171724.24 | F8: =SUMIFS('FY13-23 Full Data'!$AL7:$FA7,'FY13-23 Full Data'!$AL$2:$FA$2,'New Yearly Report'!F$1) -> 139590.68 | G8: =SUMIFS('FY13-23 Full Data'!$AL7:$FA7,'FY13-23 Full Data'!$AL$2:$FA$2,'New Yearly Report'!G$1) -> 170758.86 | H8: =SUMIFS('FY13-23 Full Data'!$AL7:$FA7,'FY13-23 Full Data'!$AL$2:$FA$2,'New Yearly Report'!H$1) -> 250223.67 | I8: =SUMIFS('FY13-23 Full Data'!$AL7:$FA7,'FY13-23 Full Data'!$AL$2:$FA$2,'New Yearly Report'!I$1) -> 331849.18 | J8: =SUMIFS('FY13-23 Full Data'!$AL7:$FA7,'FY13-23 Full Data'!$AL$2:$FA$2,'New Yearly Report'!J$1) -> 360876.67 | K8: =SUMIFS('FY13-23 Full Data'!$AL7:$FA7,'FY13-23 Full Data'!$AL$2:$FA$2,'New Yearly Report'!K$1) -> 401241.39 | ... M8: =SUMIFS('FY13-23 Full Data'!$AL7:$FA7,'FY13-23 Full Data'!$AL$2:$FA$2,'New Yearly Report'!M$1) -> 239360
B9: SO4BORON | C9: BORON | D9: =SUMIFS('FY13-23 Full Data'!$AL8:$FA8,'FY13-23 Full Data'!$AL$2:$FA$2,'New Yearly Report'!D$1) -> 86042.359 | E9: =SUMIFS('FY13-23 Full Data'!$AL8:$FA8,'FY13-23 Full Data'!$AL$2:$FA$2,'New Yearly Report'!E$1) -> 61987.828 | F9: =SUMIFS('FY13-23 Full Data'!$AL8:$FA8,'FY13-23 Full Data'!$AL$2:$FA$2,'New Yearly Report'!F$1) -> 72184.506 | G9: =SUMIFS('FY13-23 Full Data'!$AL8:$FA8,'FY13-23 Full Data'!$AL$2:$FA$2,'New Yearly Report'!G$1) -> 66974.604 | H9: =SUMIFS('FY13-23 Full Data'!$AL8:$FA8,'FY13-23 Full Data'!$AL$2:$FA$2,'New Yearly Report'!H$1) -> 55696.43 | I9: =SUMIFS('FY13-23 Full Data'!$AL8:$FA8,'FY13-23 Full Data'!$AL$2:$FA$2,'New Yearly Report'!I$1) -> 58330.507 | J9: =SUMIFS('FY13-23 Full Data'!$AL8:$FA8,'FY13-23 Full Data'!$AL$2:$FA$2,'New Yearly Report'!J$1) -> 49117.988 | K9: =SUMIFS('FY13-23 Full Data'!$AL8:$FA8,'FY13-23 Full Data'!$AL$2:$FA$2,'New Yearly Report'!K$1) -> 53263.927 | ... M9: =SUMIFS('FY13-23 Full Data'!$AL8:$FA8,'FY13-23 Full Data'!$AL$2:$FA$2,'New Yearly Report'!M$1) -> 41476
B10: NO3CA | C10: CALCIUM NITRATE | D10: =SUMIFS('FY13-23 Full Data'!$AL9:$FA9,'FY13-23 Full Data'!$AL$2:$FA$2,'New Yearly Report'!D$1) -> 4919733.8 | E10: =SUMIFS('FY13-23 Full Data'!$AL9:$FA9,'FY13-23 Full Data'!$AL$2:$FA$2,'New Yearly Report'!E$1) -> 3613483.2 | F10: =SUMIFS('FY13-23 Full Data'!$AL9:$FA9,'FY13-23 Full Data'!$AL$2:$FA$2,'New Yearly Report'!F$1) -> 4048321.5 | G10: =SUMIFS('FY13-23 Full Data'!$AL9:$FA9,'FY13-23 Full Data'!$AL$2:$FA$2,'New Yearly Report'!G$1) -> 3389966.9 | H10: =SUMIFS('FY13-23 Full Data'!$AL9:$FA9,'FY13-23 Full Data'!$AL$2:$FA$2,'New Yearly Report'!H$1) -> 3335058.6 | I10: =SUMIFS('FY13-23 Full Data'!$AL9:$FA9,'FY13-23 Full Data'!$AL$2:$FA$2,'New Yearly Report'!I$1) -> 3369745.1 | J10: =SUMIFS('FY13-23 Full Data'!$AL9:$FA9,'FY13-23 Full Data'!$AL$2:$FA$2,'New Yearly Report'!J$1) -> 3656716.6 | K10: =SUMIFS('FY13-23 Full Data'!$AL9:$FA9,'FY13-23 Full Data'!$AL$2:$FA$2,'New Yearly Report'!K$1) -> 3623596.9 | ... M10: =SUMIFS('FY13-23 Full Data'!$AL9:$FA9,'FY13-23 Full Data'!$AL$2:$FA$2,'New Yearly Report'!M$1) -> 2766928
B11: CHECITRIC | C11: CITRIC ACID | D11: =SUMIFS('FY13-23 Full Data'!$AL10:$FA10,'FY13-23 Full Data'!$AL$2:$FA$2,'New Yearly Report'!D$1) -> 144570.62 | E11: =SUMIFS('FY13-23 Full Data'!$AL10:$FA10,'FY13-23 Full Data'!$AL$2:$FA$2,'New Yearly Report'!E$1) -> 92405.868 | F11: =SUMIFS('FY13-23 Full Data'!$AL10:$FA10,'FY13-23 Full Data'!$AL$2:$FA$2,'New Yearly Report'!F$1) -> 97399.913 | G11: =SUMIFS('FY13-23 Full Data'!$AL10:$FA10,'FY13-23 Full Data'!$AL$2:$FA$2,'New Yearly Report'!G$1) -> 71268.473 | H11: =SUMIFS('FY13-23 Full Data'!$AL10:$FA10,'FY13-23 Full Data'!$AL$2:$FA$2,'New Yearly Report'!H$1) -> 73235.148 | I11: =SUMIFS('FY13-23 Full Data'!$AL10:$FA10,'FY13-23 Full Data'!$AL$2:$FA$2,'New Yearly Report'!I$1) -> 56695.769 | J11: =SUMIFS('FY13-23 Full Data'!$AL10:$FA10,'FY13-23 Full Data'!$AL$2:$FA$2,'New Yearly Report'!J$1) -> 61914.664 | K11: =SUMIFS('FY13-23 Full Data'!$AL10:$FA10,'FY13-23 Full Data'!$AL$2:$FA$2,'New Yearly Report'!K$1) -> 67297.112 | ... M11: =SUMIFS('FY13-23 Full Data'!$AL10:$FA10,'FY13-23 Full Data'!$AL$2:$FA$2,'New Yearly Report'!M$1) -> 75863
B12: CHEGLUCO | C12: GLUCOHEPTONATE | D12: =SUMIFS('FY13-23 Full Data'!$AL11:$FA11,'FY13-23 Full Data'!$AL$2:$FA$2,'New Yearly Report'!D$1) -> 916025.43 | E12: =SUMIFS('FY13-23 Full Data'!$AL11:$FA11,'FY13-23 Full Data'!$AL$2:$FA$2,'New Yearly Report'!E$1) -> 798708.94 | F12: =SUMIFS('FY13-23 Full Data'!$AL11:$FA11,'FY13-23 Full Data'!$AL$2:$FA$2,'New Yearly Report'!F$1) -> 922684.74 | G12: =SUMIFS('FY13-23 Full Data'!$AL11:$FA11,'FY13-23 Full Data'!$AL$2:$FA$2,'New Yearly Report'!G$1) -> 695460.94 | H12: =SUMIFS('FY13-23 Full Data'!$AL11:$FA11,'FY13-23 Full Data'!$AL$2:$FA$2,'New Yearly Report'!H$1) -> 611506.48 | I12: =SUMIFS('FY13-23 Full Data'!$AL11:$FA11,'FY13-23 Full Data'!$AL$2:$FA$2,'New Yearly Report'!I$1) -> 613724.47 | J12: =SUMIFS('FY13-23 Full Data'!$AL11:$FA11,'FY13-23 Full Data'!$AL$2:$FA$2,'New Yearly Report'!J$1) -> 622751.95 | K12: =SUMIFS('FY13-23 Full Data'!$AL11:$FA11,'FY13-23 Full Data'!$AL$2:$FA$2,'New Yearly Report'!K$1) -> 607638.8 | ... M12: =SUMIFS('FY13-23 Full Data'!$AL11:$FA11,'FY13-23 Full Data'!$AL$2:$FA$2,'New Yearly Report'!M$1) -> 374581
B13: GRPHUMICLIQ | C13: HUMIC ACID LIQUID | D13: =SUMIFS('FY13-23 Full Data'!$AL12:$FA12,'FY13-23 Full Data'!$AL$2:$FA$2,'New Yearly Report'!D$1) -> 78690.422 | E13: =SUMIFS('FY13-23 Full Data'!$AL12:$FA12,'FY13-23 Full Data'!$AL$2:$FA$2,'New Yearly Report'!E$1) -> 73053.069 | F13: =SUMIFS('FY13-23 Full Data'!$AL12:$FA12,'FY13-23 Full Data'!$AL$2:$FA$2,'New Yearly Report'!F$1) -> 63238.138 | G13: =SUMIFS('FY13-23 Full Data'!$AL12:$FA12,'FY13-23 Full Data'!$AL$2:$FA$2,'New Yearly Report'!G$1) -> 65990.958 | H13: =SUMIFS('FY13-23 Full Data'!$AL12:$FA12,'FY13-23 Full Data'!$AL$2:$FA$2,'New Yearly Report'!H$1) -> 73648.773 | I13: =SUMIFS('FY13-23 Full Data'!$AL12:$FA12,'FY13-23 Full Data'!$AL$2:$FA$2,'New Yearly Report'!I$1) -> 64264.667 | J13: =SUMIFS('FY13-23 Full Data'!$AL12:$FA12,'FY13-23 Full Data'!$AL$2:$FA$2,'New Yearly Report'!J$1) -> 107106.4 | K13: =SUMIFS('FY13-23 Full Data'!$AL12:$FA12,'FY13-23 Full Data'!$AL$2:$FA$2,'New Yearly Report'!K$1) -> 100012.14 | ... M13: =SUMIFS('FY13-23 Full Data'!$AL12:$FA12,'FY13-23 Full Data'!$AL$2:$FA$2,'New Yearly Report'!M$1) -> 63198
B14: NO3FE | C14: IRON NITRATE 10% | D14: =SUMIFS('FY13-23 Full Data'!$AL13:$FA13,'FY13-23 Full Data'!$AL$2:$FA$2,'New Yearly Report'!D$1) -> 140803.43 | E14: =SUMIFS('FY13-23 Full Data'!$AL13:$FA13,'FY13-23 Full Data'!$AL$2:$FA$2,'New Yearly Report'!E$1) -> 152812.47 | F14: =SUMIFS('FY13-23 Full Data'!$AL13:$FA13,'FY13-23 Full Data'!$AL$2:$FA$2,'New Yearly Report'!F$1) -> 270266.22 | G14: =SUMIFS('FY13-23 Full Data'!$AL13:$FA13,'FY13-23 Full Data'!$AL$2:$FA$2,'New Yearly Report'!G$1) -> 893375.4 | H14: =SUMIFS('FY13-23 Full Data'!$AL13:$FA13,'FY13-23 Full Data'!$AL$2:$FA$2,'New Yearly Report'!H$1) -> 1289363.9 | I14: =SUMIFS('FY13-23 Full Data'!$AL13:$FA13,'FY13-23 Full Data'!$AL$2:$FA$2,'New Yearly Report'!I$1) -> 1295287.8 | J14: =SUMIFS('FY13-23 Full Data'!$AL13:$FA13,'FY13-23 Full Data'!$AL$2:$FA$2,'New Yearly Report'!J$1) -> 923762.25 | K14: =SUMIFS('FY13-23 Full Data'!$AL13:$FA13,'FY13-23 Full Data'!$AL$2:$FA$2,'New Yearly Report'!K$1) -> 751025.14 | ... M14: =SUMIFS('FY13-23 Full Data'!$AL13:$FA13,'FY13-23 Full Data'!$AL$2:$FA$2,'New Yearly Report'!M$1) -> 303942
B15: SO4FEDRY19 | C15: IRON SULPHATE (Dry) | D15: =SUMIFS('FY13-23 Full Data'!$AL14:$FA14,'FY13-23 Full Data'!$AL$2:$FA$2,'New Yearly Report'!D$1) -> 153995.56 | E15: =SUMIFS('FY13-23 Full Data'!$AL14:$FA14,'FY13-23 Full Data'!$AL$2:$FA$2,'New Yearly Report'!E$1) -> 113241.2 | F15: =SUMIFS('FY13-23 Full Data'!$AL14:$FA14,'FY13-23 Full Data'!$AL$2:$FA$2,'New Yearly Report'!F$1) -> 109280.95 | G15: =SUMIFS('FY13-23 Full Data'!$AL14:$FA14,'FY13-23 Full Data'!$AL$2:$FA$2,'New Yearly Report'!G$1) -> 67219.379 | H15: =SUMIFS('FY13-23 Full Data'!$AL14:$FA14,'FY13-23 Full Data'!$AL$2:$FA$2,'New Yearly Report'!H$1) -> 84817.651 | I15: =SUMIFS('FY13-23 Full Data'!$AL14:$FA14,'FY13-23 Full Data'!$AL$2:$FA$2,'New Yearly Report'!I$1) -> 81711.578 | J15: =SUMIFS('FY13-23 Full Data'!$AL14:$FA14,'FY13-23 Full Data'!$AL$2:$FA$2,'New Yearly Report'!J$1) -> 64167.182 | K15: =SUMIFS('FY13-23 Full Data'!$AL14:$FA14,'FY13-23 Full Data'!$AL$2:$FA$2,'New Yearly Report'!K$1) -> 76271.903 | ... M15: =SUMIFS('FY13-23 Full Data'!$AL14:$FA14,'FY13-23 Full Data'!$AL$2:$FA$2,'New Yearly Report'!M$1) -> 57229
B16: NPKKOHDRY | C16: KOH DRY | D16: =SUMIFS('FY13-23 Full Data'!$AL15:$FA15,'FY13-23 Full Data'!$AL$2:$FA$2,'New Yearly Report'!D$1) -> 368107.67 | E16: =SUMIFS('FY13-23 Full Data'!$AL15:$FA15,'FY13-23 Full Data'!$AL$2:$FA$2,'New Yearly Report'!E$1) -> 177681.86 | F16: =SUMIFS('FY13-23 Full Data'!$AL15:$FA15,'FY13-23 Full Data'!$AL$2:$FA$2,'New Yearly Report'!F$1) -> 239878.24 | G16: =SUMIFS('FY13-23 Full Data'!$AL15:$FA15,'FY13-23 Full Data'!$AL$2:$FA$2,'New Yearly Report'!G$1) -> 207666.41 | H16: =SUMIFS('FY13-23 Full Data'!$AL15:$FA15,'FY13-23 Full Data'!$AL$2:$FA$2,'New Yearly Report'!H$1) -> 138131.51 | I16: =SUMIFS('FY13-23 Full Data'!$AL15:$FA15,'FY13-23 Full Data'!$AL$2:$FA$2,'New Yearly Report'!I$1) -> 96395.552 | J16: =SUMIFS('FY13-23 Full Data'!$AL15:$FA15,'FY13-23 Full Data'!$AL$2:$FA$2,'New Yearly Report'!J$1) -> 49723.795 | K16: =SUMIFS('FY13-23 Full Data'!$AL15:$FA15,'FY13-23 Full Data'!$AL$2:$FA$2,'New Yearly Report'!K$1) -> 139534.91 | ... M16: =SUMIFS('FY13-23 Full Data'!$AL15:$FA15,'FY13-23 Full Data'!$AL$2:$FA$2,'New Yearly Report'!M$1) -> 127497
B17: NPKKOHLIQ | C17: KOH LIQUID 45% | D17: =SUMIFS('FY13-23 Full Data'!$AL16:$FA16,'FY13-23 Full Data'!$AL$2:$FA$2,'New Yearly Report'!D$1) -> 764206.71 | E17: =SUMIFS('FY13-23 Full Data'!$AL16:$FA16,'FY13-23 Full Data'!$AL$2:$FA$2,'New Yearly Report'!E$1) -> 26682.032 | F17: =SUMIFS('FY13-23 Full Data'!$AL16:$FA16,'FY13-23 Full Data'!$AL$2:$FA$2,'New Yearly Report'!F$1) -> 17138.503 | G17: =SUMIFS('FY13-23 Full Data'!$AL16:$FA16,'FY13-23 Full Data'!$AL$2:$FA$2,'New Yearly Report'!G$1) -> -646.8432 | H17: =SUMIFS('FY13-23 Full Data'!$AL16:$FA16,'FY13-23 Full Data'!$AL$2:$FA$2,'New Yearly Report'!H$1) -> 940.67835 | I17: =SUMIFS('FY13-23 Full Data'!$AL16:$FA16,'FY13-23 Full Data'!$AL$2:$FA$2,'New Yearly Report'!I$1) -> 79.94255 | J17: =SUMIFS('FY13-23 Full Data'!$AL16:$FA16,'FY13-23 Full Data'!$AL$2:$FA$2,'New Yearly Report'!J$1) -> -971.8914 | K17: =SUMIFS('FY13-23 Full Data'!$AL16:$FA16,'FY13-23 Full Data'!$AL$2:$FA$2,'New Yearly Report'!K$1) -> 2190.0294 | ... M17: =SUMIFS('FY13-23 Full Data'!$AL16:$FA16,'FY13-23 Full Data'!$AL$2:$FA$2,'New Yearly Report'!M$1) -> 0
... B37: SO4CU | C37: COPPER SULPHATE 25.2% | D37: =SUMIFS('FY13-23 Full Data'!$AL36:$FA36,'FY13-23 Full Data'!$AL$2:$FA$2,'New Yearly Report'!D$1) -> 0 | E37: =SUMIFS('FY13-23 Full Data'!$AL36:$FA36,'FY13-23 Full Data'!$AL$2:$FA$2,'New Yearly Report'!E$1) -> 0 | F37: =SUMIFS('FY13-23 Full Data'!$AL36:$FA36,'FY13-23 Full Data'!$AL$2:$FA$2,'New Yearly Report'!F$1) -> 0 | G37: =SUMIFS('FY13-23 Full Data'!$AL36:$FA36,'FY13-23 Full Data'!$AL$2:$FA$2,'New Yearly Report'!G$1) -> 0 | H37: =SUMIFS('FY13-23 Full Data'!$AL36:$FA36,'FY13-23 Full Data'!$AL$2:$FA$2,'New Yearly Report'!H$1) -> 0 | I37: =SUMIFS('FY13-23 Full Data'!$AL36:$FA36,'FY13-23 Full Data'!$AL$2:$FA$2,'New Yearly Report'!I$1) -> 0 | J37: =SUMIFS('FY13-23 Full Data'!$AL36:$FA36,'FY13-23 Full Data'!$AL$2:$FA$2,'New Yearly Report'!J$1) -> 0 | K37: =SUMIFS('FY13-23 Full Data'!$AL36:$FA36,'FY13-23 Full Data'!$AL$2:$FA$2,'New Yearly Report'!K$1) -> 0 | ... M37: =SUMIFS('FY13-23 Full Data'!$AL36:$FA36,'FY13-23 Full Data'!$AL$2:$FA$2,'New Yearly Report'!M$1) -> 15168

Sheet New Quarterly Report
C1: Year | D1: 14 | E1: =D1 -> 14 | F1: =E1 -> 14 | G1: =F1 -> 14 | H1: =D1+1 -> 15 | I1: =E1+1 -> 15 | J1: =F1+1 -> 15 | K1: =G1+1 -> 15 | L1: =H1+1 -> 16 | M1: =I1+1 -> 16 | N1: =J1+1 -> 16 | O1: =K1+1 -> 16 | ... AQ1: =AM1+1 -> 23
C2: Quarter | D2: 1 | E2: =D2+1 -> 2 | F2: =E2+1 -> 3 | G2: =F2+1 -> 4 | H2: =D2 -> 1 | I2: =E2 -> 2 | J2: =F2 -> 3 | K2: =G2 -> 4 | L2: =H2 -> 1 | M2: =I2 -> 2 | N2: =J2 -> 3 | O2: =K2 -> 4 | ... AQ2: =AM2 -> 4
B4: Chemical Dynamics Quarterly Product Usage
B5: As of 6/30/23
D6: 2014 | H6: =D6+1 -> 2015 | L6: =H6+1 -> 2016 | P6: =L6+1 -> 2017 | T6: =P6+1 -> 2018 | X6: =T6+1 -> 2019 | AB6: =X6+1 -> 2020 | AF6: =AB6+1 -> 2021 | AJ6: =AF6+1 -> 2022 | AN6: =AJ6+1 -> 2023
D7: Jul-Sep | E7: Oct-Dec | F7: Jan-Mar | G7: Apr-Jun | H7: Jul-Sep | I7: Oct-Dec | J7: Jan-Mar | K7: Apr-Jun | L7: Jul-Sep | M7: Oct-Dec | N7: Jan-Mar | O7: Apr-Jun | P7: Jul-Sep | Q7: Oct-Dec | R7: Jan-Mar | S7: Apr-Jun | T7: Jul-Sep | U7: Oct-Dec | V7: Jan-Mar | W7: Apr-Jun | X7: Jul-Sep | Y7: Oct-Dec | Z7: Jan-Mar | AA7: Apr-Jun | AB7: Jul-Sep | AC7: Oct-Dec | AD7: Jan-Mar | AE7: Apr-Jun | AF7: Jul-Sep | AG7: Oct-Dec | AH7: Jan-Mar | AI7: Apr-Jun | AJ7: Jul-Sep | AK7: Oct-Dec | AL7: Jan-Mar | AM7: Apr-Jun | AN7: Jul-Sep | AO7: Oct-Dec | AP7: Jan-Mar | AQ7: Apr-Jun
B8: NPK11370 | C8: 11-37-0 | D8: =SUMIFS('FY13-23 Full Data'!$AL5:$FA5,'FY13-23 Full Data'!$AL$2:$FA$2,'New Quarterly Report'!D$1,'FY13-23 Full Data'!$AL$3:$FA$3,'New Quarterly Report'!D$2) -> 24890 | E8: =SUMIFS('FY13-23 Full Data'!$AL5:$FA5,'FY13-23 Full Data'!$AL$2:$FA$2,'New Quarterly Report'!E$1,'FY13-23 Full Data'!$AL$3:$FA$3,'New Quarterly Report'!E$2) -> 13911.1 | F8: =SUMIFS('FY13-23 Full Data'!$AL5:$FA5,'FY13-23 Full Data'!$AL$2:$FA$2,'New Quarterly Report'!F$1,'FY13-23 Full Data'!$AL$3:$FA$3,'New Quarterly Report'!F$2) -> 44404.404 | G8: =SUMIFS('FY13-23 Full Data'!$AL5:$FA5,'FY13-23 Full Data'!$AL$2:$FA$2,'New Quarterly Report'!G$1,'FY13-23 Full Data'!$AL$3:$FA$3,'New Quarterly Report'!G$2) -> 9453.5659 | H8: =SUMIFS('FY13-23 Full Data'!$AL5:$FA5,'FY13-23 Full Data'!$AL$2:$FA$2,'New Quarterly Report'!H$1,'FY13-23 Full Data'!$AL$3:$FA$3,'New Quarterly Report'!H$2) -> 9511.5134 | I8: =SUMIFS('FY13-23 Full Data'!$AL5:$FA5,'FY13-23 Full Data'!$AL$2:$FA$2,'New Quarterly Report'!I$1,'FY13-23 Full Data'!$AL$3:$FA$3,'New Quarterly Report'!I$2) -> 16040.223 | J8: =SUMIFS('FY13-23 Full Data'!$AL5:$FA5,'FY13-23 Full Data'!$AL$2:$FA$2,'New Quarterly Report'!J$1,'FY13-23 Full Data'!$AL$3:$FA$3,'New Quarterly Report'!J$2) -> 40039.224 | K8: =SUMIFS('FY13-23 Full Data'!$AL5:$FA5,'FY13-23 Full Data'!$AL$2:$FA$2,'New Quarterly Report'!K$1,'FY13-23 Full Data'!$AL$3:$FA$3,'New Quarterly Report'!K$2) -> 11313.349 | ... AQ8: =SUMIFS('FY13-23 Full Data'!$AL5:$FA5,'FY13-23 Full Data'!$AL$2:$FA$2,'New Quarterly Report'!AQ$1,'FY13-23 Full Data'!$AL$3:$FA$3,'New Quarterly Report'!AQ$2) -> 106413
B9: NPKAQUA | C9: AQUA AMMONIA | D9: =SUMIFS('FY13-23 Full Data'!$AL6:$FA6,'FY13-23 Full Data'!$AL$2:$FA$2,'New Quarterly Report'!D$1,'FY13-23 Full Data'!$AL$3:$FA$3,'New Quarterly Report'!D$2) -> 4024 | E9: =SUMIFS('FY13-23 Full Data'!$AL6:$FA6,'FY13-23 Full Data'!$AL$2:$FA$2,'New Quarterly Report'!E$1,'FY13-23 Full Data'!$AL$3:$FA$3,'New Quarterly Report'!E$2) -> 701.763 | F9: =SUMIFS('FY13-23 Full Data'!$AL6:$FA6,'FY13-23 Full Data'!$AL$2:$FA$2,'New Quarterly Report'!F$1,'FY13-23 Full Data'!$AL$3:$FA$3,'New Quarterly Report'!F$2) -> 59282.365 | G9: =SUMIFS('FY13-23 Full Data'!$AL6:$FA6,'FY13-23 Full Data'!$AL$2:$FA$2,'New Quarterly Report'!G$1,'FY13-23 Full Data'!$AL$3:$FA$3,'New Quarterly Report'!G$2) -> 8568.7813 | H9: =SUMIFS('FY13-23 Full Data'!$AL6:$FA6,'FY13-23 Full Data'!$AL$2:$FA$2,'New Quarterly Report'!H$1,'FY13-23 Full Data'!$AL$3:$FA$3,'New Quarterly Report'!H$2) -> 733.8807 | I9: =SUMIFS('FY13-23 Full Data'!$AL6:$FA6,'FY13-23 Full Data'!$AL$2:$FA$2,'New Quarterly Report'!I$1,'FY13-23 Full Data'!$AL$3:$FA$3,'New Quarterly Report'!I$2) -> 1020.82 | J9: =SUMIFS('FY13-23 Full Data'!$AL6:$FA6,'FY13-23 Full Data'!$AL$2:$FA$2,'New Quarterly Report'!J$1,'FY13-23 Full Data'!$AL$3:$FA$3,'New Quarterly Report'!J$2) -> 50572.701 | K9: =SUMIFS('FY13-23 Full Data'!$AL6:$FA6,'FY13-23 Full Data'!$AL$2:$FA$2,'New Quarterly Report'!K$1,'FY13-23 Full Data'!$AL$3:$FA$3,'New Quarterly Report'!K$2) -> 3265.4012 | ... AQ9: =SUMIFS('FY13-23 Full Data'!$AL6:$FA6,'FY13-23 Full Data'!$AL$2:$FA$2,'New Quarterly Report'!AQ$1,'FY13-23 Full Data'!$AL$3:$FA$3,'New Quarterly Report'!AQ$2) -> 6980
B10: SO4BORIC | C10: BORIC ACID | D10: =SUMIFS('FY13-23 Full Data'!$AL7:$FA7,'FY13-23 Full Data'!$AL$2:$FA$2,'New Quarterly Report'!D$1,'FY13-23 Full Data'!$AL$3:$FA$3,'New Quarterly Report'!D$2) -> -53281 | E10: =SUMIFS('FY13-23 Full Data'!$AL7:$FA7,'FY13-23 Full Data'!$AL$2:$FA$2,'New Quarterly Report'!E$1,'FY13-23 Full Data'!$AL$3:$FA$3,'New Quarterly Report'!E$2) -> -3291.796 | F10: =SUMIFS('FY13-23 Full Data'!$AL7:$FA7,'FY13-23 Full Data'!$AL$2:$FA$2,'New Quarterly Report'!F$1,'FY13-23 Full Data'!$AL$3:$FA$3,'New Quarterly Report'!F$2) -> 1807.9804 | G10: =SUMIFS('FY13-23 Full Data'!$AL7:$FA7,'FY13-23 Full Data'!$AL$2:$FA$2,'New Quarterly Report'!G$1,'FY13-23 Full Data'!$AL$3:$FA$3,'New Quarterly Report'!G$2) -> 52928.685 | H10: =SUMIFS('FY13-23 Full Data'!$AL7:$FA7,'FY13-23 Full Data'!$AL$2:$FA$2,'New Quarterly Report'!H$1,'FY13-23 Full Data'!$AL$3:$FA$3,'New Quarterly Report'!H$2) -> 69041.897 | I10: =SUMIFS('FY13-23 Full Data'!$AL7:$FA7,'FY13-23 Full Data'!$AL$2:$FA$2,'New Quarterly Report'!I$1,'FY13-23 Full Data'!$AL$3:$FA$3,'New Quarterly Report'!I$2) -> 76.0064 | J10: =SUMIFS('FY13-23 Full Data'!$AL7:$FA7,'FY13-23 Full Data'!$AL$2:$FA$2,'New Quarterly Report'!J$1,'FY13-23 Full Data'!$AL$3:$FA$3,'New Quarterly Report'!J$2) -> 2570.8731 | K10: =SUMIFS('FY13-23 Full Data'!$AL7:$FA7,'FY13-23 Full Data'!$AL$2:$FA$2,'New Quarterly Report'!K$1,'FY13-23 Full Data'!$AL$3:$FA$3,'New Quarterly Report'!K$2) -> 100035.47 | ... AQ10: =SUMIFS('FY13-23 Full Data'!$AL7:$FA7,'FY13-23 Full Data'!$AL$2:$FA$2,'New Quarterly Report'!AQ$1,'FY13-23 Full Data'!$AL$3:$FA$3,'New Quarterly Report'!AQ$2) -> 125287
B11: SO4BORON | C11: BORON | D11: =SUMIFS('FY13-23 Full Data'!$AL8:$FA8,'FY13-23 Full Data'!$AL$2:$FA$2,'New Quarterly Report'!D$1,'FY13-23 Full Data'!$AL$3:$FA$3,'New Quarterly Report'!D$2) -> 5629 | E11: =SUMIFS('FY13-23 Full Data'!$AL8:$FA8,'FY13-23 Full Data'!$AL$2:$FA$2,'New Quarterly Report'!E$1,'FY13-23 Full Data'!$AL$3:$FA$3,'New Quarterly Report'!E$2) -> 16732.894 | F11: =SUMIFS('FY13-23 Full Data'!$AL8:$FA8,'FY13-23 Full Data'!$AL$2:$FA$2,'New Quarterly Report'!F$1,'FY13-23 Full Data'!$AL$3:$FA$3,'New Quarterly Report'!F$2) -> 38795.612 | G11: =SUMIFS('FY13-23 Full Data'!$AL8:$FA8,'FY13-23 Full Data'!$AL$2:$FA$2,'New Quarterly Report'!G$1,'FY13-23 Full Data'!$AL$3:$FA$3,'New Quarterly Report'!G$2) -> 24884.854 | H11: =SUMIFS('FY13-23 Full Data'!$AL8:$FA8,'FY13-23 Full Data'!$AL$2:$FA$2,'New Quarterly Report'!H$1,'FY13-23 Full Data'!$AL$3:$FA$3,'New Quarterly Report'!H$2) -> 5165.0771 | I11: =SUMIFS('FY13-23 Full Data'!$AL8:$FA8,'FY13-23 Full Data'!$AL$2:$FA$2,'New Quarterly Report'!I$1,'FY13-23 Full Data'!$AL$3:$FA$3,'New Quarterly Report'!I$2) -> 11175.389 | J11: =SUMIFS('FY13-23 Full Data'!$AL8:$FA8,'FY13-23 Full Data'!$AL$2:$FA$2,'New Quarterly Report'!J$1,'FY13-23 Full Data'!$AL$3:$FA$3,'New Quarterly Report'!J$2) -> 28137.746 | K11: =SUMIFS('FY13-23 Full Data'!$AL8:$FA8,'FY13-23 Full Data'!$AL$2:$FA$2,'New Quarterly Report'!K$1,'FY13-23 Full Data'!$AL$3:$FA$3,'New Quarterly Report'!K$2) -> 17509.617 | ... AQ11: =SUMIFS('FY13-23 Full Data'!$AL8:$FA8,'FY13-23 Full Data'!$AL$2:$FA$2,'New Quarterly Report'!AQ$1,'FY13-23 Full Data'!$AL$3:$FA$3,'New Quarterly Report'!AQ$2) -> 14068
B12: NO3CA | C12: CALCIUM NITRATE | D12: =SUMIFS('FY13-23 Full Data'!$AL9:$FA9,'FY13-23 Full Data'!$AL$2:$FA$2,'New Quarterly Report'!D$1,'FY13-23 Full Data'!$AL$3:$FA$3,'New Quarterly Report'!D$2) -> 149294 | E12: =SUMIFS('FY13-23 Full Data'!$AL9:$FA9,'FY13-23 Full Data'!$AL$2:$FA$2,'New Quarterly Report'!E$1,'FY13-23 Full Data'!$AL$3:$FA$3,'New Quarterly Report'!E$2) -> 2196845.5 | F12: =SUMIFS('FY13-23 Full Data'!$AL9:$FA9,'FY13-23 Full Data'!$AL$2:$FA$2,'New Quarterly Report'!F$1,'FY13-23 Full Data'!$AL$3:$FA$3,'New Quarterly Report'!F$2) -> 1884973.1 | G12: =SUMIFS('FY13-23 Full Data'!$AL9:$FA9,'FY13-23 Full Data'!$AL$2:$FA$2,'New Quarterly Report'!G$1,'FY13-23 Full Data'!$AL$3:$FA$3,'New Quarterly Report'!G$2) -> 688621.2 | H12: =SUMIFS('FY13-23 Full Data'!$AL9:$FA9,'FY13-23 Full Data'!$AL$2:$FA$2,'New Quarterly Report'!H$1,'FY13-23 Full Data'!$AL$3:$FA$3,'New Quarterly Report'!H$2) -> 181107.21 | I12: =SUMIFS('FY13-23 Full Data'!$AL9:$FA9,'FY13-23 Full Data'!$AL$2:$FA$2,'New Quarterly Report'!I$1,'FY13-23 Full Data'!$AL$3:$FA$3,'New Quarterly Report'!I$2) -> 1562763.5 | J12: =SUMIFS('FY13-23 Full Data'!$AL9:$FA9,'FY13-23 Full Data'!$AL$2:$FA$2,'New Quarterly Report'!J$1,'FY13-23 Full Data'!$AL$3:$FA$3,'New Quarterly Report'!J$2) -> 1248943 | K12: =SUMIFS('FY13-23 Full Data'!$AL9:$FA9,'FY13-23 Full Data'!$AL$2:$FA$2,'New Quarterly Report'!K$1,'FY13-23 Full Data'!$AL$3:$FA$3,'New Quarterly Report'!K$2) -> 620669.41 | ... AQ12: =SUMIFS('FY13-23 Full Data'!$AL9:$FA9,'FY13-23 Full Data'!$AL$2:$FA$2,'New Quarterly Report'!AQ$1,'FY13-23 Full Data'!$AL$3:$FA$3,'New Quarterly Report'!AQ$2) -> 441384
B13: CHECITRIC | C13: CITRIC ACID | D13: =SUMIFS('FY13-23 Full Data'!$AL10:$FA10,'FY13-23 Full Data'!$AL$2:$FA$2,'New Quarterly Report'!D$1,'FY13-23 Full Data'!$AL$3:$FA$3,'New Quarterly Report'!D$2) -> 29220 | E13: =SUMIFS('FY13-23 Full Data'!$AL10:$FA10,'FY13-23 Full Data'!$AL$2:$FA$2,'New Quarterly Report'!E$1,'FY13-23 Full Data'!$AL$3:$FA$3,'New Quarterly Report'!E$2) -> 38655.496 | F13: =SUMIFS('FY13-23 Full Data'!$AL10:$FA10,'FY13-23 Full Data'!$AL$2:$FA$2,'New Quarterly Report'!F$1,'FY13-23 Full Data'!$AL$3:$FA$3,'New Quarterly Report'!F$2) -> 38193.259 | G13: =SUMIFS('FY13-23 Full Data'!$AL10:$FA10,'FY13-23 Full Data'!$AL$2:$FA$2,'New Quarterly Report'!G$1,'FY13-23 Full Data'!$AL$3:$FA$3,'New Quarterly Report'!G$2) -> 38501.861 | H13: =SUMIFS('FY13-23 Full Data'!$AL10:$FA10,'FY13-23 Full Data'!$AL$2:$FA$2,'New Quarterly Report'!H$1,'FY13-23 Full Data'!$AL$3:$FA$3,'New Quarterly Report'!H$2) -> 18690.377 | I13: =SUMIFS('FY13-23 Full Data'!$AL10:$FA10,'FY13-23 Full Data'!$AL$2:$FA$2,'New Quarterly Report'!I$1,'FY13-23 Full Data'!$AL$3:$FA$3,'New Quarterly Report'!I$2) -> 16594.294 | J13: =SUMIFS('FY13-23 Full Data'!$AL10:$FA10,'FY13-23 Full Data'!$AL$2:$FA$2,'New Quarterly Report'!J$1,'FY13-23 Full Data'!$AL$3:$FA$3,'New Quarterly Report'!J$2) -> 35330.95 | K13: =SUMIFS('FY13-23 Full Data'!$AL10:$FA10,'FY13-23 Full Data'!$AL$2:$FA$2,'New Quarterly Report'!K$1,'FY13-23 Full Data'!$AL$3:$FA$3,'New Quarterly Report'!K$2) -> 21790.247 | ... AQ13: =SUMIFS('FY13-23 Full Data'!$AL10:$FA10,'FY13-23 Full Data'!$AL$2:$FA$2,'New Quarterly Report'!AQ$1,'FY13-23 Full Data'!$AL$3:$FA$3,'New Quarterly Report'!AQ$2) -> 7466
B14: CHEGLUCO | C14: GLUCOHEPTONATE | D14: =SUMIFS('FY13-23 Full Data'!$AL11:$FA11,'FY13-23 Full Data'!$AL$2:$FA$2,'New Quarterly Report'!D$1,'FY13-23 Full Data'!$AL$3:$FA$3,'New Quarterly Report'!D$2) -> 175738.6 | E14: =SUMIFS('FY13-23 Full Data'!$AL11:$FA11,'FY13-23 Full Data'!$AL$2:$FA$2,'New Quarterly Report'!E$1,'FY13-23 Full Data'!$AL$3:$FA$3,'New Quarterly Report'!E$2) -> 152254.76 | F14: =SUMIFS('FY13-23 Full Data'!$AL11:$FA11,'FY13-23 Full Data'!$AL$2:$FA$2,'New Quarterly Report'!F$1,'FY13-23 Full Data'!$AL$3:$FA$3,'New Quarterly Report'!F$2) -> 261810.15 | G14: =SUMIFS('FY13-23 Full Data'!$AL11:$FA11,'FY13-23 Full Data'!$AL$2:$FA$2,'New Quarterly Report'!G$1,'FY13-23 Full Data'!$AL$3:$FA$3,'New Quarterly Report'!G$2) -> 326221.92 | H14: =SUMIFS('FY13-23 Full Data'!$AL11:$FA11,'FY13-23 Full Data'!$AL$2:$FA$2,'New Quarterly Report'!H$1,'FY13-23 Full Data'!$AL$3:$FA$3,'New Quarterly Report'!H$2) -> 151125.31 | I14: =SUMIFS('FY13-23 Full Data'!$AL11:$FA11,'FY13-23 Full Data'!$AL$2:$FA$2,'New Quarterly Report'!I$1,'FY13-23 Full Data'!$AL$3:$FA$3,'New Quarterly Report'!I$2) -> 99428.8 | J14: =SUMIFS('FY13-23 Full Data'!$AL11:$FA11,'FY13-23 Full Data'!$AL$2:$FA$2,'New Quarterly Report'!J$1,'FY13-23 Full Data'!$AL$3:$FA$3,'New Quarterly Report'!J$2) -> 225710.98 | K14: =SUMIFS('FY13-23 Full Data'!$AL11:$FA11,'FY13-23 Full Data'!$AL$2:$FA$2,'New Quarterly Report'!K$1,'FY13-23 Full Data'!$AL$3:$FA$3,'New Quarterly Report'!K$2) -> 322443.86 | ... AQ14: =SUMIFS('FY13-23 Full Data'!$AL11:$FA11,'FY13-23 Full Data'!$AL$2:$FA$2,'New Quarterly Report'!AQ$1,'FY13-23 Full Data'!$AL$3:$FA$3,'New Quarterly Report'!AQ$2) -> 132566
B15: GRPHUMICLIQ | C15: HUMIC ACID LIQUID | D15: =SUMIFS('FY13-23 Full Data'!$AL12:$FA12,'FY13-23 Full Data'!$AL$2:$FA$2,'New Quarterly Report'!D$1,'FY13-23 Full Data'!$AL$3:$FA$3,'New Quarterly Report'!D$2) -> 16085.5 | E15: =SUMIFS('FY13-23 Full Data'!$AL12:$FA12,'FY13-23 Full Data'!$AL$2:$FA$2,'New Quarterly Report'!E$1,'FY13-23 Full Data'!$AL$3:$FA$3,'New Quarterly Report'!E$2) -> 16843.99 | F15: =SUMIFS('FY13-23 Full Data'!$AL12:$FA12,'FY13-23 Full Data'!$AL$2:$FA$2,'New Quarterly Report'!F$1,'FY13-23 Full Data'!$AL$3:$FA$3,'New Quarterly Report'!F$2) -> 27701.993 | G15: =SUMIFS('FY13-23 Full Data'!$AL12:$FA12,'FY13-23 Full Data'!$AL$2:$FA$2,'New Quarterly Report'!G$1,'FY13-23 Full Data'!$AL$3:$FA$3,'New Quarterly Report'!G$2) -> 18058.94 | H15: =SUMIFS('FY13-23 Full Data'!$AL12:$FA12,'FY13-23 Full Data'!$AL$2:$FA$2,'New Quarterly Report'!H$1,'FY13-23 Full Data'!$AL$3:$FA$3,'New Quarterly Report'!H$2) -> 23594.686 | I15: =SUMIFS('FY13-23 Full Data'!$AL12:$FA12,'FY13-23 Full Data'!$AL$2:$FA$2,'New Quarterly Report'!I$1,'FY13-23 Full Data'!$AL$3:$FA$3,'New Quarterly Report'!I$2) -> 9577.4143 | J15: =SUMIFS('FY13-23 Full Data'!$AL12:$FA12,'FY13-23 Full Data'!$AL$2:$FA$2,'New Quarterly Report'!J$1,'FY13-23 Full Data'!$AL$3:$FA$3,'New Quarterly Report'!J$2) -> 23745.087 | K15: =SUMIFS('FY13-23 Full Data'!$AL12:$FA12,'FY13-23 Full Data'!$AL$2:$FA$2,'New Quarterly Report'!K$1,'FY13-23 Full Data'!$AL$3:$FA$3,'New Quarterly Report'!K$2) -> 16135.881 | ... AQ15: =SUMIFS('FY13-23 Full Data'!$AL12:$FA12,'FY13-23 Full Data'!$AL$2:$FA$2,'New Quarterly Report'!AQ$1,'FY13-23 Full Data'!$AL$3:$FA$3,'New Quarterly Report'!AQ$2) -> 24621
B16: NO3FE | C16: IRON NITRATE 10% | D16: =SUMIFS('FY13-23 Full Data'!$AL13:$FA13,'FY13-23 Full Data'!$AL$2:$FA$2,'New Quarterly Report'!D$1,'FY13-23 Full Data'!$AL$3:$FA$3,'New Quarterly Report'!D$2) -> 22000 | E16: =SUMIFS('FY13-23 Full Data'!$AL13:$FA13,'FY13-23 Full Data'!$AL$2:$FA$2,'New Quarterly Report'!E$1,'FY13-23 Full Data'!$AL$3:$FA$3,'New Quarterly Report'!E$2) -> 17973.06 | F16: =SUMIFS('FY13-23 Full Data'!$AL13:$FA13,'FY13-23 Full Data'!$AL$2:$FA$2,'New Quarterly Report'!F$1,'FY13-23 Full Data'!$AL$3:$FA$3,'New Quarterly Report'!F$2) -> 42313.952 | G16: =SUMIFS('FY13-23 Full Data'!$AL13:$FA13,'FY13-23 Full Data'!$AL$2:$FA$2,'New Quarterly Report'!G$1,'FY13-23 Full Data'!$AL$3:$FA$3,'New Quarterly Report'!G$2) -> 58516.417 | H16: =SUMIFS('FY13-23 Full Data'!$AL13:$FA13,'FY13-23 Full Data'!$AL$2:$FA$2,'New Quarterly Report'!H$1,'FY13-23 Full Data'!$AL$3:$FA$3,'New Quarterly Report'!H$2) -> 32735.935 | I16: =SUMIFS('FY13-23 Full Data'!$AL13:$FA13,'FY13-23 Full Data'!$AL$2:$FA$2,'New Quarterly Report'!I$1,'FY13-23 Full Data'!$AL$3:$FA$3,'New Quarterly Report'!I$2) -> 18190.365 | J16: =SUMIFS('FY13-23 Full Data'!$AL13:$FA13,'FY13-23 Full Data'!$AL$2:$FA$2,'New Quarterly Report'!J$1,'FY13-23 Full Data'!$AL$3:$FA$3,'New Quarterly Report'!J$2) -> 54098.279 | K16: =SUMIFS('FY13-23 Full Data'!$AL13:$FA13,'FY13-23 Full Data'!$AL$2:$FA$2,'New Quarterly Report'!K$1,'FY13-23 Full Data'!$AL$3:$FA$3,'New Quarterly Report'!K$2) -> 47787.886 | ... AQ16: =SUMIFS('FY13-23 Full Data'!$AL13:$FA13,'FY13-23 Full Data'!$AL$2:$FA$2,'New Quarterly Report'!AQ$1,'FY13-23 Full Data'!$AL$3:$FA$3,'New Quarterly Report'!AQ$2) -> 84617
B17: SO4FEDRY19 | C17: IRON SULPHATE (Dry) | D17: =SUMIFS('FY13-23 Full Data'!$AL14:$FA14,'FY13-23 Full Data'!$AL$2:$FA$2,'New Quarterly Report'!D$1,'FY13-23 Full Data'!$AL$3:$FA$3,'New Quarterly Report'!D$2) -> 33087 | E17: =SUMIFS('FY13-23 Full Data'!$AL14:$FA14,'FY13-23 Full Data'!$AL$2:$FA$2,'New Quarterly Report'!E$1,'FY13-23 Full Data'!$AL$3:$FA$3,'New Quarterly Report'!E$2) -> 28551.785 | F17: =SUMIFS('FY13-23 Full Data'!$AL14:$FA14,'FY13-23 Full Data'!$AL$2:$FA$2,'New Quarterly Report'!F$1,'FY13-23 Full Data'!$AL$3:$FA$3,'New Quarterly Report'!F$2) -> 36562.595 | G17: =SUMIFS('FY13-23 Full Data'!$AL14:$FA14,'FY13-23 Full Data'!$AL$2:$FA$2,'New Quarterly Report'!G$1,'FY13-23 Full Data'!$AL$3:$FA$3,'New Quarterly Report'!G$2) -> 55794.184 | H17: =SUMIFS('FY13-23 Full Data'!$AL14:$FA14,'FY13-23 Full Data'!$AL$2:$FA$2,'New Quarterly Report'!H$1,'FY13-23 Full Data'!$AL$3:$FA$3,'New Quarterly Report'!H$2) -> 24368.114 | I17: =SUMIFS('FY13-23 Full Data'!$AL14:$FA14,'FY13-23 Full Data'!$AL$2:$FA$2,'New Quarterly Report'!I$1,'FY13-23 Full Data'!$AL$3:$FA$3,'New Quarterly Report'!I$2) -> 16904.176 | J17: =SUMIFS('FY13-23 Full Data'!$AL14:$FA14,'FY13-23 Full Data'!$AL$2:$FA$2,'New Quarterly Report'!J$1,'FY13-23 Full Data'!$AL$3:$FA$3,'New Quarterly Report'!J$2) -> 28719.766 | K17: =SUMIFS('FY13-23 Full Data'!$AL14:$FA14,'FY13-23 Full Data'!$AL$2:$FA$2,'New Quarterly Report'!K$1,'FY13-23 Full Data'!$AL$3:$FA$3,'New Quarterly Report'!K$2) -> 43249.146 | ... AQ17: =SUMIFS('FY13-23 Full Data'!$AL14:$FA14,'FY13-23 Full Data'!$AL$2:$FA$2,'New Quarterly Report'!AQ$1,'FY13-23 Full Data'!$AL$3:$FA$3,'New Quarterly Report'!AQ$2) -> 20819
B18: NPKKOHDRY | C18: KOH DRY | D18: =SUMIFS('FY13-23 Full Data'!$AL15:$FA15,'FY13-23 Full Data'!$AL$2:$FA$2,'New Quarterly Report'!D$1,'FY13-23 Full Data'!$AL$3:$FA$3,'New Quarterly Report'!D$2) -> 113829 | E18: =SUMIFS('FY13-23 Full Data'!$AL15:$FA15,'FY13-23 Full Data'!$AL$2:$FA$2,'New Quarterly Report'!E$1,'FY13-23 Full Data'!$AL$3:$FA$3,'New Quarterly Report'!E$2) -> 96129.34 | F18: =SUMIFS('FY13-23 Full Data'!$AL15:$FA15,'FY13-23 Full Data'!$AL$2:$FA$2,'New Quarterly Report'!F$1,'FY13-23 Full Data'!$AL$3:$FA$3,'New Quarterly Report'!F$2) -> 65995.226 | G18: =SUMIFS('FY13-23 Full Data'!$AL15:$FA15,'FY13-23 Full Data'!$AL$2:$FA$2,'New Quarterly Report'!G$1,'FY13-23 Full Data'!$AL$3:$FA$3,'New Quarterly Report'!G$2) -> 92154.106 | H18: =SUMIFS('FY13-23 Full Data'!$AL15:$FA15,'FY13-23 Full Data'!$AL$2:$FA$2,'New Quarterly Report'!H$1,'FY13-23 Full Data'!$AL$3:$FA$3,'New Quarterly Report'!H$2) -> 13341.183 | I18: =SUMIFS('FY13-23 Full Data'!$AL15:$FA15,'FY13-23 Full Data'!$AL$2:$FA$2,'New Quarterly Report'!I$1,'FY13-23 Full Data'!$AL$3:$FA$3,'New Quarterly Report'!I$2) -> 67804.859 | J18: =SUMIFS('FY13-23 Full Data'!$AL15:$FA15,'FY13-23 Full Data'!$AL$2:$FA$2,'New Quarterly Report'!J$1,'FY13-23 Full Data'!$AL$3:$FA$3,'New Quarterly Report'!J$2) -> 14083.999 | K18: =SUMIFS('FY13-23 Full Data'!$AL15:$FA15,'FY13-23 Full Data'!$AL$2:$FA$2,'New Quarterly Report'!K$1,'FY13-23 Full Data'!$AL$3:$FA$3,'New Quarterly Report'!K$2) -> 82451.821 | ... AQ18: =SUMIFS('FY13-23 Full Data'!$AL15:$FA15,'FY13-23 Full Data'!$AL$2:$FA$2,'New Quarterly Report'!AQ$1,'FY13-23 Full Data'!$AL$3:$FA$3,'New Quarterly Report'!AQ$2) -> 572
B19: NPKKOHLIQ | C19: KOH LIQUID 45% | D19: =SUMIFS('FY13-23 Full Data'!$AL16:$FA16,'FY13-23 Full Data'!$AL$2:$FA$2,'New Quarterly Report'!D$1,'FY13-23 Full Data'!$AL$3:$FA$3,'New Quarterly Report'!D$2) -> 244584 | E19: =SUMIFS('FY13-23 Full Data'!$AL16:$FA16,'FY13-23 Full Data'!$AL$2:$FA$2,'New Quarterly Report'!E$1,'FY13-23 Full Data'!$AL$3:$FA$3,'New Quarterly Report'!E$2) -> 238041.69 | F19: =SUMIFS('FY13-23 Full Data'!$AL16:$FA16,'FY13-23 Full Data'!$AL$2:$FA$2,'New Quarterly Report'!F$1,'FY13-23 Full Data'!$AL$3:$FA$3,'New Quarterly Report'!F$2) -> 142566.92 | G19: =SUMIFS('FY13-23 Full Data'!$AL16:$FA16,'FY13-23 Full Data'!$AL$2:$FA$2,'New Quarterly Report'!G$1,'FY13-23 Full Data'!$AL$3:$FA$3,'New Quarterly Report'!G$2) -> 139014.11 | H19: =SUMIFS('FY13-23 Full Data'!$AL16:$FA16,'FY13-23 Full Data'!$AL$2:$FA$2,'New Quarterly Report'!H$1,'FY13-23 Full Data'!$AL$3:$FA$3,'New Quarterly Report'!H$2) -> 5614.53 | I19: =SUMIFS('FY13-23 Full Data'!$AL16:$FA16,'FY13-23 Full Data'!$AL$2:$FA$2,'New Quarterly Report'!I$1,'FY13-23 Full Data'!$AL$3:$FA$3,'New Quarterly Report'!I$2) -> 12219.928 | J19: =SUMIFS('FY13-23 Full Data'!$AL16:$FA16,'FY13-23 Full Data'!$AL$2:$FA$2,'New Quarterly Report'!J$1,'FY13-23 Full Data'!$AL$3:$FA$3,'New Quarterly Report'!J$2) -> 1985.001 | K19: =SUMIFS('FY13-23 Full Data'!$AL16:$FA16,'FY13-23 Full Data'!$AL$2:$FA$2,'New Quarterly Report'!K$1,'FY13-23 Full Data'!$AL$3:$FA$3,'New Quarterly Report'!K$2) -> 6862.5724 | ... AQ19: =SUMIFS('FY13-23 Full Data'!$AL16:$FA16,'FY13-23 Full Data'!$AL$2:$FA$2,'New Quarterly Report'!AQ$1,'FY13-23 Full Data'!$AL$3:$FA$3,'New Quarterly Report'!AQ$2) -> 0
... B39: SO4CU | C39: COPPER SULPHATE 25.2% | D39: =SUMIFS('FY13-23 Full Data'!$AL36:$FA36,'FY13-23 Full Data'!$AL$2:$FA$2,'New Quarterly Report'!D$1,'FY13-23 Full Data'!$AL$3:$FA$3,'New Quarterly Report'!D$2) -> 0 | E39: =SUMIFS('FY13-23 Full Data'!$AL36:$FA36,'FY13-23 Full Data'!$AL$2:$FA$2,'New Quarterly Report'!E$1,'FY13-23 Full Data'!$AL$3:$FA$3,'New Quarterly Report'!E$2) -> 0 | F39: =SUMIFS('FY13-23 Full Data'!$AL36:$FA36,'FY13-23 Full Data'!$AL$2:$FA$2,'New Quarterly Report'!F$1,'FY13-23 Full Data'!$AL$3:$FA$3,'New Quarterly Report'!F$2) -> 0 | G39: =SUMIFS('FY13-23 Full Data'!$AL36:$FA36,'FY13-23 Full Data'!$AL$2:$FA$2,'New Quarterly Report'!G$1,'FY13-23 Full Data'!$AL$3:$FA$3,'New Quarterly Report'!G$2) -> 0 | H39: =SUMIFS('FY13-23 Full Data'!$AL36:$FA36,'FY13-23 Full Data'!$AL$2:$FA$2,'New Quarterly Report'!H$1,'FY13-23 Full Data'!$AL$3:$FA$3,'New Quarterly Report'!H$2) -> 0 | I39: =SUMIFS('FY13-23 Full Data'!$AL36:$FA36,'FY13-23 Full Data'!$AL$2:$FA$2,'New Quarterly Report'!I$1,'FY13-23 Full Data'!$AL$3:$FA$3,'New Quarterly Report'!I$2) -> 0 | J39: =SUMIFS('FY13-23 Full Data'!$AL36:$FA36,'FY13-23 Full Data'!$AL$2:$FA$2,'New Quarterly Report'!J$1,'FY13-23 Full Data'!$AL$3:$FA$3,'New Quarterly Report'!J$2) -> 0 | K39: =SUMIFS('FY13-23 Full Data'!$AL36:$FA36,'FY13-23 Full Data'!$AL$2:$FA$2,'New Quarterly Report'!K$1,'FY13-23 Full Data'!$AL$3:$FA$3,'New Quarterly Report'!K$2) -> 0 | ... AQ39: =SUMIFS('FY13-23 Full Data'!$AL36:$FA36,'FY13-23 Full Data'!$AL$2:$FA$2,'New Quarterly Report'!AQ$1,'FY13-23 Full Data'!$AL$3:$FA$3,'New Quarterly Report'!AQ$2) -> 5595

Sheet FY13-23 Full Data
AK2: Year | AL2: 14 | AM2: =AL2 -> 14 | AN2: =AM2 -> 14 | AO2: =AN2 -> 14 | AP2: =AO2 -> 14 | AQ2: =AP2 -> 14 | AR2: =AQ2 -> 14 | AS2: =AR2 -> 14 | AT2: =AS2 -> 14 | ... AW2: =AV2 -> 14 | AX2: =AL2+1 -> 15 | AY2: =AM2+1 -> 15 | AZ2: =AN2+1 -> 15 | BA2: =AO2+1 -> 15 | BB2: =AP2+1 -> 15 | BC2: =AQ2+1 -> 15 | BD2: =AR2+1 -> 15 | BE2: =AS2+1 -> 15 | ... FA2: =EO2+1 -> 23
AK3: Quarter | AL3: 1 | AM3: =AL3 -> 1 | AN3: =AM3 -> 1 | AO3: =AL3+1 -> 2 | AP3: =AM3+1 -> 2 | AQ3: =AN3+1 -> 2 | AR3: =AO3+1 -> 3 | AS3: =AP3+1 -> 3 | AT3: =AQ3+1 -> 3 | AU3: =AR3+1 -> 4 | AV3: =AS3+1 -> 4 | AW3: =AT3+1 -> 4 | AX3: =AL3 -> 1 | AY3: =AM3 -> 1 | AZ3: =AN3 -> 1 | BA3: =AO3 -> 2 | BB3: =AP3 -> 2 | BC3: =AQ3 -> 2 | BD3: =AR3 -> 3 | BE3: =AS3 -> 3 | ... FA3: =EO3 -> 4
B4: Month | C4: NPK11370 | D4: NPKAQUA | E4: SO4BORIC | F4: SO4BORON | G4: NO3CA | H4: CHECITRIC | I4: CHEGLUCO | J4: GRPHUMICLIQ | K4: NO3FE | L4: SO4FEDRY19 | M4: NPKKOHDRY | N4: NPKKOHLIQ | O4: NPKKTS | P4: CHELIGLIQ | Q4: CHELIGDRY | R4: SO4MG | S4: NO3MG60 | T4: NO3MG63 | U4: NO3MN | V4: SO4MN32 | W4: NPK2800 | X4: NPKNPHURCDI | Y4: NPKPHOS75 | Z4: NPKKCL62 | AA4: NPKKNO3 | AB4: NPKU32 | AC4: NPKUREA | AD4: NO3ZN | AE4: SO4ZNSTD | AF4: EDTAFEHE | AG4: EDTAACID | AH4: EDTAZN | AI4: SO4CU | AK4: {=TRANSPOSE(B4:AI124)} -> Month | AL4: 41456 | AM4: 41517 | AN4: 41547 | AO4: 41578 | AP4: 41608 | AQ4: 41639 | AR4: 41670 | AS4: 41698 | AT4: 41729 | AU4: 41759 | AV4: 41790 | AW4: 41820 | AX4: 41851 | AY4: 41882 | AZ4: 41912 | BA4: 41943 | BB4: 41973 | BC4: 42004 | BD4: 42035 | BE4: 42063 | BF4: 42094 | BG4: 42124 | BH4: 42155 | BI4: 42185 | BJ4: 42216 | BK4: 42247 | BL4: 42277 | BM4: 42308 | BN4: 42338 | BO4: 42369 | BP4: 42400 | BQ4: 42429 | BR4: 42460 | BS4: 42490 | BT4: 42521 | BU4: 42551 | BV4: 42582 | BW4: 42613 | BX4: 42643 | BY4: 42674 | BZ4: 42704 | CA4: 42735 | CB4: 42766 | CC4: 42794 | CD4: 42825 | CE4: 42855 | CF4: 42886 | CG4: 42916 | CH4: 42947 | CI4: 42978 | CJ4: 43008 | CK4: 43039 | CL4: 43069 | CM4: 43100 | CN4: 43131 | CO4: 43159 | CP4: 43190 | CQ4: 43220 | CR4: 43251 | CS4: 43281 | CT4: 43312 | CU4: 43343 | CV4: 43373 | CW4: 43404 | CX4: 43434 | CY4: 43465 | CZ4: 43496 | DA4: 43524 | DB4: 43555 | DC4: 43585 | DD4: 43616 | DE4: 43646 | DF4: 43677 | DG4: 43708 | DH4: 43738 | DI4: 43769 | DJ4: 43799 | DK4: 43830 | DL4: 43861 | DM4: 43890 | DN4: 43921 | DO4: 43951 | DP4: 43982 | DQ4: 44012 | DR4: 44043 | DS4: 44074 | DT4: 44104 | DU4: 44135 | DV4: 44165 | DW4: 44196 | DX4: 44227 | DY4: 44255 | DZ4: 44286 | EA4: 44316 | EB4: 44347 | EC4: 44377 | ED4: 44408 | EE4: 44439 | EF4: 44469 | EG4: 44500 | EH4: 44530 | EI4: 44561 | EJ4: 44592 | EK4: 44620 | EL4: 44651 | EM4: 44681 | EN4: 44712 | EO4: 44742 | EP4: 44773 | EQ4: 44804 | ER4: 44834 | ES4: 44865 | ET4: 44895 | EU4: 44926 | EV4: 44957 | EW4: 44985 | EX4: 45016 | EY4: 45046 | EZ4: 45077 | FA4: 45107
B5: 41456 | C5: 4104 | D5: 1741 | E5: -46106 | F5: 2846 | G5: 18527 | H5: 9693 | I5: 88526 | J5: 6805.1 | K5: 10208 | L5: 21153 | M5: 42186 | N5: 26828 | O5: 0 | P5: 775 | Q5: N/A | R5: 6481 | S5: 13224 | T5: 19366.1 | U5: 26788 | V5: 20020 | W5: 17314 | X5: 1549 | Y5: 53517.5 | Z5: 9950 | AA5: 157 | AB5: 37593 | AC5: 14146 | AD5: 43798 | AE5: 3386 | AF5: 547 | AG5: 0 | AK5: NPK11370 | AL5: 4104 | AM5: 8462 | AN5: 12324 | AO5: 4266.944 | AP5: 1645.2972 | AQ5: 7998.8588 | AR5: 11122.18 | AS5: 5730.8016 | AT5: 27551.422 | AU5: 6460.9149 | AV5: 1801.5661 | AW5: 1191.0849 | AX5: 359.046 | AY5: 4113.5851 | AZ5: 5038.8822 | BA5: 5846.6863 | BB5: 4225.3614 | BC5: 5968.1757 | BD5: 7114.4306 | BE5: 2009.5335 | BF5: 30915.26 | BG5: 8811.466 | BH5: 443.6364 | BI5: 2058.2469 | BJ5: 879.3361 | BK5: 4200.4375 | BL5: 6430.5979 | BM5: -3079.9092 | BN5: 516.8693 | BO5: 84308.678 | BP5: 232.4764 | BQ5: 2460.1393 | BR5: 1910.1506 | BS5: 6778.9494 | BT5: 40641.547 | BU5: 13048.696 | BV5: 8497.7192 | BW5: 2737.3336 | BX5: 1259.615 | BY5: 2476.8697 | BZ5: 121902.66 | CA5: 30265.598 | CB5: 34563.312 | CC5: 151.809 | CD5: 2647.5904 | CE5: 31000.041 | CF5: 84513.757 | CG5: 69003.374 | CH5: 39351.398 | CI5: 3298.618 | CJ5: 703.1115 | CK5: 205299.24 | CL5: 54.9616 | CM5: 1025.2542 | CN5: 4481.7387 | CO5: 59476.542 | CP5: 50579.286 | CQ5: 4993.6291 | CR5: 692.7191 | CS5: 31538.635 | CT5: 8736.5953 | CU5: 6563.2491 | CV5: 12050.906 | CW5: 482.446 | CX5: 0 | CY5: 155.0315 | CZ5: 677.449 | DA5: 3007.2725 | DB5: 7689.4693 | DC5: 31339.6 | DD5: 24559 | DE5: 9535.4692 | DF5: 5808.7559 | DG5: 631.5371 | DH5: 376.2955 | DI5: 925.6641 | DJ5: 59564.077 | DK5: 61746.543 | DL5: 1201.3031 | DM5: 63416.682 | DN5: 84349.21 | DO5: 0 | DP5: 5103.0418 | DQ5: 1253.3031 | DR5: 880.2311 | DS5: 31800.656 | DT5: 1287.2569 | DU5: 658.14195 | DV5: 1067.2328 | DW5: 93229.685 | DX5: 691.8111 | DY5: 163546.77 | DZ5: 238681.86 | EA5: 18739.526 | EB5: 50263.211 | EC5: 65364.658 | ED5: 78694.83 | EE5: 70312.48 | EF5: 760.54 | EG5: 70410.77 | EH5: 48489.884 | EI5: 21650.16 | EJ5: 89004.26 | EK5: 26821.91 | EL5: 151415.95 | EM5: 39765.61 | EN5: 3995.95 | EO5: 89833.47 | EP5: 743 | EQ5: 308 | ER5: 272 | ES5: 8588 | ET5: 81206 | EU5: 127561 | EV5: 71564 | EW5: 1160 | EX5: 64028 | EY5: 41914 | EZ5: 63318 | FA5: 1181
B6: =EOMONTH(B5,1) -> 41517 | C6: 8462 | D6: 1225 | E6: -7154 | F6: 1067 | G6: 54107 | H6: 9010 | I6: 52356 | J6: 6759.8 | K6: 2753 | L6: 5978 | M6: 48939 | N6: 173074 | O6: 6232.2 | P6: 511 | Q6: N/A | R6: 1767 | S6: 16840 | T6: 13108.7 | U6: 41745 | V6: 19573 | W6: 8019 | X6: 8820 | Y6: 163243.3 | Z6: 15558 | AA6: 35774 | AB6: 41107 | AC6: 5424 | AD6: 35629 | AE6: 3281 | AF6: 495 | AG6: 31 | AK6: NPKAQUA | AL6: 1741 | AM6: 1225 | AN6: 1058 | AO6: 414.628 | AP6: 249.775 | AQ6: 37.36 | AR6: 16730.427 | AS6: 24330.284 | AT6: 18221.654 | AU6: 3776.7683 | AV6: 3886.5319 | AW6: 905.4812 | AX6: 397.44485 | AY6: 190.6516 | AZ6: 145.78425 | BA6: 456.87593 | BB6: 69.1647 | BC6: 494.7794 | BD6: 105.6864 | BE6: 19078.295 | BF6: 31388.72 | BH6: 2797.6785 | BI6: 467.7227 | BJ6: 2395.2209 | BK6: 587.18518 | BL6: 2787.9255 | BM6: -1486.7393 | BN6: 254.1755 | BO6: 91.5357 | BP6: 788.38925 | BQ6: 26808.287 | BR6: 40093.429 | BS6: 15714.627 | BT6: 1755.0705 | BU6: 1284.9398 | BV6: 1148.4403 | BW6: 462.4871 | BX6: 709.068 | BY6: 313.89975 | BZ6: 111.99978 | CA6: 192.9132 | CB6: 1084.6793 | CC6: 28679.305 | CD6: 21163.167 | CE6: 10007.901 | CF6: 1661.588 | CG6: 2345.9561 | CH6: 919.34045 | CI6: 637.59858 | CJ6: 103.46275 | CK6: 353.2425 | CL6: 115.61275 | CM6: 22176.352 | CN6: 569.5759 | CO6: 17182.995 | CP6: 24310.732 | CQ6: 929.26145 | CR6: 7510.0019 | CS6: 803.27016 | CT6: 745.13858 | CU6: 245.85 | CV6: 186.5985 | CW6: 244.764 | CX6: 245.7796 | CY6: 87.9 | CZ6: 2562.9584 | DA6: 16620.627 | DB6: 9566.19 | DC6: 540.78157 | DD6: 3555.0916 | DE6: 1281.6257 | DF6: 477.93825 | DG6: 1215.5643 | DH6: 228.09006 | DI6: 839.81466 | DJ6: 15.92 | DK6: 234.8 | DL6: 3301.4189 | DM6: 34742.395 | DN6: 7225.7728 | DO6: 1348.5965 | DP6: 2353.6758 | DQ6: 1832.6133 | DR6: 2532.7597 | DS6: 1612.2305 | DT6: 2721.4486 | DU6: 2168.5922 | DV6: 2678.845 | DW6: 1737.0928 | DX6: 4528.6695 | DY6: 37039.242 | DZ6: 30189.002 | EA6: 4758.7762 | EB6: 4426.0489 | EC6: 2842.6635 | ED6: 1556.73 | EE6: 1478.1385 | EF6: 995.21 | EG6: 850.46 | EH6: 8346.19 | EI6: 834.28 | EJ6: 11369.08 | EK6: 25405.73 | EL6: 12224.39 | EM6: 2335.89 | EN6: 1907.53 | EO6: 1112.79 | EP6: 345 | EQ6: 77 | ER6: 142 | ES6: 1379 | ET6: 1679 | EU6: 2415 | EV6: 7301 | EW6: 21179 | EX6: 12709 | EY6: 515 | EZ6: 6224 | FA6: 241
B7: =EOMONTH(B6,1) -> 41547 | C7: 12324 | D7: 1058 | E7: -21 | F7: 1716 | G7: 76660 | H7: 10517 | I7: 34856.6 | J7: 2520.6 | K7: 9039 | L7: 5956 | M7: 22704 | N7: 44682 | O7: 5682.6 | P7: 359 | Q7: N/A | R7: 2894 | S7: 40108 | T7: 4722.4 | U7: 4011.4 | V7: 12131 | W7: 4611.2 | X7: 13749 | Y7: 79144 | Z7: 47207 | AA7: 50532 | AB7: 87444 | AC7: 666 | AD7: 4643 | AE7: 4488 | AF7: 1321.4 | AG7: 119 | AK7: SO4BORIC | AL7: -46106 | AM7: -7154 | AN7: -21 | AO7: -60 | AP7: -20 | AQ7: -3211.796 | AR7: 3.6844 | AS7: 1627.296 | AT7: 177 | AU7: 13703.218 | AV7: 27997.003 | AW7: 11228.465 | AX7: 68914.192 | AY7: 91.7044 | AZ7: 36 | BA7: 60 | BB7: 2 | BC7: 14.0064 | BD7: 17 | BE7: 1.41705 | BF7: 2552.4561 | BG7: 45489.819 | BH7: 115 | BI7: 54430.647 | BJ7: 48740.303 | BK7: 75 | BL7: 28.3824 | BM7: 61.7044 | BN7: 5 | BO7: 10 | BP7: 657.596 | BQ7: 281.2276 | BR7: 36495.108 | BS7: 85 | BT7: 25602.346 | BU7: 27549.01 | BV7: 71067.523 | BW7: 75 | BX7: 25 | BY7: 75 | BZ7: 1632.296 | CA7: 1636.49 | CB7: 1612.296 | CC7: 30 | CD7: 384.94 | CE7: 14113.465 | CF7: 53538.558 | CG7: 26568.289 | CH7: 79243.593 | CI7: 30538.441 | CJ7: 75 | CK7: 50 | CL7: 25 | CM7: 0 | CN7: 1612.296 | CO7: 1706.5 | CP7: 15011.54 | CQ7: 16733.966 | CR7: 34398.375 | CS7: 70828.963 | CT7: 110898.47 | CU7: 90 | CV7: 28 | CW7: 50 | CX7: 0 | CY7: 1612.296 | CZ7: 205 | DA7: 150 | DB7: 27990.76 | DC7: 45408.763 | DD7: 47840.142 | DE7: 97575.747 | DF7: 97575.747 | DG7: 9907.3366 | DH7: 0.2838 | DI7: 46 | DJ7: 16.398 | DK7: 0 | DL7: 68449.536 | DM7: 4914.092 | DN7: 32336.903 | DO7: 18650.17 | DP7: 54491.366 | DQ7: 74488.835 | DR7: 84909.831 | DS7: 10972.996 | DT7: 0 | DU7: 0.7095 | DV7: 0 | DW7: 0 | DX7: 0 | DY7: 170.17028 | DZ7: 35582.215 | EA7: 132842.6 | EB7: 91905.956 | EC7: 44856.91 | ED7: 59903.77 | EE7: 10334.77 | EF7: 0 | EG7: 0 | EH7: 0 | EI7: 3211.79 | EJ7: 21085.4 | EK7: 14107.6 | EL7: 115260.55 | EM7: 28549.38 | EN7: 25034.99 | EO7: 28118.42 | EP7: 19425 | EQ7: 13275 | ER7: 0 | ES7: 19495 | ET7: 9597 | EU7: 0 | EV7: 5976 | EW7: 14303 | EX7: 32002 | EY7: 28185 | EZ7: 87505 | FA7: 9597
B8: =EOMONTH(B7,1) -> 41578 | C8: 4266.944 | D8: 414.628 | E8: -60 | F8: 6867.1134 | G8: 564655.16 | H8: 15356.268 | I8: 70175.24 | J8: 4112.0495 | K8: 10720.586 | L8: 10746.101 | M8: 31243.343 | N8: 94386.027 | O8: 14436.866 | P8: 844.98 | Q8: N/A | R8: 5083.0624 | S8: 155559 | T8: 14023.18 | U8: 31475.722 | V8: 17838.136 | W8: 6919.0344 | X8: 90194.108 | Y8: 225649.47 | Z8: 199211 | AA8: 211755.86 | AB8: 392396.69 | AC8: 6466.8418 | AD8: 44911.92 | AE8: 4545.9084 | AF8: 550.9644 | AG8: 31 | AK8: SO4BORON | AL8: 2846 | AM8: 1067 | AN8: 1716 | AO8: 6867.1134 | AP8: 5187.9486 | AQ8: 4677.8315 | AR8: 8864.9189 | AS8: 15122.85 | AT8: 14807.843 | AU8: 10637.225 | AV8: 7189.9138 | AW8: 7057.7146 | AX8: 2148.8647 | AY8: 1690.1836 | AZ8: 1326.0288 | BA8: 4814.8627 | BB8: 2818.5473 | BC8: 3541.9788 | BD8: 6637.9951 | BE8: 11012.017 | BF8: 10487.734 | BG8: 10299.196 | BH8: 4569.6325 | BI8: 2640.788 | BJ8: 4600.0756 | BK8: 1083.107 | BL8: 2248.4662 | BM8: 3888.1289 | BN8: 3505.0152 | BO8: 4415.1206 | BP8: 6115.3106 | BQ8: 13002.216 | BR8: 15007.499 | BS8: 9075.6718 | BT8: 5172.3798 | BU8: 4071.5158 | BV8: 2462.1033 | BW8: 3586.0253 | BX8: 1452.0333 | BY8: 3592.566 | BZ8: 3869.1429 | CA8: 4564.0862 | CB8: 7361.1282 | CC8: 11960.71 | CD8: 8424.0295 | CE8: 6000.9547 | CF8: 7656.9315 | CG8: 6044.8925 | CH8: 4191.8755 | CI8: 159.51732 | CJ8: 842.02482 | CK8: 2913.0252 | CL8: 3118.9327 | CM8: 2502.7434 | CN8: 3371.9773 | CO8: 15489.121 | CP8: 4787.3248 | CQ8: 7169.9689 | CR8: 6158.0225 | CS8: 4991.8966 | CT8: 1500.443 | CU8: 636.37407 | CV8: 343.8676 | CW8: 3008.0087 | CX8: 1914.4435 | CY8: 2070.9831 | CZ8: 6997.9599 | DA8: 19864.941 | DB8: 7380.1794 | DC8: 6475.1044 | DD8: 5004.1301 | DE8: 3134.0723 | DF8: 1035.6074 | DG8: 185.56875 | DH8: 336.55378 | DI8: 3035.0983 | DJ8: 1589.5899 | DK8: 2472.9131 | DL8: 8725.0224 | DM8: 13746.388 | DN8: 8906.5989 | DO8: 4400.5804 | DP8: 2562.7935 | DQ8: 2121.2731 | DR8: 2087.3395 | DS8: 543.3748 | DT8: 305.59074 | DU8: 3488.913 | DV8: 2650.4495 | DW8: 3547.9208 | DX8: 4984.6961 | DY8: 12896.079 | DZ8: 8498.3143 | EA8: 6196.4935 | EB8: 2956.7158 | EC8: 5108.0396 | ED8: 579.25 | EE8: 176.42 | EF8: 1133.55 | EG8: 1672.55 | EH8: 2252.88 | EI8: 2353.8 | EJ8: 6127 | EK8: 9209.65 | EL8: 7984.14 | EM8: 6343.68 | EN8: 4041.27 | EO8: 2716.74 | EP8: 7 | EQ8: 516 | ER8: 600 | ES8: 1458 | ET8: 3224 | EU8: 3294 | EV8: 4157 | EW8: 8168 | EX8: 5984 | EY8: 5739 | EZ8: 5683 | FA8: 2646
B9: =EOMONTH(B8,1) -> 41608 | C9: 1645.2972 | D9: 249.775 | E9: -20 | F9: 5187.9486 | G9: 780940.33 | H9: 8867.706 | I9: 38209.317 | J9: 8621.4441 | K9: 1152.4742 | L9: 5379.2845 | M9: 12311.729 | N9: 37263.18 | O9: 13833.636 | P9: 739.35875 | Q9: N/A | R9: 2148.5151 | S9: 194801 | T9: 5567.7334 | U9: 16947.413 | V9: 4098.7576 | W9: 8268.3322 | X9: 90746.535 | Y9: 159391.36 | Z9: 244445.92 | AA9: 269839.69 | AB9: 393754 | AC9: 5446.9238 | AD9: 8292.4718 | AE9: 2139.2683 | AF9: 598.3177 | AG9: 109.18 | AK9: NO3CA | AL9: 18527 | AM9: 54107 | AN9: 76660 | AO9: 564655.16 | AP9: 780940.33 | AQ9: 851250.04 | AR9: 719713.34 | AS9: 736100.17 | AT9: 429159.59 | AU9: 403700.06 | AV9: 244918.38 | AW9: 40002.763 | AX9: 20090.551 | AY9: 46720.222 | AZ9: 114296.44 | BA9: 421414.03 | BB9: 529184.13 | BC9: 612165.38 | BD9: 445276.92 | BE9: 439520.5 | BF9: 364145.62 | BG9: 376340.38 | BH9: 189041 | BI9: 55288.029 | BJ9: 19165.729 | BK9: 21093.328 | BL9: 116469.21 | BM9: 485642.17 | BN9: 583082.94 | BO9: 563193.47 | BP9: 389748.43 | BQ9: 635320.24 | BR9: 426964.23 | BS9: 405210.86 | BT9: 303268.8 | BU9: 99162.109 | BV9: 113175.28 | BW9: 52782.053 | BX9: 147012.9 | BY9: 610473.9 | BZ9: 495397.24 | CA9: 381707.27 | CB9: 418635.94 | CC9: 390019.41 | CD9: 275180.83 | CE9: 237345.89 | CF9: 211540.39 | CG9: 56695.774 | CH9: 30453.853 | CI9: 27108.573 | CJ9: 41373.334 | CK9: 449744.87 | CL9: 541083.85 | CM9: 472773.99 | CN9: 438040.68 | CO9: 454189.6 | CP9: 287066.51 | CQ9: 349139.53 | CR9: 212200.3 | CS9: 31883.481 | CT9: 15230.048 | CU9: 4758 | CV9: 85676.59 | CW9: 485105.24 | CX9: 538928.59 | CY9: 446121.89 | CZ9: 496243.4 | DA9: 479826.85 | DB9: 281586.77 | DC9: 330245.67 | DD9: 153354.45 | DE9: 52667.628 | DF9: 19855.62 | DG9: 26612.555 | DH9: 92294.97 | DI9: 455093.32 | DJ9: 553041.9 | DK9: 425503.75 | DL9: 557460.12 | DM9: 463740.54 | DN9: 407093.62 | DO9: 391234.28 | DP9: 240174.97 | DQ9: 24610.977 | DR9: 65942.406 | DS9: 13548.654 | DT9: 91329.132 | DU9: 392934.94 | DV9: 529469.74 | DW9: 501040.84 | DX9: 498501.28 | DY9: 512257.18 | DZ9: 351899.15 | EA9: 389110.24 | EB9: 200399.8 | EC9: 77163.493 | ED9: 28478.64 | EE9: 23329.27 | EF9: 102174.34 | EG9: 272399.57 | EH9: 468267.69 | EI9: 470441.2 | EJ9: 452766.92 | EK9: 454712.91 | EL9: 379058.19 | EM9: 341096.98 | EN9: 197837.55 | EO9: 27722.32 | EP9: 14060 | EQ9: 22208 | ER9: 70388 | ES9: 234857 | ET9: 471679 | EU9: 430067 | EV9: 397825 | EW9: 398147 | EX9: 286313 | EY9: 227375 | EZ9: 182145 | FA9: 31864
B10: =EOMONTH(B9,1) -> 41639 | C10: 7998.8588 | D10: 37.36 | E10: -3211.796 | F10: 4677.8315 | G10: 851250.04 | H10: 14431.522 | I10: 43870.201 | J10: 4110.496 | K10: 6100 | L10: 12426.4 | M10: 52574.268 | N10: 106392.48 | O10: 14713.596 | P10: 2957.355 | Q10: N/A | R10: 6727.4052 | S10: 200674.63 | T10: 11547.69 | U10: 17397 | V10: 5569.5831 | W10: 6975.8342 | X10: 85441.767 | Y10: 170246.44 | Z10: 213673.07 | AA10: 215438.87 | AB10: 294890.3 | AC10: 3152.7747 | AD10: 3800 | AE10: 4053.8232 | AF10: 436.70715 | AG10: 50.65 | AK10: CHECITRIC | AL10: 9693 | AM10: 9010 | AN10: 10517 | AO10: 15356.268 | AP10: 8867.706 | AQ10: 14431.522 | AR10: 7990.495 | AS10: 20080.601 | AT10: 10122.163 | AU10: 20687.637 | AV10: 11942.559 | AW10: 5871.6646 | AX10: 12584.784 | AY10: 1589.0164 | AZ10: 4516.577 | BA10: 5731.8933 | BB10: 3089.2187 | BC10: 7773.1816 | BD10: 13283.767 | BE10: 11129.164 | BF10: 10918.019 | BG10: 10221.484 | BH10: 4945.5351 | BI10: 6623.2278 | BJ10: 6730.6342 | BK10: 7124.7808 | BL10: 10016.242 | BM10: 3812.8856 | BN10: 8457.9822 | BO10: 7928.1654 | BP10: 3358.8182 | BQ10: 14785.384 | BR10: 16365.508 | BS10: 11332.528 | BT10: 4310 | BU10: 3176.986 | BV10: 2623.3118 | BW10: 4196.7423 | BX10: 3389.6932 | BY10: 10442.521 | BZ10: 4228.4624 | CA10: 8980.8931 | CB10: 2261.9622 | CC10: 11234.501 | CD10: 7843.1705 | CE10: 7192.2697 | CF10: 4238.1542 | CG10: 4636.7918 | CH10: 7414.9646 | CI10: 2496.7219 | CJ10: 3368.163 | CK10: 2229.8875 | CL10: 4738.7876 | CM10: 10661.858 | CN10: 5986.7634 | CO10: 7376.0789 | CP10: 8946.1154 | CQ10: 7053.1778 | CR10: 10452.402 | CS10: 2510.2282 | CT10: 2791.5538 | CU10: 383.43 | CV10: 332 | CW10: 5948.24 | CX10: 4322.55 | CY10: 3208.3201 | CZ10: 7148.4225 | DA10: 9538.7642 | DB10: 8791.365 | DC10: 8963.9045 | DD10: 3186.3788 | DE10: 2080.84 | DF10: 2497.8975 | DG10: 3696.1641 | DH10: 2669.0456 | DI10: 3693.0271 | DJ10: 3040.8138 | DK10: 907.5312 | DL10: 6546.913 | DM10: 16196.924 | DN10: 7573.1125 | DO10: 5320.0535 | DP10: 2328.8173 | DQ10: 7444.3653 | DR10: 2428.3952 | DS10: 1259.5119 | DT10: 5644.3061 | DU10: 4618.8696 | DV10: 3690.4746 | DW10: 1895.4638 | DX10: 5427.9764 | DY10: 18861.148 | DZ10: 11778.716 | EA10: 3765.2505 | EB10: 5834 | EC10: 2093 | ED10: 2612.17 | EE10: 4140.36 | EF10: 1054.79 | EG10: 2735.83 | EH10: 5730.52 | EI10: 3876.66 | EJ10: 7320.86 | EK10: 21353.54 | EL10: 8784 | EM10: 4967.52 | EN10: 4801.78 | EO10: 25468.14 | EP10: 4393 | EQ10: 1084 | ER10: 19221 | ES10: 784 | ET10: 3765 | EU10: 6946 | EV10: 8865 | EW10: 18349 | EX10: 4990 | EY10: 2892 | EZ10: 4259 | FA10: 315
B11: =EOMONTH(B10,1) -> 41670 | C11: 11122.18 | D11: 16730.427 | E11: 3.6844 | F11: 8864.9189 | G11: 719713.34 | H11: 7990.495 | I11: 68949.431 | J11: 7597.7216 | K11: 14685.025 | L11: 10311.278 | M11: 46864.561 | N11: 81441.629 | O11: 4956.2964 | P11: 3934.313 | Q11: N/A | R11: 9764.7391 | S11: 158161 | T11: 19584.151 | U11: 24871.952 | V11: 19339.223 | W11: 11324.35 | X11: 153130.92 | Y11: 238923.7 | Z11: 189651.99 | AA11: 260118.32 | AB11: 219008.3 | AC11: 11414.671 | AD11: 8996.6255 | AE11: 8488.0069 | AF11: 1423.3698 | AG11: 375.87 | AK11: CHEGLUCO | AL11: 88526 | AM11: 52356 | AN11: 34856.6 | AO11: 70175.24 | AP11: 38209.317 | AQ11: 43870.201 | AR11: 68949.431 | AS11: 97122.573 | AT11: 95738.141 | AU11: 150580.22 | AV11: 55797.157 | AW11: 119844.54 | AX11: 84416.623 | AY11: 76834.471 | AZ11: -10125.788 | BA11: 50315.293 | BB11: 20538.982 | BC11: 28574.525 | BD11: 60946.992 | BE11: 71036.97 | BF11: 93727.02 | BG11: 157295.12 | BH11: 96082.073 | BI11: 69066.66 | BJ11: 87446.863 | BK11: 47509.562 | BL11: 80389.884 | BM11: 35481.96 | BN11: 40022.562 | BO11: 36275.739 | BP11: 46831.67 | BQ11: 77502.322 | BR11: 88694.426 | BS11: 162499.46 | BT11: 88167.161 | BU11: 131863.13 | BV11: 55435.368 | BW11: 68187.354 | BX11: 49868.662 | BY11: 27883.87 | BZ11: 27157.039 | CA11: 25642.008 | CB11: 60858.83 | CC11: 87400.09 | CD11: 56674.661 | CE11: 79692.389 | CF11: 81249.655 | CG11: 75411.016 | CH11: 71955.591 | CI11: 25893.263 | CJ11: 11167.892 | CK11: 32663.982 | CL11: 30456.46 | CM11: 10689.378 | CN11: 43955.296 | CO11: 75088.024 | CP11: 96401.69 | CQ11: 68719.636 | CR11: 86488.463 | CS11: 58026.807 | CT11: 52585.131 | CU11: 23882.944 | CV11: 31813.268 | CW11: 26366.281 | CX11: 20841.926 | CY11: 22688.82 | CZ11: 46921.452 | DA11: 97343.052 | DB11: 68416.039 | DC11: 97038.442 | DD11: 67670.78 | DE11: 58156.339 | DF11: 60867.503 | DG11: 27283.697 | DH11: 22079.534 | DI11: 20304.283 | DJ11: 13203.185 | DK11: 39352.511 | DL11: 73756.143 | DM11: 87434.748 | DN11: 116187.39 | DO11: 61998.556 | DP11: 28227.906 | DQ11: 72056.498 | DR11: 34848.238 | DS11: 49457.688 | DT11: 23935.486 | DU11: 42942.365 | DV11: 21154.819 | DW11: 50102.763 | DX11: 36907.286 | DY11: 85478.481 | DZ11: 83365.814 | EA11: 78113.904 | EB11: 64721.725 | EC11: 36610.232 | ED11: 45990.85 | EE11: 5061.41 | EF11: 38321.62 | EG11: 13610.98 | EH11: 18625.74 | EI11: 50029.27 | EJ11: 79249.06 | EK11: 72535.53 | EL11: 62116 | EM11: 62735.7 | EN11: 43932.62 | EO11: 31128.4 | EP11: 28295 | EQ11: 20279 | ER11: 11225 | ES11: 13771 | ET11: 21191 | EU11: 27936 | EV11: 25614 | EW11: 60362 | EX11: 33342 | EY11: 52057 | EZ11: 54671 | FA11: 25838
B12: =EOMONTH(B11,1) -> 41698 | C12: 5730.8016 | D12: 24330.284 | E12: 1627.296 | F12: 15122.85 | G12: 736100.17 | H12: 20080.601 | I12: 97122.573 | J12: 8401.0323 | K12: 7397.4956 | L12: 13285.398 | M12: 8256.7885 | N12: 34316.494 | O12: 5051.5515 | P12: 3241.71 | Q12: N/A | R12: 2977.0084 | S12: 151435 | T12: 41658.177 | U12: 13154.546 | V12: 17035.224 | W12: 6772.0315 | X12: 96290.16 | Y12: 146164.72 | Z12: 169524.8 | AA12: 182641.56 | AB12: 226647 | AC12: 11850.042 | AD12: 9804.1362 | AE12: 15137.246 | AF12: 1492.7883 | AG12: 0 | AK12: GRPHUMICLIQ | AL12: 6805.1 | AM12: 6759.8 | AN12: 2520.6 | AO12: 4112.0495 | AP12: 8621.4441 | AQ12: 4110.496 | AR12: 7597.7216 | AS12: 8401.0323 | AT12: 11703.239 | AU12: 6870.7954 | AV12: 5741.983 | AW12: 5446.1614 | AX12: 12986.909 | AY12: 8046.8694 | AZ12: 2560.9074 | BA12: 3606.1658 | BB12: 1954.0536 | BC12: 4017.1949 | BD12: 4048.9937 | BE12: 6645.2085 | BF12: 13050.885 | BG12: 9016.2242 | BH12: 2814.6059 | BI12: 4305.051 | BJ12: 2255.6361 | BK12: 1597.7964 | BL12: 2930.4992 | BM12: 3785.8808 | BN12: 203.63265 | BO12: 2738.5464 | BP12: 2491.2 | BQ12: 10284.801 | BR12: 9407.7864 | BS12: 6808.5284 | BT12: 7603.8871 | BU12: 13129.944 | BV12: 4994.3539 | BW12: 2674.2319 | BX12: 4616.3566 | BY12: 4450.72 | BZ12: 1862.6521 | CA12: 2494.6753 | CB12: 4733.4612 | CC12: 6289.3673 | CD12: 6721.4284 | CE12: 6966.6566 | CF12: 10093.377 | CG12: 10093.678 | CH12: 6771.893 | CI12: 1830.697 | CJ12: 1901.3123 | CK12: 4801.1736 | CL12: 1174.9598 | CM12: 3076.8867 | CN12: 5233.893 | CO12: 12662.6 | CP12: 10478.526 | CQ12: 6611.1977 | CR12: 12608.294 | CS12: 6497.3402 | CT12: 3044.6793 | CU12: 2260.702 | CV12: 3254.16 | CW12: 11922.386 | CX12: 1518.4126 | CY12: 1696.525 | CZ12: 5543.4952 | DA12: 14672.652 | DB12: 4984.6022 | DC12: 5403.2865 | DD12: 3052.1196 | DE12: 6911.6467 | DF12: 3220.1041 | DG12: 2647.7567 | DH12: 2130.2613 | DI12: 3871.9372 | DJ12: 1963.7497 | DK12: 2911.001 | DL12: 5764.4082 | DM12: 8072.8755 | DN12: 16775.739 | DO12: 46530.477 | DP12: 7065.8073 | DQ12: 6152.2873 | DR12: 3727.9338 | DS12: 5080.3428 | DT12: 2486.2382 | DU12: 1505.4456 | DV12: 1703.708 | DW12: 3144.1634 | DX12: 5008.4482 | DY12: 16661.617 | DZ12: 33915.406 | EA12: 10880.803 | EB12: 7444.6753 | EC12: 8453.3545 | ED12: 12727.96 | EE12: 1571.42 | EF12: 2781.48 | EG12: 4235.81 | EH12: 45952.96 | EI12: 3845.96 | EJ12: 14270.72 | EK12: 6461.51 | EL12: 7893.2 | EM12: 9928.44 | EN12: 5986.19 | EO12: 9243.51 | EP12: 2133 | EQ12: 1285 | ER12: 695 | ES12: 4539 | ET12: 5614 | EU12: 7818 | EV12: 4692 | EW12: 4895 | EX12: 6906 | EY12: 11291 | EZ12: 7838 | FA12: 5492
B13: =EOMONTH(B12,1) -> 41729 | C13: 27551.422 | D13: 18221.654 | E13: 177 | F13: 14807.843 | G13: 429159.59 | H13: 10122.163 | I13: 95738.141 | J13: 11703.239 | K13: 20231.432 | L13: 12965.92 | M13: 10873.877 | N13: 26808.792 | O13: 15581.866 | P13: 6816.0525 | Q13: N/A | R13: 9630.5907 | S13: 122180.47 | T13: 47352.439 | U13: 86332.448 | V13: 18936.261 | W13: 32418.375 | X13: 44235.738 | Y13: 121230.67 | Z13: 149390 | AA13: 138561.12 | AB13: 362808 | AC13: 11235.412 | AD13: 100878 | AE13: 22520.979 | AF13: 1305.3505 | AG13: 0 | AK13: NO3FE | AL13: 10208 | AM13: 2753 | AN13: 9039 | AO13: 10720.586 | AP13: 1152.4742 | AQ13: 6100 | AR13: 14685.025 | AS13: 7397.4956 | AT13: 20231.432 | AU13: 26308.177 | AV13: 21118.786 | AW13: 11089.454 | AX13: 16493.371 | AY13: 14036.247 | AZ13: 2206.3169 | BA13: 15949.489 | BB13: 1048.7035 | BC13: 1192.173 | BD13: 40233.395 | BE13: 797.64849 | BF13: 13067.236 | BG13: 15574.868 | BH13: 17781.701 | BI13: 14431.316 | BJ13: 7794.2575 | BK13: 61113.738 | BL13: 6868.8558 | BM13: 12421.734 | BN13: 7376.5615 | BO13: 7169.3436 | BP13: 7561.3577 | BQ13: 18435.267 | BR13: 70973.922 | BS13: 19537.354 | BT13: 28119.04 | BU13: 22894.787 | BV13: 11461.97 | BW13: 9290.7464 | BX13: 9229.742 | BY13: 11137.215 | BZ13: 39173.552 | CA13: 20011.15 | CB13: 58407.008 | CC13: 100404.74 | CD13: 144792.28 | CE13: 181609.38 | CF13: 216276.18 | CG13: 91581.424 | CH13: 83594.191 | CI13: 97185.627 | CJ13: 15329.574 | CK13: 79363.762 | CL13: 60534.282 | CM13: 71973.572 | CN13: 28440.049 | CO13: 235326.89 | CP13: 214234.96 | CQ13: 133371.4 | CR13: 169728.16 | CS13: 100281.42 | CT13: 93804.4 | CU13: 122061.54 | CV13: 92430.915 | CW13: 139051.25 | CX13: 81963.464 | CY13: 32517.4 | CZ13: 69995.463 | DA13: 180691.11 | DB13: 146570.91 | DC13: 76526.743 | DD13: 218977.65 | DE13: 40696.933 | DF13: 89313.509 | DG13: 69052.491 | DH13: 39989.98 | DI13: 124587.69 | DJ13: 17616.669 | DK13: 39229.077 | DL13: 59701.58 | DM13: 69281.138 | DN13: 152429.12 | DO13: 48114.554 | DP13: 117250.89 | DQ13: 97195.551 | DR13: 46984.84 | DS13: 57905.535 | DT13: 67089.663 | DU13: 60446.54 | DV13: 0 | DW13: 40111.167 | DX13: 39453.006 | DY13: 45499.379 | DZ13: 96943.372 | EA13: 26156.192 | EB13: 133135.33 | EC13: 137300.11 | ED13: 71664.91 | EE13: 61044.72 | EF13: 20537.57 | EG13: 56523.36 | EH13: 150 | EI13: 60 | EJ13: 47930.6 | EK13: 32273.51 | EL13: 84139.91 | EM13: 25611.21 | EN13: 57474.32 | EO13: 23013.86 | EP13: 53470 | EQ13: 27332 | ER13: 16710 | ES13: 15 | ET13: 0 | EU13: 29253 | EV13: 0 | EW13: 35222 | EX13: 57323 | EY13: 24746 | EZ13: 24223 | FA13: 35648
B14: =EOMONTH(B13,1) -> 41759 | C14: 6460.9149 | D14: 3776.7683 | E14: 13703.218 | F14: 10637.225 | G14: 403700.06 | H14: 20687.637 | I14: 150580.22 | J14: 6870.7954 | K14: 26308.177 | L14: 24998.017 | M14: 63421.886 | N14: 76042.039 | O14: 16155.849 | P14: 3957.209 | Q14: N/A | R14: 9360.8162 | S14: 153671.73 | T14: 31276.403 | U14: 67400.711 | V14: 35839.283 | W14: 8404.5662 | X14: 56818.163 | Y14: 126580.41 | Z14: 199607.32 | AA14: 158663.92 | AB14: 522302.85 | AC14: 20524.032 | AD14: 69326.08 | AE14: 17111.409 | AF14: 1828.2103 | AG14: 2298.309 | AK14: SO4FEDRY19 | AL14: 21153 | AM14: 5978 | AN14: 5956 | AO14: 10746.101 | AP14: 5379.2845 | AQ14: 12426.4 | AR14: 10311.278 | AS14: 13285.398 | AT14: 12965.92 | AU14: 24998.017 | AV14: 8864.3502 | AW14: 21931.816 | AX14: 8045.7303 | AY14: 7003.4502 | AZ14: 9318.9332 | BA14: 7426.2221 | BB14: 5000.1014 | BC14: 4477.8522 | BD14: 7720.8195 | BE14: 11284.227 | BF14: 9714.7188 | BG14: 24047.631 | BH14: 7282.677 | BI14: 11918.838 | BJ14: 11555.322 | BK14: 5990.3896 | BL14: 9971.387 | BM14: 6403.3728 | BN14: 1674.457 | BO14: 5629.5183 | BP14: 6445.7091 | BQ14: 7095.6514 | BR14: 10562.43 | BS14: 17142.591 | BT14: 9867.1612 | BU14: 16942.958 | BV14: 5732.305 | BW14: 3359.7148 | BX14: 6021.2099 | BY14: 3621.2692 | BZ14: 2928.7131 | CA14: 3101.6035 | CB14: 5118.6834 | CC14: 6087.4862 | CD14: 6339.2532 | CE14: 7255.7255 | CF14: 12548.691 | CG14: 5104.7236 | CH14: 10317.167 | CI14: 1648.4848 | CJ14: 3498.2089 | CK14: 6984.8458 | CL14: 4709.8768 | CM14: 2338.8201 | CN14: 5438.1085 | CO14: 11059.702 | CP14: 14487.273 | CQ14: 6317.7964 | CR14: 5737.6012 | CS14: 12279.767 | CT14: 8353.3396 | CU14: 1883.8817 | CV14: 6866.787 | CW14: 980.24611 | CX14: 3745.4216 | CY14: 4747.2925 | CZ14: 8258.004 | DA14: 9964.4692 | DB14: 8625.6503 | DC14: 19543.949 | DD14: 5568.9756 | DE14: 3173.5612 | DF14: 2879.1036 | DG14: 2570.2431 | DH14: 3704.0282 | DI14: 1063.038 | DJ14: 4814.8554 | DK14: 8629.1396 | DL14: 11719.986 | DM14: 7630.0651 | DN14: 8332.1667 | DO14: 5017.2801 | DP14: 3378.6689 | DQ14: 4428.6078 | DR14: 3899.2746 | DS14: 7718.4632 | DT14: 3435.7913 | DU14: 3591.8364 | DV14: 6832.9944 | DW14: 7052.0176 | DX14: 6829.7026 | DY14: 6558.9269 | DZ14: 10948.382 | EA14: 7277.2872 | EB14: 9760.283 | EC14: 2366.9442 | ED14: 3392.08 | EE14: 1153.04 | EF14: 9867.98 | EG14: 4019.24 | EH14: 4140.46 | EI14: 5008.21 | EJ14: 9462.38 | EK14: 6405.39 | EL14: 5670.63 | EM14: 8931.88 | EN14: 3681.06 | EO14: 7571.29 | EP14: 2363 | EQ14: 5396 | ER14: 3521 | ES14: 2190 | ET14: 4853 | EU14: 2791 | EV14: 5487 | EW14: 5349 | EX14: 4460 | EY14: 8211 | EZ14: 5322 | FA14: 7286
B15: =EOMONTH(B14,1) -> 41790 | C15: 1801.5661 | D15: 3886.5319 | E15: 27997.003 | F15: 7189.9138 | G15: 244918.38 | H15: 11942.559 | I15: 55797.157 | J15: 5741.983 | K15: 21118.786 | L15: 8864.3502 | M15: 17743.06 | N15: 52100.642 | O15: 15918.121 | P15: 3889.4365 | Q15: N/A | R15: 7417.3391 | S15: 38582 | T15: 25183.397 | U15: 96094.874 | V15: 11837.608 | W15: 17514.754 | X15: 6300 | Y15: 27077.858 | Z15: 115593.68 | AA15: 139438.93 | AB15: 363394 | AC15: 11055.301 | AD15: 115661.95 | AE15: 8020.2448 | AF15: 618.4272 | AG15: 0 | AK15: NPKKOHDRY | AL15: 42186 | AM15: 48939 | AN15: 22704 | AO15: 31243.343 | AP15: 12311.729 | AQ15: 52574.268 | AR15: 46864.561 | AS15: 8256.7885 | AT15: 10873.877 | AU15: 63421.886 | AV15: 17743.06 | AW15: 10989.159 | AX15: 5782.9073 | AY15: 7469.9272 | AZ15: 88.3484 | BA15: 11375.36 | BB15: 34.1776 | BC15: 56395.322 | BD15: 5411.153 | BE15: 3057.69 | BF15: 5615.1562 | BG15: 18417.118 | BH15: 25316.456 | BI15: 38718.248 | BJ15: 16843.54 | BK15: 14064.87 | BL15: 8055.7374 | BM15: 24241.257 | BN15: 40737.867 | BO15: 31109.463 | BP15: 35799.755 | BQ15: 2782.5034 | BR15: 31073.229 | BS15: 23116.12 | BT15: 6553.8421 | BU15: 5500.0522 | BV15: 2987.9713 | BW15: 15097.531 | BX15: 1605.4727 | BY15: 10435.234 | BZ15: 30072.47 | CA15: 50641.214 | CB15: 20907.593 | CC15: 10760 | CD15: 14027.538 | CE15: 10742.401 | CF15: 15617.798 | CG15: 24771.184 | CH15: 25172.181 | CI15: 17766.904 | CJ15: 0 | CK15: 8034.2547 | CL15: 19945.444 | CM15: EDTAFEHE | CN15: 15085.154 | CO15: 17435.472 | CP15: 15624.748 | CQ15: 7728.0239 | CR15: 518.7753 | CS15: 10820.55 | CT15: 0 | CU15: 38.553 | CV15: 334.1214 | CW15: 5427.7492 | CX15: 6821.9853 | CY15: 32083.598 | CZ15: 43894.49 | DA15: 276.726 | DB15: 1451.5722 | DC15: 236.8132 | DD15: 181.0686 | DE15: 5648.8755 | DF15: 2696.4189 | DG15: 50.481 | DH15: 1359.0192 | DI15: 2409.3623 | DJ15: 157.7265 | DK15: 3538.4408 | DL15: 21040.841 | DM15: 440.5149 | DN15: 6184.4292 | DO15: 84.0738 | DP15: 11020.432 | DQ15: 742.05586 | DR15: 1326.6651 | DS15: 921.28886 | DT15: 19536.13 | DU15: 5569.2523 | DV15: 295.5207 | DW15: 873.39774 | DX15: 11364.142 | DY15: 20776.827 | DZ15: 39501.044 | EA15: 12134.082 | EB15: 12426.919 | EC15: 14809.644 | ED15: 19276.37 | EE15: 1727.2 | EF15: 3308.56 | EG15: 17000.1 | EH15: 5659.5 | EI15: 11309.28 | EJ15: 31732.5 | EK15: 4747.469 | EL15: 8997.27 | EM15: 26915.85 | EN15: 17568.836 | EO15: 4492.57 | EP15: 3077 | EQ15: 77 | ER15: 9957 | ES15: 8379 | ET15: 15856 | EU15: 36010 | EV15: 46854 | EW15: 196 | EX15: 6519 | EY15: 200 | EZ15: 303 | FA15: 69
B16: =EOMONTH(B15,1) -> 41820 | C16: 1191.0849 | D16: 905.4812 | E16: 11228.465 | F16: 7057.7146 | G16: 40002.763 | H16: 5871.6646 | I16: 119844.54 | J16: 5446.1614 | K16: 11089.454 | L16: 21931.816 | M16: 10989.159 | N16: 10871.429 | O16: 3553.4985 | P16: 765.8675 | Q16: N/A | R16: 7914.1806 | S16: 20794 | T16: 18171.119 | U16: 33156.983 | V16: 24925.304 | W16: 2858.4045 | X16: 1760.4557 | Y16: 53178 | Z16: 30000 | AA16: 205.0302 | AB16: 74759 | AC16: 5180.9789 | AD16: 38913.843 | AE16: 9619.6714 | AF16: 234 | AG16: 0 | AK16: NPKKOHLIQ | AL16: 26828 | AM16: 173074 | AN16: 44682 | AO16: 94386.027 | AP16: 37263.18 | AQ16: 106392.48 | AR16: 81441.629 | AS16: 34316.494 | AT16: 26808.792 | AU16: 76042.039 | AV16: 52100.642 | AW16: 10871.429 | AX16: 0 | AY16: 5614.53 | AZ16: 0 | BA16: 96.19428 | BB16: 510 | BC16: 11613.734 | BD16: 422.37384 | BE16: 1257.344 | BF16: 305.28316 | BG16: 5647.043 | BH16: 945.7294 | BI16: 269.8 | BJ16: 6701.6546 | BK16: 120.2985 | BL16: 12039.258 | BM16: -5498.2394 | BN16: 64.0395 | BO16: 64.0395 | BP16: 0 | BQ16: 1348.0395 | BR16: 484.0395 | BS16: 1327.4955 | BT16: 65.0349 | BU16: 422.8425 | BV16: 76.0095 | BW16: 555.411 | BX16: -949.7815 | BY16: 75.411 | BZ16: 629.0329 | CA16: 76.30875 | CB16: 151.12125 | CC16: 753.3129 | CD16: 252.1677 | CE16: -2891.6715 | CF16: 550.4238 | CG16: 75.411 | CH16: 0 | CI16: 199.899 | CJ16: 193.914 | CK16: 260.04825 | CL16: 637.6548 | CM16: 0 | CN16: 152.6175 | CO16: 0 | CP16: 302.2425 | CQ16: -1318.7637 | CR16: 449.625 | CS16: 63.441 | CT16: 511.4205 | CU16: 0 | CV16: 150.822 | CW16: 75.411 | CX16: -2349.178 | CY16: 150.2235 | CZ16: 641.2458 | DA16: 225.6345 | DB16: 315.411 | DC16: 300 | DD16: 0 | DE16: 58.95225 | DF16: 150.822 | DG16: 75.411 | DH16: 60.4485 | DI16: -3037.5817 | DJ16: 0 | DK16: 420.4485 | DL16: 301.0455 | DM16: 75.411 | DN16: 265.447 | DO16: 75.411 | DP16: 150.822 | DQ16: 490.4238 | DR16: 330.2235 | DS16: 290.54925 | DT16: 0 | DU16: 815.8091 | DV16: 0 | DW16: 190.4238 | DX16: -0.4 | DY16: 190.4238 | DZ16: 0 | EA16: 0 | EB16: 2 | EC16: 371 | ED16: 0 | EE16: 0 | EF16: 0 | EG16: 0 | EH16: 0 | EI16: 0 | EJ16: 0 | EK16: 0 | EL16: 0 | EM16: 0 | EN16: 0 | EO16: 0 | EP16: 0 | EQ16: 0 | ER16: 0 | ES16: 0 | ET16: 0 | EU16: 0 | EV16: 0 | EW16: 0 | EX16: 0 | EY16: 0 | EZ16: 0 | FA16: 0
B17: =EOMONTH(B16,1) -> 41851 | C17: 359.046 | D17: 397.44485 | E17: 68914.192 | F17: 2148.8647 | G17: 20090.551 | H17: 12584.784 | I17: 84416.623 | J17: 12986.909 | K17: 16493.371 | L17: 8045.7303 | M17: 5782.9073 | N17: 0 | O17: 4962.8603 | P17: 519.187 | Q17: N/A | R17: 2424.787 | S17: 10662 | T17: 40597.846 | U17: 73579.413 | V17: 16976.932 | W17: 9788.0869 | X17: 3150 | Y17: 17340.306 | Z17: 26.3154 | AA17: 3525.802 | AB17: 24768.097 | AC17: 16235.961 | AD17: 75645.925 | AE17: 1814.3931 | AF17: 218.7832 | AG17: 0 | AK17: NPKKTS | AL17: 0 | AM17: 6232.2 | AN17: 5682.6 | AO17: 14436.866 | AP17: 13833.636 | AQ17: 14713.596 | AR17: 4956.2964 | AS17: 5051.5515 | AT17: 15581.866 | AU17: 16155.849 | AV17: 15918.121 | AW17: 3553.4985 | AX17: 4962.8603 | AY17: 5207.3154 | AZ17: 5269.0846 | BA17: 5601.1476 | BB17: 19581.073 | BC17: 5673.8689 | BD17: 8809.2644 | BE17: 2658.7351 | BF17: 15484.738 | BG17: 2228.6293 | BH17: 8403.7688 | BI17: 16450.001 | BJ17: 8809.2644 | BK17: 2658.7351 | BL17: 15484.738 | BM17: 2228.6293 | BN17: 8403.7688 | BO17: 16450.001 | BP17: 5513.8825 | BQ17: 2239.3368 | BR17: 4302.6663 | BS17: 14363.542 | BT17: 6581.1429 | BU17: 3030.5256 | BV17: 3294.2432 | BW17: 4068.9567 | BX17: 8947.9347 | BY17: 13524.693 | BZ17: 38158.506 | CA17: 7017.7452 | CB17: 12987.78 | CC17: 11178.908 | CD17: 11961.361 | CE17: 12632.479 | CF17: 13651.603 | CG17: 4480.524 | CH17: 3094.844 | CI17: 5228.76 | CJ17: 4651.2 | CK17: 18648.06 | CL17: 12366.489 | CM17: 24637.637 | CN17: 2712.2655 | CO17: 5360.3473 | CP17: 2261.6408 | CQ17: 16640.326 | CR17: 8473.5522 | CS17: 6916.8701 | CT17: 5053.744 | CU17: 8340.8692 | CV17: 1468.8 | CW17: 23218.371 | CX17: 15064.171 | CY17: 2514.2836 | CZ17: 18727.549 | DA17: 5569.2 | DB17: 7582.5749 | DC17: 13929.53 | DD17: 4320.852 | DE17: 4768.7556 | DF17: 2821.452 | DG17: 3539.4236 | DH17: 12104.304 | DI17: 11210.623 | DJ17: 18763.261 | DK17: 7701.616 | DL17: 4072.0701 | DM17: 9937.0033 | DN17: 4996.3655 | DO17: 24286.67 | DP17: 2924.5393 | DQ17: 2847.648 | DR17: 3058.128 | DS17: 11590.818 | DT17: 15675.26 | DU17: 21232.173 | DV17: 7195.0429 | DW17: 18758.064 | DX17: 8690.6852 | DY17: 5983.954 | DZ17: 9243.39 | EA17: 18035.562 | EB17: 11077.2 | EC17: 5095.7212 | ED17: 7859.37 | EE17: 13691.04 | EF17: 5917.96 | EG17: 21369.11 | EH17: 27931.52 | EI17: 4185.19 | EJ17: 8150.54 | EK17: 18938.31 | EL17: 15757.63 | EM17: 8131.47 | EN17: 9252.78 | EO17: 63090.55 | EP17: 3191 | EQ17: 3823 | ER17: 11561 | ES17: 8417 | ET17: 36763 | EU17: 13352 | EV17: 8353 | EW17: 25507 | EX17: 9353 | EY17: 8787 | EZ17: 67048 | FA17: 77029
B18: =EOMONTH(B17,1) -> 41882 | C18: 4113.5851 | D18: 190.6516 | E18: 91.7044 | F18: 1690.1836 | G18: 46720.222 | H18: 1589.0164 | I18: 76834.471 | J18: 8046.8694 | K18: 14036.247 | L18: 7003.4502 | M18: 7469.9272 | N18: 5614.53 | O18: 5207.3154 | P18: 487.125 | Q18: N/A | R18: 2096.6735 | S18: 19520 | T18: 18009.648 | U18: 47104.116 | V18: 13472.568 | W18: 10537.485 | X18: 6049.9014 | Y18: 32129.175 | Z18: 25432.025 | AA18: 58103.737 | AB18: 47310 | AC18: 3819.211 | AD18: 33750.539 | AE18: 8843.4576 | AF18: 255.0132 | AG18: 219.374 | AK18: CHELIGLIQ | AL18: 775 | AM18: 511 | AN18: 359 | AO18: 844.98 | AP18: 739.35875 | AQ18: 2957.355 | AR18: 3934.313 | AS18: 3241.71 | AT18: 6816.0525 | AU18: 3957.209 | AV18: 3889.4365 | AW18: 765.8675 | AX18: 519.187 | AY18: 487.125 | AZ18: 618.1825 | BA18: 841.36 | BB18: 1017.1715 | BC18: 299.1325 | BD18: 889.71 | BE18: 5339.595 | BF18: 2421.061 | BG18: 2504.505 | BH18: 889.705 | BI18: 387.20075 | BJ18: 4759.3245 | BK18: 96.0725 | BL18: 408.785 | BM18: 559.46 | BN18: 280.115 | BO18: 464.615 | BP18: 77.175 | BQ18: 481.715 | BR18: 223.4925 | BS18: 445.145 | BT18: 49.5 | BU18: 437.3475 | BV18: 77.175 | BW18: 481.715 | BX18: 223.4925 | BY18: 445.145 | BZ18: 49.5 | CA18: 437.3475 | CB18: 3230.415 | CC18: 338.305 | CD18: 3330.99 | CE18: 1353.075 | CF18: 734.14 | CG18: 181.96 | CH18: 142.655 | CI18: 60.69375 | CJ18: 236.3 | CK18: 619.6575 | CL18: 516.57 | CM18: 148.7 | CN18: 383.752 | CO18: 989.972 | CP18: 1366.9275 | CQ18: 523.02 | CR18: 858.765 | CS18: 1038.4575 | CT18: 1565.58 | CU18: 259.62 | CV18: 1895.7925 | CW18: -26289.128 | CX18: 1061.01 | CY18: 1549.22 | CZ18: 6929.31 | DA18: 2154.805 | DB18: 3207.2575 | DC18: 1676.6256 | DD18: 989.945 | DE18: 90.5525 | DF18: 382.272 | DG18: -21686.775 | DH18: -9514.51 | DI18: 180.2895 | DJ18: 1081.835 | DK18: 1463.695 | DL18: 5021.79 | DM18: 2085.7031 | DN18: 2479.8781 | DO18: 1314.15 | DP18: 611.117 | DQ18: 294.3356 | DR18: 122.7725 | DS18: 593.3645 | DT18: 158.075 | DU18: 548.3025 | DV18: 574.695 | DW18: 1184.1956 | DX18: 1686.0075 | DY18: 3301.354 | DZ18: 3365.3163 | EA18: 1982.4003 | EB18: 1043.442 | EC18: 704.4707 | ED18: 658.93 | EE18: 42258.87 | EF18: 447.76 | EG18: 307.92 | EH18: 769.59 | EI18: 1342.68 | EJ18: 4107.91 | EK18: 2804.73 | EL18: 4779.71 | EM18: 2189.73 | EN18: 898.93 | EO18: 228.75 | EP18: 374 | EQ18: 366 | ER18: 582 | ES18: 76 | ET18: 91 | EU18: 895 | EV18: 3203 | EW18: 2779 | EX18: 4556 | EY18: 2410 | EZ18: 42730 | FA18: 164
B19: =EOMONTH(B18,1) -> 41912 | C19: 5038.8822 | D19: 145.78425 | E19: 36 | F19: 1326.0288 | G19: 114296.44 | H19: 4516.577 | I19: -10125.788 | J19: 2560.9074 | K19: 2206.3169 | L19: 9318.9332 | M19: 88.3484 | N19: 0 | O19: 5269.0846 | P19: 618.1825 | Q19: N/A | R19: 1870.2318 | S19: 46050 | T19: 15359.337 | U19: 14981.577 | V19: 21795.267 | W19: 2577.8972 | X19: 7706.0382 | Y19: 44248.585 | Z19: 49949.668 | AA19: 14704.623 | AB19: 73087.185 | AC19: 1144.7169 | AD19: 20007.871 | AE19: 12348.54 | AF19: 342.7948 | AG19: 150 | AK19: CHELIGDRY | AL19: N/A | AM19: N/A | AN19: N/A | AO19: N/A | AP19: N/A | AQ19: N/A | AR19: N/A | AS19: N/A | AT19: N/A | AU19: N/A | AV19: N/A | AW19: N/A | AX19: N/A | AY19: N/A | AZ19: N/A | BA19: N/A | BB19: N/A | BC19: N/A | BD19: N/A | BE19: N/A | BF19: N/A | BG19: N/A | BH19: N/A | BI19: N/A | BJ19: N/A | BK19: N/A | BL19: N/A | BM19: N/A | BN19: N/A | BO19: N/A | BP19: N/A | BQ19: N/A | BR19: N/A | BS19: N/A | BT19: N/A | BU19: N/A | BV19: N/A | BW19: N/A | BX19: N/A | BY19: N/A | BZ19: N/A | CA19: N/A | CB19: N/A | CC19: N/A | CD19: N/A | CE19: N/A | CF19: N/A | CG19: N/A | CH19: N/A | CI19: N/A | CJ19: N/A | CK19: N/A | CL19: N/A | CM19: N/A | CN19: N/A | CO19: N/A | CP19: N/A | CQ19: N/A | CR19: N/A | CS19: N/A | CT19: N/A | CU19: 13750 | CV19: N/A | CW19: N/A | CX19: N/A | CY19: N/A | CZ19: N/A | DA19: N/A | DB19: N/A | DC19: N/A | DD19: N/A | DE19: N/A | DF19: N/A | DG19: 10910 | DH19: 5170 | DI19: N/A | DJ19: N/A | DK19: N/A | DL19: N/A | DM19: N/A | DN19: N/A | DO19: N/A | DP19: N/A | DQ19: N/A | DR19: N/A | DS19: N/A | DT19: N/A | DU19: N/A | DV19: N/A | DW19: N/A | DX19: N/A | DY19: N/A | DZ19: N/A | EA19: N/A | EB19: N/A | EC19: N/A | ED19: 0 | EE19: 21995.43 | EF19: 0 | EG19: 218.08 | EH19: 0 | EI19: 0 | EJ19: 0 | EK19: 0 | EL19: 0 | EM19: 0 | EN19: 0 | EO19: 0 | EP19: 0 | EQ19: 0 | ER19: 0 | ES19: 0 | ET19: 0 | EU19: 0 | EV19: 0 | EW19: 0 | EX19: 0 | EY19: 0 | EZ19: 22000 | FA19: 0
B20: =EOMONTH(B19,1) -> 41943 | C20: 5846.6863 | D20: 456.87593 | E20: 60 | F20: 4814.8627 | G20: 421414.03 | H20: 5731.8933 | I20: 50315.293 | J20: 3606.1658 | K20: 15949.489 | L20: 7426.2221 | M20: 11375.36 | N20: 96.19428 | O20: 5601.1476 | P20: 841.36 | Q20: N/A | R20: 3858.2579 | S20: 133096 | T20: 25769.163 | U20: 24065.978 | V20: 9516.1368 | W20: 4241.1454 | X20: 72268.622 | Y20: 133056.72 | Z20: 180183.09 | AA20: 177642.87 | AB20: 331440.5 | AC20: 2791.167 | AD20: 19782.911 | AE20: 3578.4933 | AF20: 580.14246 | AG20: 0 | AK20: SO4MG | AL20: 6481 | AM20: 1767 | AN20: 2894 | AO20: 5083.0624 | AP20: 2148.5151 | AQ20: 6727.4052 | AR20: 9764.7391 | AS20: 2977.0084 | AT20: 9630.5907 | AU20: 9360.8162 | AV20: 7417.3391 | AW20: 7914.1806 | AX20: 2424.787 | AY20: 2096.6735 | AZ20: 1870.2318 | BA20: 3858.2579 | BB20: 1286.6542 | BC20: 1014.2925 | BD20: 3850.1759 | BE20: 7158.7806 | BF20: 4678.6979 | BG20: 9153.1815 | BH20: 1717.1766 | BI20: 4825.781 | BJ20: 2974.243 | BK20: 1775.0438 | BL20: 1161.0647 | BM20: 2961.3438 | BN20: 800.09522 | BO20: 1110.4838 | BP20: 2095.5861 | BQ20: 3319.9383 | BR20: 3693.7056 | BS20: 7699.762 | BT20: 3557.6392 | BU20: 6113.6596 | BV20: 2440.9552 | BW20: 702.87666 | BX20: 1028.9177 | BY20: 1356.5906 | BZ20: 1062.8542 | CA20: 1274.9439 | CB20: 2518.2554 | CC20: 2738.4667 | CD20: 5681.0741 | CE20: 3406.3332 | CF20: 3668.536 | CG20: 778.16445 | CH20: 4146.4839 | CI20: 355.7632 | CJ20: 1360.6458 | CK20: 1792.4651 | CL20: 1103.1381 | CM20: 436.4044 | CN20: 331.683 | CO20: 1064.795 | CP20: 1910.5409 | CQ20: 2750.5374 | CR20: 2447.0412 | CS20: 2017.0038 | CT20: 1563.626 | CU20: 263.8179 | CV20: 881.99545 | CW20: 1691.1124 | CX20: 1653.5468 | CY20: 3221.1586 | CZ20: 645.4699 | DA20: 1561.0251 | DB20: 648.186 | DC20: 1335.779 | DD20: 776.5835 | DE20: 1849.4716 | DF20: 776.44166 | DG20: 184.1151 | DH20: 24.91775 | DI20: 1.1046 | DJ20: 1123.9997 | DK20: 1363.0885 | DL20: 4569.4849 | DM20: 3734.4276 | DN20: 5376.0985 | DO20: 2219.6962 | DP20: 675.04636 | DQ20: 575.5884 | DR20: 698.01886 | DS20: 907.2751 | DT20: 1499.292 | DU20: 1824.0091 | DV20: 2809.2843 | DW20: 4060.5697 | DX20: 3608.2776 | DY20: 6347.4779 | DZ20: 7422.762 | EA20: 6491.7485 | EB20: 1735.1254 | EC20: 650.84101 | ED20: 596.04 | EE20: 612.79 | EF20: 22743.79 | EG20: 13058.28 | EH20: 2454.21 | EI20: 3143.47 | EJ20: 14851.32 | EK20: 7277.72 | EL20: 9414.09 | EM20: 3814.07 | EN20: 1275.52 | EO20: 894.29 | EP20: 504 | EQ20: 223 | ER20: 1473 | ES20: 765 | ET20: 1556 | EU20: 2416 | EV20: 5115 | EW20: 6321 | EX20: 6609 | EY20: 2482 | EZ20: 2061 | FA20: 1198
B21: =EOMONTH(B20,1) -> 41973 | C21: 4225.3614 | D21: 69.1647 | E21: 2 | F21: 2818.5473 | G21: 529184.13 | H21: 3089.2187 | I21: 20538.982 | J21: 1954.0536 | K21: 1048.7035 | L21: 5000.1014 | M21: 34.1776 | N21: 510 | O21: 19581.073 | P21: 1017.1715 | Q21: N/A | R21: 1286.6542 | S21: 145562 | T21: 5537.7571 | U21: 9349.0807 | V21: 1589.6041 | W21: 2862.9492 | X21: 42713.939 | Y21: 105312.79 | Z21: 134980 | AA21: 162596.43 | AB21: 245194 | AC21: 2274.372 | AD21: 5919.849 | AE21: 861.36238 | AF21: 96.8066 | AG21: 0 | AK21: NO3MG60 | AL21: 13224 | AM21: 16840 | AN21: 40108 | AO21: 155559 | AP21: 194801 | AQ21: 200674.63 | AR21: 158161 | AS21: 151435 | AT21: 122180.47 | AU21: 153671.73 | AV21: 38582 | AW21: 20794 | AX21: 10662 | AY21: 19520 | AZ21: 46050 | BA21: 133096 | BB21: 145562 | BC21: 161351.3 | BD21: 124933.71 | BE21: 111988 | BF21: 122395.77 | BG21: 122377 | BH21: 76674 | BI21: 22625 | BJ21: 6238 | BK21: 3813 | BL21: 48675 | BM21: 119280 | BN21: 178576 | BO21: 147591 | BP21: 123492 | BQ21: 155837.5 | BR21: 114330 | BS21: 123464 | BT21: 155841.77 | BU21: 49854.186 | BV21: 83823 | BW21: 12280.636 | BX21: 66962 | BY21: 198148 | BZ21: 147176.5 | CA21: 109775 | CB21: 115796 | CC21: 92192 | CD21: 101203.86 | CE21: 56832 | CF21: 79286.5 | CG21: 49608 | CH21: 4821.6 | CI21: 9489 | CJ21: 27635 | CK21: 129452.49 | CL21: 163393 | CM21: 159642 | CN21: 147833.2 | CO21: 136463 | CP21: 98032 | CQ21: 81341.6 | CR21: 46941 | CS21: 7401 | CT21: 12554.455 | CU21: 30506.2 | CV21: 37249 | CW21: 127193.4 | CX21: 161129 | CY21: 123470 | CZ21: 141593 | DA21: 130042 | DB21: 89310 | DC21: 83633 | DD21: 47994 | DE21: 26374 | DF21: 8745 | DG21: 5788 | DH21: 32650.913 | DI21: 123882 | DJ21: 150287 | DK21: 133435 | DL21: 178528 | DM21: 134381 | DN21: 125186.66 | DO21: 40294 | DP21: 57441 | DQ21: 9230 | DR21: 5016.5 | DS21: 7109.5 | DT21: 21740 | DU21: 110779.4 | DV21: 141070.5 | DW21: 138518.2 | DX21: 143486 | DY21: 122460 | DZ21: 105589.2 | EA21: 99849.2 | EB21: 61859 | EC21: 21806 | ED21: 13450 | EE21: 13253.41 | EF21: 28385.2 | EG21: 69298.2 | EH21: 144128 | EI21: 166362.3 | EJ21: 161757.2 | EK21: 144236.4 | EL21: 116818.2 | EM21: 88455 | EN21: 54626.2 | EO21: 9050.5 | EP21: 6656 | EQ21: 12818 | ER21: 15034 | ES21: 74519 | ET21: 140477 | EU21: 137513 | EV21: 108778 | EW21: 113207 | EX21: 89226 | EY21: 57046 | EZ21: 52786 | FA21: 9609
B22: =EOMONTH(B21,1) -> 42004 | C22: 5968.1757 | D22: 494.7794 | E22: 14.0064 | F22: 3541.9788 | G22: 612165.38 | H22: 7773.1816 | I22: 28574.525 | J22: 4017.1949 | K22: 1192.173 | L22: 4477.8522 | M22: 56395.322 | N22: 11613.734 | O22: 5673.8689 | P22: 299.1325 | Q22: N/A | R22: 1014.2925 | S22: 161351.3 | T22: 9252.0028 | U22: 7129.736 | V22: 1476.7736 | W22: 6031.425 | X22: 26366.811 | Y22: 128353.97 | Z22: 176360.18 | AA22: 160058.69 | AB22: 208160 | AC22: 2687.2395 | AD22: 3433.7744 | AE22: 952.86764 | AF22: 445.95919 | AG22: 150 | AK22: NO3MG63 | AL22: 19366.1 | AM22: 13108.7 | AN22: 4722.4 | AO22: 14023.18 | AP22: 5567.7334 | AQ22: 11547.69 | AR22: 19584.151 | AS22: 41658.177 | AT22: 47352.439 | AU22: 31276.403 | AV22: 25183.397 | AW22: 18171.119 | AX22: 40597.846 | AY22: 18009.648 | AZ22: 15359.337 | BA22: 25769.163 | BB22: 5537.7571 | BC22: 9252.0028 | BD22: 12115.46 | BE22: 24552.234 | BF22: 24943.852 | BG22: 28006.103 | BH22: 11315.016 | BI22: 14990.096 | BJ22: 14499.526 | BK22: 22224.122 | BL22: 28942.29 | BM22: -15632.197 | BN22: 4958.5236 | BO22: 15177.907 | BP22: 9418.5285 | BQ22: 50758.202 | BR22: 71268.688 | BS22: 54257.707 | BT22: 26414.943 | BU22: 70639.403 | BV22: 25532.839 | BW22: 6669.4412 | BX22: 13920.597 | BY22: 9295.487 | BZ22: 37198.142 | CA22: 19102.491 | CB22: 30452.534 | CC22: 56148.91 | CD22: 48735.701 | CE22: 31370.177 | CF22: 21511.655 | CG22: 17392.467 | CH22: 38396.243 | CI22: 19178.45 | CJ22: 3787.7253 | CK22: 52451.279 | CL22: 5903.604 | CM22: 5680.2001 | CN22: 17613.311 | CO22: 55992.075 | CP22: 42042.331 | CQ22: 40978.836 | CR22: 30238.927 | CS22: 31523.341 | CT22: 19467.366 | CU22: 18688.765 | CV22: 10476.645 | CW22: 14829.316 | CX22: 12461.944 | CY22: 4867.6 | CZ22: 46322.524 | DA22: 67313.233 | DB22: 17210.887 | DC22: 36101.009 | DD22: 27855.086 | DE22: 20519.287 | DF22: 10516.908 | DG22: 3554.6473 | DH22: 2037.6 | DI22: 734.69706 | DJ22: 12909.69 | DK22: 3735.6 | DL22: 15682.521 | DM22: 55249.141 | DN22: 35617.889 | DO22: 63465.276 | DP22: 12196.002 | DQ22: 8462.0774 | DR22: 15045.392 | DS22: 6144.113 | DT22: 5245.0306 | DU22: 4334.8123 | DV22: 3126.0288 | DW22: 8452.5693 | DX22: 7918.6573 | DY22: 34034.742 | DZ22: 31175.263 | EA22: 19322.54 | EB22: 17821.434 | EC22: 27866.383 | ED22: 23431.84 | EE22: 3851.04 | EF22: 7593.16 | EG22: 340.94 | EH22: 3679 | EI22: 4103.5 | EJ22: 11162.35 | EK22: 42131.5 | EL22: 28573.62 | EM22: 22424.92 | EN22: 12594.43 | EO22: 6876.11 | EP22: 7332 | EQ22: 2205 | ER22: 12433 | ES22: 0 | ET22: 0 | EU22: 2151 | EV22: 1733 | EW22: 22941 | EX22: 21046 | EY22: 18135 | EZ22: 17791 | FA22: 9802
B23: =EOMONTH(B22,1) -> 42035 | C23: 7114.4306 | D23: 105.6864 | E23: 17 | F23: 6637.9951 | G23: 445276.92 | H23: 13283.767 | I23: 60946.992 | J23: 4048.9937 | K23: 40233.395 | L23: 7720.8195 | M23: 5411.153 | N23: 422.37384 | O23: 8809.2644 | P23: 889.71 | Q23: N/A | R23: 3850.1759 | S23: 124933.71 | T23: 12115.46 | U23: 75873.288 | V23: 5586.7505 | W23: 3268.3053 | X23: 42705.643 | Y23: 83568.739 | Z23: 132743.76 | AA23: 151767.87 | AB23: 133526.61 | AC23: 3583.9233 | AD23: 54139.641 | AE23: 4280.422 | AF23: 243.92726 | AG23: -200 | AK23: NO3MN | AL23: 26788 | AM23: 41745 | AN23: 4011.4 | AO23: 31475.722 | AP23: 16947.413 | AQ23: 17397 | AR23: 24871.952 | AS23: 13154.546 | AT23: 86332.448 | AU23: 67400.711 | AV23: 96094.874 | AW23: 33156.983 | AX23: 73579.413 | AY23: 47104.116 | AZ23: 14981.577 | BA23: 24065.978 | BB23: 9349.0807 | BC23: 7129.736 | BD23: 75873.288 | BE23: 45556.224 | BF23: 27148.467 | BG23: 65543.007 | BH23: 27567.337 | BI23: 25548.998 | BJ23: 35767.892 | BK23: 8801.3735 | BL23: 24252.826 | BM23: 11059.098 | BN23: 12050.78 | BO23: 12666.524 | BP23: 7384.9369 | BQ23: 18899.532 | BR23: 41858.286 | BS23: 61398.193 | BT23: 31131.164 | BU23: 93125.531 | BV23: 29178.64 | BW23: 17675.179 | BX23: 29905.593 | BY23: 19914.615 | BZ23: 33763.147 | CA23: 15914.433 | CB23: 36380.825 | CC23: 50953.842 | CD23: 122790.17 | CE23: 132101.72 | CF23: 158422.66 | CG23: 87572.358 | CH23: 76809.727 | CI23: 77126.375 | CJ23: 11033.754 | CK23: 110321.55 | CL23: 48271.571 | CM23: 39537.591 | CN23: 23504.851 | CO23: 150774.86 | CP23: 157585.63 | CQ23: 164017.97 | CR23: 118464.65 | CS23: 75408.765 | CT23: 69078.581 | CU23: 55325.565 | CV23: 68765.122 | CW23: 107364.43 | CX23: 51094.175 | CY23: 25868.55 | CZ23: 50945.219 | DA23: 135695.66 | DB23: 86776.179 | DC23: 77613.18 | DD23: 153804.26 | DE23: 41299.622 | DF23: 70181.057 | DG23: 43147.138 | DH23: 20216.676 | DI23: 77411.019 | DJ23: 13176.328 | DK23: 26552.287 | DL23: 40310.78 | DM23: 71193.112 | DN23: 113718.26 | DO23: 58561.929 | DP23: 87261.224 | DQ23: 73132.924 | DR23: 53069.322 | DS23: 42432.573 | DT23: 48591.044 | DU23: 43447.118 | DV23: 5240.63 | DW23: 27396.773 | DX23: 28769.766 | DY23: 42816.831 | DZ23: 91251.927 | EA23: 99907.616 | EB23: 88982.26 | EC23: 41719.298 | ED23: 79888.87 | EE23: 33526.03 | EF23: 31497.81 | EG23: 35957.82 | EH23: 6520.86 | EI23: 6034.6 | EJ23: 31072.34 | EK23: 39985.32 | EL23: 62297.59 | EM23: 38103.06 | EN23: 56917.99 | EO23: 13839.72 | EP23: 45337 | EQ23: 18836 | ER23: 9775 | ES23: 3773 | ET23: 7158 | EU23: 19903 | EV23: 2669 | EW23: 26410 | EX23: 39501 | EY23: 36520 | EZ23: 32128 | FA23: 25498
B24: =EOMONTH(B23,1) -> 42063 | C24: 2009.5335 | D24: 19078.295 | E24: 1.41705 | F24: 11012.017 | G24: 439520.5 | H24: 11129.164 | I24: 71036.97 | J24: 6645.2085 | K24: 797.64849 | L24: 11284.227 | M24: 3057.69 | N24: 1257.344 | O24: 2658.7351 | P24: 5339.595 | Q24: N/A | R24: 7158.7806 | S24: 111988 | T24: 24552.234 | U24: 45556.224 | V24: 14794.295 | W24: 8704.4007 | X24: 10728.671 | Y24: 240658.59 | Z24: 111531.73 | AA24: 117689.51 | AB24: 118933 | AC24: 4469.9379 | AD24: 24024.325 | AE24: 23123.895 | AF24: 126.33387 | AG24: 300 | AK24: SO4MN32 | AL24: 20020 | AM24: 19573 | AN24: 12131 | AO24: 17838.136 | AP24: 4098.7576 | AQ24: 5569.5831 | AR24: 19339.223 | AS24: 17035.224 | AT24: 18936.261 | AU24: 35839.283 | AV24: 11837.608 | AW24: 24925.304 | AX24: 16976.932 | AY24: 13472.568 | AZ24: 21795.267 | BA24: 9516.1368 | BB24: 1589.6041 | BC24: 1476.7736 | BD24: 5586.7505 | BE24: 14794.295 | BF24: 21769.296 | BG24: 38578.324 | BH24: 35415.225 | BI24: 9990.8266 | BJ24: 12165.194 | BK24: 18406.56 | BL24: 26506.278 | BM24: 4190.5452 | BN24: 6012.8805 | BO24: 3587.0202 | BP24: 4269.8421 | BQ24: 15442.843 | BR24: 20272.451 | BS24: 49343.46 | BT24: 28026.421 | BU24: 25231.204 | BV24: 8203.5868 | BW24: 21431.727 | BX24: 2984.4509 | BY24: 4589.2401 | BZ24: 1388.2469 | CA24: 2652.799 | CB24: 5311.1062 | CC24: 18756.721 | CD24: 11879.456 | CE24: 12240.187 | CF24: 6578.72 | CG24: 13465.595 | CH24: 11908.875 | CI24: 5116.7531 | CJ24: 1109.6707 | CK24: 4876.4504 | CL24: 4379.5583 | CM24: 8511.5567 | CN24: 4688.9642 | CO24: 9358.5943 | CP24: 26749.518 | CQ24: 4407.7157 | CR24: 11975.132 | CS24: 5361.3087 | CT24: 7550.318 | CU24: 3308.2661 | CV24: 5463.9422 | CW24: 2772.057 | CX24: 3477.7017 | CY24: 2391.1044 | CZ24: 9057.091 | DA24: 12914.869 | DB24: 14024.093 | DC24: 8874.4371 | DD24: 8720.4512 | DE24: 13038.109 | DF24: 13380.186 | DG24: 3874.9878 | DH24: 6018.3463 | DI24: 3008.1726 | DJ24: 2201.1777 | DK24: 3616.6894 | DL24: 8601.9891 | DM24: 24189.286 | DN24: 18145.591 | DO24: 9126.4906 | DP24: 1619.5498 | DQ24: 10888.985 | DR24: 1678.8571 | DS24: 8497.4594 | DT24: 3517.0553 | DU24: 6746.8173 | DV24: 1255.7873 | DW24: 3524.5357 | DX24: 3053.7641 | DY24: 18577.173 | DZ24: 11052.395 | EA24: 10710.411 | EB24: 8094.4041 | EC24: 5378.5463 | ED24: 4029.86 | EE24: 1553.42 | EF24: 1665.78 | EG24: 2090.79 | EH24: 27173.07 | EI24: 2579.53 | EJ24: 26305.02 | EK24: 13483.12 | EL24: 12749.27 | EM24: 7284.29 | EN24: 6619.32 | EO24: 6463.59 | EP24: 4977 | EQ24: 4512 | ER24: 1937 | ES24: 2056 | ET24: 1765 | EU24: 1831 | EV24: 6780 | EW24: 14033 | EX24: 14533 | EY24: 4395 | EZ24: 4082 | FA24: 1670
B25: =EOMONTH(B24,1) -> 42094 | C25: 30915.26 | D25: 31388.72 | E25: 2552.4561 | F25: 10487.734 | G25: 364145.62 | H25: 10918.019 | I25: 93727.02 | J25: 13050.885 | K25: 13067.236 | L25: 9714.7188 | M25: 5615.1562 | N25: 305.28316 | O25: 15484.738 | P25: 2421.061 | Q25: N/A | R25: 4678.6979 | S25: 122395.77 | T25: 24943.852 | U25: 27148.467 | V25: 21769.296 | W25: 41918.06 | X25: 19771.725 | Y25: 80955.571 | Z25: 140126.86 | AA25: 130330.77 | AB25: 345732.35 | AC25: 13001.919 | AD25: 63377.896 | AE25: 22101.733 | AF25: -162.20984 | AG25: 2348.3326 | AK25: NPK2800 | AL25: 17314 | AM25: 8019 | AN25: 4611.2 | AO25: 6919.0344 | AP25: 8268.3322 | AQ25: 6975.8342 | AR25: 11324.35 | AS25: 6772.0315 | AT25: 32418.375 | AU25: 8404.5662 | AV25: 17514.754 | AW25: 2858.4045 | AX25: 9788.0869 | AY25: 10537.485 | AZ25: 2577.8972 | BA25: 4241.1454 | BB25: 2862.9492 | BC25: 6031.425 | BD25: 3268.3053 | BE25: 8704.4007 | BF25: 41918.06 | BG25: 13741.355 | BH25: 13799.857 | BI25: 5719.1019 | BJ25: 16658.697 | BK25: 4740.1916 | BL25: 3407.4308 | BM25: 7004.3309 | BN25: 1830.1264 | BO25: 3265.4773 | BP25: 8610.7015 | BQ25: 7688.6795 | BR25: 48412.264 | BS25: 10392.662 | BT25: 12925.114 | BU25: 8455.6011 | BV25: 13590.421 | BW25: 5316.3773 | BX25: 6969.0599 | BY25: 5834.9913 | BZ25: 6171.8331 | CA25: 3420.0336 | CB25: 14330.6 | CC25: 2356.1593 | CD25: 38863.703 | CE25: 8627.7994 | CF25: 11553.576 | CG25: 6527.5102 | CH25: 6468.7285 | CI25: 3447.097 | CJ25: 1169.3 | CK25: 7846.6958 | CL25: 5528.9175 | CM25: 10762.208 | CN25: 9457.064 | CO25: 15931.367 | CP25: 13870.726 | CQ25: 8176.4472 | CR25: 12389.372 | CS25: 5542.9663 | CT25: 3231.848 | CU25: 1108.1917 | CV25: 3009.348 | CW25: 8629.4874 | CX25: 4029.8313 | CY25: 4986.5867 | CZ25: 14963.083 | DA25: 14928.404 | DB25: 8430.6283 | DC25: 8858.4374 | DD25: 7334.15 | DE25: 5245.6647 | DF25: 3591.6743 | DG25: 4121.5533 | DH25: 2125.2458 | DI25: 7043.3545 | DJ25: 10622.315 | DK25: 327.684 | DL25: 8485.7058 | DM25: 7223.8843 | DN25: 7051.2225 | DO25: 6836.2 | DP25: 10344.4 | DQ25: 1164.9576 | DR25: 5199.666 | DS25: 4734.4264 | DT25: 4322.3442 | DU25: 5936.4973 | DV25: 3228.5198 | DW25: 4844.5411 | DX25: 4716.8718 | DY25: 9538.2645 | DZ25: 10982.358 | EA25: 18722.199 | EB25: 5839.1875 | EC25: 8833.721 | ED25: 4795.56 | EE25: 5252.87 | EF25: 3022.7 | EG25: 2443.96 | EH25: 7620.94 | EI25: 2464.04 | EJ25: 21813.71 | EK25: 11935.24 | EL25: 7152.09 | EM25: 4139.65 | EN25: 5289.88 | EO25: 4501.53 | EP25: 3169 | EQ25: 5247 | ER25: 8122 | ES25: 6350 | ET25: 5408 | EU25: 2630 | EV25: 4979 | EW25: 4611 | EX25: 25573 | EY25: 5160 | EZ25: 7270 | FA25: 1687
B26: =EOMONTH(B25,1) -> 42124 | C26: 8811.466 | E26: 45489.819 | F26: 10299.196 | G26: 376340.38 | H26: 10221.484 | I26: 157295.12 | J26: 9016.2242 | K26: 15574.868 | L26: 24047.631 | M26: 18417.118 | N26: 5647.043 | O26: 2228.6293 | P26: 2504.505 | Q26: N/A | R26: 9153.1815 | S26: 122377 | T26: 28006.103 | U26: 65543.007 | V26: 38578.324 | W26: 13741.355 | X26: 21813.422 | Y26: 256782.32 | Z26: 174425.52 | AA26: 173665.4 | AB26: 446922.18 | AC26: 14905.448 | AD26: 152166.43 | AE26: 16126.472 | AF26: 455.69492 | AG26: 150 | AK26: NPKNPHURCDI | AL26: 1549 | AM26: 8820 | AN26: 13749 | AO26: 90194.108 | AP26: 90746.535 | AQ26: 85441.767 | AR26: 153130.92 | AS26: 96290.16 | AT26: 44235.738 | AU26: 56818.163 | AV26: 6300 | AW26: 1760.4557 | AX26: 3150 | AY26: 6049.9014 | AZ26: 7706.0382 | BA26: 72268.622 | BB26: 42713.939 | BC26: 26366.811 | BD26: 42705.643 | BE26: 10728.671 | BF26: 19771.725 | BG26: 21813.422 | BH26: 4865.4494 | BI26: 1890 | BJ26: -4951 | BK26: 0 | BL26: 1492.6414 | BM26: 36079.73 | BN26: 85296.159 | BO26: 34767.238 | BP26: 31025.971 | BQ26: 38262.682 | BR26: 30922.017 | BS26: 24416.297 | BT26: 6404.8924 | BU26: 366.441 | BV26: 3150 | BW26: 0 | BX26: 1896 | BY26: 56289.533 | BZ26: 24102.347 | CA26: 40869.029 | CB26: 10412.908 | CC26: 8977.546 | CD26: 40809.943 | CE26: 16177.479 | CF26: 2966.426 | CG26: 1516.8 | CH26: 3723.75 | CI26: 17.19 | CJ26: 0 | CK26: 42516.908 | CL26: 65449.92 | CM26: 52298 | CN26: 47381.04 | CO26: 43284.39 | CP26: 12608.4 | CQ26: 14163.682 | CR26: 12671.6 | CS26: 1516.8 | CT26: 6730.8 | CU26: 0 | CV26: 3779.641 | CW26: 36557.436 | CX26: 46392.081 | CY26: 39092.956 | CZ26: 87750.57 | DA26: 41332.8 | DB26: 39905.096 | DC26: 21224.082 | DD26: 8621.401 | DE26: 8974.4 | DF26: 208.626 | DG26: 0 | DH26: 1327.2 | DI26: 16387.583 | DJ26: 48908.955 | DK26: 29132.504 | DL26: 71464.798 | DM26: 52052.16 | DN26: 32851.922 | DO26: 40744.357 | DP26: 11856.882 | DQ26: 5056 | DR26: 0 | DS26: 3324.96 | DT26: 31341.863 | DU26: 16235.371 | DV26: 41065.058 | DW26: 68676.974 | DX26: 12073.608 | DY26: 67179.095 | DZ26: 29540.523 | EA26: 27453.463 | EB26: 19257.106 | EC26: 11413.92 | ED26: 17114.56 | EE26: 8532.64 | EF26: 14719.65 | EG26: 17974.08 | EH26: 58155.78 | EI26: 71390.29 | EJ26: 76398.76 | EK26: 11944.8 | EL26: 8633.65 | EM26: 1738.55 | EN26: 3639.38 | EO26: 0 | EP26: 0 | EQ26: 4001 | ER26: 6658 | ES26: 4805 | ET26: 7548 | EU26: 14543 | EV26: 10713 | EW26: 13723 | EX26: 442 | EY26: 2794 | EZ26: 379 | FA26: 3160
B27: =EOMONTH(B26,1) -> 42155 | C27: 443.6364 | D27: 2797.6785 | E27: 115 | F27: 4569.6325 | G27: 189041 | H27: 4945.5351 | I27: 96082.073 | J27: 2814.6059 | K27: 17781.701 | L27: 7282.677 | M27: 25316.456 | N27: 945.7294 | O27: 8403.7688 | P27: 889.705 | Q27: N/A | R27: 1717.1766 | S27: 76674 | T27: 11315.016 | U27: 27567.337 | V27: 35415.225 | W27: 13799.857 | X27: 4865.4494 | Y27: 45649.77 | Z27: 94056 | AA27: 81279.141 | AB27: 195544 | AC27: 5124.9059 | AD27: 38123.707 | AE27: 14821.228 | AF27: 289.81954 | AG27: 0 | AK27: NPKPHOS75 | AL27: 53517.5 | AM27: 163243.3 | AN27: 79144 | AO27: 225649.47 | AP27: 159391.36 | AQ27: 170246.44 | AR27: 238923.7 | AS27: 146164.72 | AT27: 121230.67 | AU27: 126580.41 | AV27: 27077.858 | AW27: 53178 | AX27: 17340.306 | AY27: 32129.175 | AZ27: 44248.585 | BA27: 133056.72 | BB27: 105312.79 | BC27: 128353.97 | BD27: 83568.739 | BE27: 240658.59 | BF27: 80955.571 | BG27: 256782.32 | BH27: 45649.77 | BI27: 64108.994 | BJ27: 22641.412 | BK27: 3293.3866 | BL27: 33006.171 | BM27: 102312.75 | BN27: 125620.34 | BO27: 91760 | BP27: 108509.42 | BQ27: 89344.942 | BR27: 121180.83 | BS27: 96937 | BT27: 69862.81 | BU27: 24120 | BV27: 24894.029 | BW27: 17370 | BX27: 26665.931 | BY27: 103108.74 | BZ27: 129303.66 | CA27: 81657.442 | CB27: 74989.917 | CC27: 67506.189 | CD27: 56546.705 | CE27: 35871.214 | CF27: 51406.867 | CG27: 45089.817 | CH27: 26108.045 | CI27: 8489 | CJ27: 23397.392 | CK27: 107344.38 | CL27: 112573.5 | CM27: 86784.5 | CN27: 87421.848 | CO27: 87064.499 | CP27: 70734.501 | CQ27: 45809.079 | CR27: 20514.157 | CS27: 21508.994 | CT27: 7744.6158 | CU27: 6396 | CV27: 37465.165 | CW27: 102094.89 | CX27: 116267.57 | CY27: 94555.504 | CZ27: 141174.15 | DA27: 61473.407 | DB27: 60722.143 | DC27: 45623 | DD27: 10436.372 | DE27: 17614 | DF27: 6563.2692 | DG27: 2186.5 | DH27: 23382.355 | DI27: 84049.523 | DJ27: 110966.99 | DK27: 71079 | DL27: 121442.25 | DM27: 67477.75 | DN27: 78530.21 | DO27: 92772 | DP27: 41316.38 | DQ27: 4193.774 | DR27: 11064.767 | DS27: 7981.879 | DT27: 23907.493 | DU27: 76068.459 | DV27: 105126.87 | DW27: 82968.345 | DX27: 96935.806 | DY27: 100197.94 | DZ27: 65197.34 | EA27: 49985.54 | EB27: 36911.877 | EC27: 39541.1 | ED27: 30902.48 | EE27: 23971.63 | EF27: 42012.35 | EG27: 118772.08 | EH27: 112707.43 | EI27: 157733.69 | EJ27: 136240.73 | EK27: 55727.9 | EL27: 106996.05 | EM27: 76520.95 | EN27: 98978.36 | EO27: 80445 | EP27: 12843 | EQ27: 69757 | ER27: 37369 | ES27: 107767 | ET27: 144566 | EU27: 80058 | EV27: 131259 | EW27: 61666 | EX27: 76024 | EY27: 85209 | EZ27: 60128 | FA27: 28570
B28: =EOMONTH(B27,1) -> 42185 | C28: 2058.2469 | D28: 467.7227 | E28: 54430.647 | F28: 2640.788 | G28: 55288.029 | H28: 6623.2278 | I28: 69066.66 | J28: 4305.051 | K28: 14431.316 | L28: 11918.838 | M28: 38718.248 | N28: 269.8 | O28: 16450.001 | P28: 387.20075 | Q28: N/A | R28: 4825.781 | S28: 22625 | T28: 14990.096 | U28: 25548.998 | V28: 9990.8266 | W28: 5719.1019 | X28: 1890 | Y28: 64108.994 | Z28: 30015 | AA28: 5481.5556 | AB28: 49837 | AC28: -6228.4742 | AD28: 43036.433 | AE28: 3805.4955 | AF28: 181.6306 | AG28: 0 | AK28: NPKKCL62 | AL28: 9950 | AM28: 15558 | AN28: 47207 | AO28: 199211 | AP28: 244445.92 | AQ28: 213673.07 | AR28: 189651.99 | AS28: 169524.8 | AT28: 149390 | AU28: 199607.32 | AV28: 115593.68 | AW28: 30000 | AX28: 26.3154 | AY28: 25432.025 | AZ28: 49949.668 | BA28: 180183.09 | BB28: 134980 | BC28: 176360.18 | BD28: 132743.76 | BE28: 111531.73 | BF28: 140126.86 | BG28: 174425.52 | BH28: 94056 | BI28: 30015 | BJ28: 75.79196 | BK28: 4990 | BL28: 74930.071 | BM28: 170297.23 | BN28: 200223.14 | BO28: 190005 | BP28: 115111.53 | BQ28: 157223.1 | BR28: 155374.08 | BS28: 140015 | BT28: 89995 | BU28: 10000 | BV28: 69.888 | BW28: 9.888 | BX28: 30144.902 | BY28: 145172.48 | BZ28: 190083.94 | CA28: 128740.48 | CB28: 130187.94 | CC28: 115068 | CD28: 100251.1 | CE28: 100167.22 | CF28: 59995 | CG28: 10146.784 | CH28: 0 | CI28: 0 | CJ28: 43916 | CK28: 106804 | CL28: 169332 | CM28: 182868 | CN28: 76568 | CO28: 142047.05 | CP28: 90891.48 | CQ28: 136984 | CR28: 70782.48 | CS28: 0 | CT28: 0 | CU28: 0 | CV28: 50000 | CW28: 81029.463 | CX28: 154430.48 | CY28: 103503.48 | CZ28: 143157.92 | DA28: 104699.78 | DB28: 89587.48 | DC28: 100199.96 | DD28: 74276.447 | DE28: 0 | DF28: 10072.48 | DG28: 10019.982 | DH28: 23850.029 | DI28: 98639.48 | DJ28: 151492 | DK28: 104993.02 | DL28: 150000 | DM28: 115010 | DN28: 118397.48 | DO28: 129785 | DP28: 80159.155 | DQ28: 10162.608 | DR28: 7.491 | DS28: 9.36375 | DT28: 19445 | DU28: 96794.504 | DV28: 129890.78 | DW28: 135005 | DX28: 135005 | DY28: 119949.49 | DZ28: 115010.62 | EA28: 115001.45 | EB28: 70838.728 | EC28: 20112.462 | ED28: 10030.6 | EE28: 13.29 | EF28: 17408.29 | EG28: 69833.29 | EH28: 115084.75 | EI28: 130010 | EJ28: 104833.29 | EK28: 100003.29 | EL28: 114897.47 | EM28: 104998.29 | EN28: 70008.29 | EO28: 10000 | EP28: 9998 | EQ28: 106 | ER28: 25064 | ES28: 60000 | ET28: 125010 | EU28: 125002 | EV28: 95010 | EW28: 69995 | EX28: 80003 | EY28: 115010 | EZ28: 100005 | FA28: 0
B29: =EOMONTH(B28,1) -> 42216 | C29: 879.3361 | D29: 2395.2209 | E29: 48740.303 | F29: 4600.0756 | G29: 19165.729 | H29: 6730.6342 | I29: 87446.863 | J29: 2255.6361 | K29: 7794.2575 | L29: 11555.322 | M29: 16843.54 | N29: 6701.6546 | O29: 8809.2644 | P29: 4759.3245 | Q29: N/A | R29: 2974.243 | S29: 6238 | T29: 14499.526 | U29: 35767.892 | V29: 12165.194 | W29: 16658.697 | X29: -4951 | Y29: 22641.412 | Z29: 75.79196 | AA29: 711.1979 | AB29: 25235.715 | AC29: 12420.442 | AD29: 36109.511 | AE29: 5431.303 | AF29: 12.76885 | AG29: 0 | AK29: NPKKNO3 | AL29: 157 | AM29: 35774 | AN29: 50532 | AO29: 211755.86 | AP29: 269839.69 | AQ29: 215438.87 | AR29: 260118.32 | AS29: 182641.56 | AT29: 138561.12 | AU29: 158663.92 | AV29: 139438.93 | AW29: 205.0302 | AX29: 3525.802 | AY29: 58103.737 | AZ29: 14704.623 | BA29: 177642.87 | BB29: 162596.43 | BC29: 160058.69 | BD29: 151767.87 | BE29: 117689.51 | BF29: 130330.77 | BG29: 173665.4 | BH29: 81279.141 | BI29: 5481.5556 | BJ29: 711.1979 | BK29: 29155.722 | BL29: 58268.592 | BM29: 149143.92 | BN29: 210781.72 | BO29: 199158.49 | BP29: 143736.84 | BQ29: 163352.43 | BR29: 183069.38 | BS29: 164243.56 | BT29: 197850.22 | BU29: 70162.229 | BV29: 50663.197 | BW29: 15234.604 | BX29: 96329.124 | BY29: 218956.79 | BZ29: 192210.76 | CA29: 155004.01 | CB29: 131413.08 | CC29: 110261.21 | CD29: 93407.717 | CE29: 95635.927 | CF29: 91928.978 | CG29: 9966.5808 | CH29: 1051.1281 | CI29: 3182.854 | CJ29: 82466.105 | CK29: 172986.85 | CL29: 230478 | CM29: 171414.67 | CN29: 154572.28 | CO29: 141777.81 | CP29: 78656.542 | CQ29: 126426.32 | CR29: 106400.34 | CS29: 8430.9676 | CT29: 5299.334 | CU29: 6479.7489 | CV29: 92195.401 | CW29: 209563.41 | CX29: 248872.75 | CY29: 169429.16 | CZ29: 202861.46 | DA29: 164759.66 | DB29: 147671.29 | DC29: 170352.73 | DD29: 151325 | DE29: 1536.4215 | DF29: 32156.947 | DG29: 18602.24 | DH29: 46351.896 | DI29: 149815.72 | DJ29: 235093.25 | DK29: 192179.69 | DL29: 246012.34 | DM29: 246743.09 | DN29: 197120.13 | DO29: 198045.44 | DP29: 136758.22 | DQ29: 17002.21 | DR29: 6420 | DS29: 12146.497 | DT29: 34661.475 | DU29: 216713.74 | DV29: 239459.48 | DW29: 242252.2 | DX29: 247285.68 | DY29: 209332.23 | DZ29: 167833.95 | EA29: 158339.54 | EB29: 132802.77 | EC29: 50598.034 | ED29: 24027.4 | EE29: 2312.09 | EF29: 45826.52 | EG29: 159954.39 | EH29: 303130.42 | EI29: 284822.69 | EJ29: 236719.37 | EK29: 222686.41 | EL29: 182743.37 | EM29: 132167.73 | EN29: 150839.01 | EO29: 1007.43 | EP29: 10274 | EQ29: 12111 | ER29: 29048 | ES29: 142867 | ET29: 219996 | EU29: 212994 | EV29: 196070 | EW29: 202476 | EX29: 159670 | EY29: 98155 | EZ29: 68996 | FA29: 19757
B30: =EOMONTH(B29,1) -> 42247 | C30: 4200.4375 | D30: 587.18518 | E30: 75 | F30: 1083.107 | G30: 21093.328 | H30: 7124.7808 | I30: 47509.562 | J30: 1597.7964 | K30: 61113.738 | L30: 5990.3896 | M30: 14064.87 | N30: 120.2985 | O30: 2658.7351 | P30: 96.0725 | Q30: N/A | R30: 1775.0438 | S30: 3813 | T30: 22224.122 | U30: 8801.3735 | V30: 18406.56 | W30: 4740.1916 | X30: 0 | Y30: 3293.3866 | Z30: 4990 | AA30: 29155.722 | AB30: 12432.185 | AC30: 1944.7568 | AD30: 21644 | AE30: 2187.1887 | AF30: 323.17361 | AG30: 15 | AK30: NPKU32 | AL30: 37593 | AM30: 41107 | AN30: 87444 | AO30: 392396.69 | AP30: 393754 | AQ30: 294890.3 | AR30: 219008.3 | AS30: 226647 | AT30: 362808 | AU30: 522302.85 | AV30: 363394 | AW30: 74759 | AX30: 24768.097 | AY30: 47310 | AZ30: 73087.185 | BA30: 331440.5 | BB30: 245194 | BC30: 208160 | BD30: 133526.61 | BE30: 118933 | BF30: 345732.35 | BG30: 446922.18 | BH30: 195544 | BI30: 49837 | BJ30: 25235.715 | BK30: 12432.185 | BL30: 112444 | BM30: 272577.67 | BN30: 285034 | BO30: 203134.18 | BP30: 138508 | BQ30: 90738.165 | BR30: 312731.76 | BS30: 378361 | BT30: 180220.24 | BU30: 28151.004 | BV30: 18562.079 | BW30: 16235 | BX30: 65126.079 | BY30: 215476.64 | BZ30: 283165 | CA30: 169915.79 | CB30: 137617.5 | CC30: 139929.96 | CD30: 210456 | CE30: 213242.22 | CF30: 149761.14 | CG30: 22696 | CH30: 14561.618 | CI30: 22204 | CJ30: 35400.895 | CK30: 177113.89 | CL30: 224892.66 | CM30: 197374 | CN30: 132080.31 | CO30: 129293.75 | CP30: 207857.04 | CQ30: 264533.6 | CR30: 144763.1 | CS30: 16640 | CT30: 23400.84 | CU30: 63831.985 | CV30: 44358.311 | CW30: 163815 | CX30: 193388.89 | CY30: 138910.41 | CZ30: 141977.66 | DA30: 143878.75 | DB30: 263048.31 | DC30: 272334.75 | DD30: 109731.81 | DE30: 17283 | DF30: 16277.306 | DG30: 10162.411 | DH30: 52952.621 | DI30: 156118.39 | DJ30: 170702.5 | DK30: 119959.66 | DL30: 136360.5 | DM30: 131916.82 | DN30: 228496.19 | DO30: 236378.22 | DP30: 133262.12 | DQ30: 18366 | DR30: 20715.717 | DS30: 18570.718 | DT30: 73630.317 | DU30: 135271.62 | DV30: 160372.72 | DW30: 146398.48 | DX30: 162366.62 | DY30: 137586.8 | DZ30: 225045.47 | EA30: 249312.45 | EB30: 153391.04 | EC30: 38425.387 | ED30: 18279.16 | EE30: 29353.25 | EF30: 51761 | EG30: 106285.72 | EH30: 167143.46 | EI30: 132147.55 | EJ30: 105749 | EK30: 37040.91 | EL30: 205899.23 | EM30: 246739.29 | EN30: 152803.5 | EO30: 37858.2 | EP30: 12584 | EQ30: 9700 | ER30: 54170 | ES30: 98959 | ET30: 202613 | EU30: 159713 | EV30: 134625 | EW30: 134069 | EX30: 173759 | EY30: 193560 | EZ30: 342492 | FA30: 18649
B31: =EOMONTH(B30,1) -> 42277 | C31: 6430.5979 | D31: 2787.9255 | E31: 28.3824 | F31: 2248.4662 | G31: 116469.21 | H31: 10016.242 | I31: 80389.884 | J31: 2930.4992 | K31: 6868.8558 | L31: 9971.387 | M31: 8055.7374 | N31: 12039.258 | O31: 15484.738 | P31: 408.785 | Q31: N/A | R31: 1161.0647 | S31: 48675 | T31: 28942.29 | U31: 24252.826 | V31: 26506.278 | W31: 3407.4308 | X31: 1492.6414 | Y31: 33006.171 | Z31: 74930.071 | AA31: 58268.592 | AB31: 112444 | AC31: -8981.7614 | AD31: 20181.342 | AE31: 9441.8028 | AF31: 118.06441 | AG31: 47.7 | AK31: NPKUREA | AL31: 14146 | AM31: 5424 | AN31: 666 | AO31: 6466.8418 | AP31: 5446.9238 | AQ31: 3152.7747 | AR31: 11414.671 | AS31: 11850.042 | AT31: 11235.412 | AU31: 20524.032 | AV31: 11055.301 | AW31: 5180.9789 | AX31: 16235.961 | AY31: 3819.211 | AZ31: 1144.7169 | BA31: 2791.167 | BB31: 2274.372 | BC31: 2687.2395 | BD31: 3583.9233 | BE31: 4469.9379 | BF31: 13001.919 | BG31: 14905.448 | BH31: 5124.9059 | BI31: -6228.4742 | BJ31: 12420.442 | BK31: 1944.7568 | BL31: -8981.7614 | BM31: 4139.1185 | BN31: 1002.5556 | BO31: 731.44346 | BP31: 8555.4466 | BQ31: 4817.3416 | BR31: 20905.789 | BS31: 2801.2492 | BT31: 7707.5462 | BU31: 11550.726 | BV31: 17271.187 | BW31: 599.9816 | BX31: 528.367 | BY31: 2195.9429 | BZ31: 873.12434 | CA31: 1307.7247 | CB31: 12241.362 | CC31: 907.42275 | CD31: 8815.6507 | CE31: 4613.0021 | CF31: 15031.737 | CG31: 8322.9577 | CH31: 24335.612 | CI31: 1852.3328 | CJ31: 80.42845 | CK31: 1246.3989 | CL31: 1040.6841 | CM31: 2733.8825 | CN31: 4784.3591 | CO31: 5280.9278 | CP31: 5716.9116 | CQ31: 9171.1072 | CR31: 1100.3463 | CS31: 10440.412 | CT31: 24913.605 | CU31: 1018.9805 | CV31: 218.1275 | CW31: 877.98525 | CX31: 4495.3184 | CY31: 2643.5391 | CZ31: 10638.999 | DA31: 5432.2617 | DB31: 3902.6821 | DC31: 8788.903 | DD31: 13217.119 | DE31: 6676.1962 | DF31: 16834.758 | DG31: 3408.7464 | DH31: 3266.9289 | DI31: 3596.0287 | DJ31: 3447.3565 | DK31: 3808.4383 | DL31: 16569.952 | DM31: 2954.411 | DN31: 5668.7897 | DO31: 610.5146 | DP31: 10480.627 | DQ31: 3555.7379 | DR31: 16626.536 | DS31: -15672.512 | DT31: -342.4942 | DU31: 337.8028 | DV31: 1168.8122 | DW31: -1506.615 | DX31: 4924.7372 | DY31: 5858.1482 | DZ31: 64426.891 | EA31: 21222.668 | EB31: 17710.076 | EC31: 18537.96 | ED31: 35845.04 | EE31: 9654.29 | EF31: 3462.78 | EG31: 2274.6 | EH31: 3473.31 | EI31: 6123.23 | EJ31: 33404.53 | EK31: 73229.3 | EL31: 41296 | EM31: 21420.36 | EN31: 2321.77 | EO31: 20656.59 | EP31: 5965 | EQ31: 5762 | ER31: 2522 | ES31: 4793 | ET31: 20622 | EU31: 22958 | EV31: 21666 | EW31: 7042 | EX31: 12344 | EY31: 12580 | EZ31: 24948 | FA31: 7164
B32: =EOMONTH(B31,1) -> 42308 | C32: -3079.9092 | D32: -1486.7393 | E32: 61.7044 | F32: 3888.1289 | G32: 485642.17 | H32: 3812.8856 | I32: 35481.96 | J32: 3785.8808 | K32: 12421.734 | L32: 6403.3728 | M32: 24241.257 | N32: -5498.2394 | O32: 2228.6293 | P32: 559.46 | Q32: N/A | R32: 2961.3438 | S32: 119280 | T32: -15632.197 | U32: 11059.098 | V32: 4190.5452 | W32: 7004.3309 | X32: 36079.73 | Y32: 102312.75 | Z32: 170297.23 | AA32: 149143.92 | AB32: 272577.67 | AC32: 4139.1185 | AD32: 8757.7242 | AE32: 2699.5102 | AF32: 348.53422 | AG32: 34.5 | AK32: NO3ZN | AL32: 43798 | AM32: 35629 | AN32: 4643 | AO32: 44911.92 | AP32: 8292.4718 | AQ32: 3800 | AR32: 8996.6255 | AS32: 9804.1362 | AT32: 100878 | AU32: 69326.08 | AV32: 115661.95 | AW32: 38913.843 | AX32: 75645.925 | AY32: 33750.539 | AZ32: 20007.871 | BA32: 19782.911 | BB32: 5919.849 | BC32: 3433.7744 | BD32: 54139.641 | BE32: 24024.325 | BF32: 63377.896 | BG32: 152166.43 | BH32: 38123.707 | BI32: 43036.433 | BJ32: 36109.511 | BK32: 21644 | BL32: 20181.342 | BM32: 8757.7242 | BN32: 13874.683 | BO32: 8954.3936 | BP32: 5364.7799 | BQ32: 16246.667 | BR32: 83473.674 | BS32: 41532.285 | BT32: 77884.811 | BU32: 92934.403 | BV32: 27363.912 | BW32: 22038.126 | BX32: 28107.471 | BY32: 15422.337 | BZ32: 27756.347 | CA32: 13258.079 | CB32: 33832.773 | CC32: 54491.507 | CD32: 116744.65 | CE32: 102633.38 | CF32: 53829.696 | CG32: 86100.851 | CH32: 78920.691 | CI32: 77586.886 | CJ32: 8804.95 | CK32: 92136.046 | CL32: 46441.43 | CM32: 85726.219 | CN32: 23430.29 | CO32: 132681.33 | CP32: 167617.76 | CQ32: 164001.42 | CR32: 71649.837 | CS32: 66618.392 | CT32: 115023.43 | CU32: 75498.253 | CV32: 83278.183 | CW32: 99591.503 | CX32: 48641.347 | CY32: 20902.8 | CZ32: 58367.277 | DA32: 110851.8 | DB32: 90074.943 | DC32: 77129.193 | DD32: 148354.84 | DE32: 42378.038 | DF32: 72447.791 | DG32: 44733.989 | DH32: 26882.575 | DI32: 68056.486 | DJ32: 10158.429 | DK32: 21427.397 | DL32: 30199.551 | DM32: 67650.65 | DN32: 112690.96 | DO32: 61184.206 | DP32: 79206.514 | DQ32: 82366.186 | DR32: 55486.163 | DS32: 50077.576 | DT32: 45268.928 | DU32: 47162.866 | DV32: 2649.035 | DW32: 25259.151 | DX32: 23528.593 | DY32: 39271.443 | DZ32: 80173.151 | EA32: 117115.65 | EB32: 82644.856 | EC32: 17889.025 | ED32: 69873.02 | EE32: 29928.37 | EF32: 25422.53 | EG32: 30314.15 | EH32: 49842.9 | EI32: 1043 | EJ32: 20878.46 | EK32: 24828.72 | EL32: 19032.81 | EM32: 37442.97 | EN32: 37761.84 | EO32: 12080.14 | EP32: 40973 | EQ32: 16778 | ER32: 8429 | ES32: 1534 | ET32: 3107 | EU32: 16023 | EV32: 3442 | EW32: 19883 | EX32: 43343 | EY32: 36171 | EZ32: 29212 | FA32: 25569
B33: =EOMONTH(B32,1) -> 42338 | C33: 516.8693 | D33: 254.1755 | E33: 5 | F33: 3505.0152 | G33: 583082.94 | H33: 8457.9822 | I33: 40022.562 | J33: 203.63265 | K33: 7376.5615 | L33: 1674.457 | M33: 40737.867 | N33: 64.0395 | O33: 8403.7688 | P33: 280.115 | Q33: N/A | R33: 800.09522 | S33: 178576 | T33: 4958.5236 | U33: 12050.78 | V33: 6012.8805 | W33: 1830.1264 | X33: 85296.159 | Y33: 125620.34 | Z33: 200223.14 | AA33: 210781.72 | AB33: 285034 | AC33: 1002.5556 | AD33: 13874.683 | AE33: 2249.0293 | AF33: 63.7509 | AG33: 150 | AK33: SO4ZNSTD | AL33: 3386 | AM33: 3281 | AN33: 4488 | AO33: 4545.9084 | AP33: 2139.2683 | AQ33: 4053.8232 | AR33: 8488.0069 | AS33: 15137.246 | AT33: 22520.979 | AU33: 17111.409 | AV33: 8020.2448 | AW33: 9619.6714 | AX33: 1814.3931 | AY33: 8843.4576 | AZ33: 12348.54 | BA33: 3578.4933 | BB33: 861.36238 | BC33: 952.86764 | BD33: 4280.422 | BE33: 23123.895 | BF33: 22101.733 | BG33: 16126.472 | BH33: 14821.228 | BI33: 3805.4955 | BJ33: 5431.303 | BK33: 2187.1887 | BL33: 9441.8028 | BM33: 2699.5102 | BN33: 2249.0293 | BO33: 824.5327 | BP33: 2439.4021 | BQ33: 20401.243 | BR33: 15750.615 | BS33: 28495.972 | BT33: 9964.3528 | BU33: 9892.3018 | BV33: 5510.682 | BW33: 7575.2 | BX33: 2022.1505 | BY33: 2430.5546 | BZ33: 1769.8966 | CA33: 1848.9817 | CB33: 17105.9 | CC33: 12580.96 | CD33: 16093.536 | CE33: 10617.345 | CF33: 6228.2477 | CG33: 4832.9813 | CH33: 5731.0242 | CI33: 30.241 | CJ33: 348.47231 | CK33: 2233.9746 | CL33: 358.9378 | CM33: 6173.9647 | CN33: 1145.2886 | CO33: 4480.134 | CP33: 9733.2693 | CQ33: 1372.4259 | CR33: 6514.4419 | CS33: 4803.2858 | CT33: 3098.3986 | CU33: 1865.0623 | CV33: 608.32176 | CW33: 876.23591 | CX33: 671.97146 | CY33: 931.0955 | CZ33: 15758.811 | DA33: 7236.5613 | DB33: 10318.527 | DC33: 5213.6381 | DD33: 2849.3272 | DE33: 4694.3552 | DF33: 1815.6026 | DG33: 502.46195 | DH33: 224.12195 | DI33: 788.23765 | DJ33: 1156.1477 | DK33: 1494.163 | DL33: 9518.8312 | DM33: 11671.522 | DN33: 13032.286 | DO33: 3082.453 | DP33: 1162.8105 | DQ33: 3959.5715 | DR33: 2083.0332 | DS33: 1891.2452 | DT33: -16869.287 | DU33: 386.44485 | DV33: 706.82066 | DW33: 935.71255 | DX33: 4533.2795 | DY33: 13774.331 | DZ33: 14668.366 | EA33: 9190.446 | EB33: 8241.5773 | EC33: 499.79947 | ED33: 1049.82 | EE33: 89.93 | EF33: 947.38 | EG33: 754.14 | EH33: 659.62 | EI33: 675.01 | EJ33: 3090.05 | EK33: 13959.32 | EL33: 8784.28 | EM33: 3250.86 | EN33: 29084.87 | EO33: 2126.48 | EP33: 1599 | EQ33: 1117 | ER33: 2440 | ES33: 1289 | ET33: 1331 | EU33: 810 | EV33: 7200 | EW33: 8438 | EX33: 3908 | EY33: 6413 | EZ33: 1359 | FA33: 479
B34: =EOMONTH(B33,1) -> 42369 | C34: 84308.678 | D34: 91.5357 | E34: 10 | F34: 4415.1206 | G34: 563193.47 | H34: 7928.1654 | I34: 36275.739 | J34: 2738.5464 | K34: 7169.3436 | L34: 5629.5183 | M34: 31109.463 | N34: 64.0395 | O34: 16450.001 | P34: 464.615 | Q34: N/A | R34: 1110.4838 | S34: 147591 | T34: 15177.907 | U34: 12666.524 | V34: 3587.0202 | W34: 3265.4773 | X34: 34767.238 | Y34: 91760 | Z34: 190005 | AA34: 199158.49 | AB34: 203134.18 | AC34: 731.44346 | AD34: 8954.3936 | AE34: 824.5327 | AF34: 27.3781 | AG34: 0 | AK34: EDTAFEHE | AL34: 547 | AM34: 495 | AN34: 1321.4 | AO34: 550.9644 | AP34: 598.3177 | AQ34: 436.70715 | AR34: 1423.3698 | AS34: 1492.7883 | AT34: 1305.3505 | AU34: 1828.2103 | AV34: 618.4272 | AW34: 234 | AX34: 218.7832 | AY34: 255.0132 | AZ34: 342.7948 | BA34: 580.14246 | BB34: 96.8066 | BC34: 445.95919 | BD34: 243.92726 | BE34: 126.33387 | BF34: -162.20984 | BG34: 455.69492 | BH34: 289.81954 | BI34: 181.6306 | BJ34: 12.76885 | BK34: 323.17361 | BL34: 118.06441 | BM34: 348.53422 | BN34: 63.7509 | BO34: 27.3781 | BP34: 42.1876 | BQ34: 144.36967 | BR34: 460.60866 | BS34: 531.14182 | BT34: 4300.6771 | BU34: 436.55916 | BV34: 347.29826 | BW34: 70.6079 | BX34: 75.6196 | BY34: 244.53117 | BZ34: 291.00051 | CA34: 128.72706 | CB34: 438.79233 | CC34: 41.2106 | CD34: 563.57221 | CE34: 44.8668 | CF34: 9134.6028 | CG34: 7496.4233 | CH34: 4411.1233 | CI34: 17.202 | CJ34: 12.6756 | CK34: 34.7446 | CL34: 200.7856 | CM34: 284.72462 | CN34: 835.20608 | CO34: 6738.0531 | CP34: 4754.2615 | CQ34: 383.72026 | CR34: 205.27137 | CS34: 644.01136 | CT34: 1145.9644 | CU34: 417.14006 | CV34: 56.1533 | CW34: 186.68456 | CX34: 161.9317 | CY34: 199.61011 | CZ34: 1336.7693 | DA34: 611.40657 | DB34: 598.42797 | DC34: 843.12703 | DD34: 951.9644 | DE34: 844.64471 | DF34: 931.69076 | DG34: 395.87712 | DH34: 110.18185 | DI34: 424.05007 | DJ34: 418.52003 | DK34: 13.5654 | DL34: 375.01041 | DM34: 309.23107 | DN34: 9740.545 | DO34: 941.8894 | DP34: 680.39452 | DQ34: 571.91486 | DR34: 302.6389 | DS34: 200.29093 | DT34: 434.71881 | DU34: 550.89703 | DV34: 303.28252 | DW34: 516.46642 | DX34: 548.25021 | DY34: 18378.974 | DZ34: 29029.163 | EA34: 2668.0018 | EB34: 5730.444 | EC34: 7313.0559 | ED34: 7601.27 | EE34: 235.77 | EF34: 129.17 | EG34: 84.17 | EH34: 227.51 | EI34: 2447.22 | EJ34: 9189.41 | EK34: 3090.71 | EL34: 6160.65 | EM34: 4250.79 | EN34: 529.73 | EO34: 10086.3 | EP34: 133 | EQ34: 110 | ER34: 104 | ES34: 1188 | ET34: 9034 | EU34: 14095 | EV34: 7889 | EW34: 537 | EX34: 827 | EY34: 685 | EZ34: 663 | FA34: 671
B35: =EOMONTH(B34,1) -> 42400 | C35: 232.4764 | D35: 788.38925 | E35: 657.596 | F35: 6115.3106 | G35: 389748.43 | H35: 3358.8182 | I35: 46831.67 | J35: 2491.2 | K35: 7561.3577 | L35: 6445.7091 | M35: 35799.755 | N35: 0 | O35: 5513.8825 | P35: 77.175 | Q35: N/A | R35: 2095.5861 | S35: 123492 | T35: 9418.5285 | U35: 7384.9369 | V35: 4269.8421 | W35: 8610.7015 | X35: 31025.971 | Y35: 108509.42 | Z35: 115111.53 | AA35: 143736.84 | AB35: 138508 | AC35: 8555.4466 | AD35: 5364.7799 | AE35: 2439.4021 | AF35: 42.1876 | AG35: 109.25 | AK35: EDTAACID | AL35: 0 | AM35: 31 | AN35: 119 | AO35: 31 | AP35: 109.18 | AQ35: 50.65 | AR35: 375.87 | AS35: 0 | AT35: 0 | AU35: 2298.309 | AV35: 0 | AW35: 0 | AX35: 0 | AY35: 219.374 | AZ35: 150 | BA35: 0 | BB35: 0 | BC35: 150 | BD35: -200 | BE35: 300 | BF35: 2348.3326 | BG35: 150 | BH35: 0 | BI35: 0 | BJ35: 0 | BK35: 15 | BL35: 47.7 | BM35: 34.5 | BN35: 150 | BO35: 0 | BP35: 109.25 | BQ35: 0 | BR35: 3340.7952 | BS35: 2462.1716 | BT35: 1544.0436 | BU35: 150 | BV35: 225 | BW35: 0 | BX35: 60 | BY35: 150 | BZ35: 0 | CA35: 0 | CB35: 0 | CC35: 0 | CD35: 8780.8956 | CE35: 0 | CF35: 1125 | CG35: 1992.5 | CH35: 300 | CI35: 0 | CJ35: 0 | CK35: 0 | CL35: 0 | CM35: 0 | CN35: 0 | CO35: 968.5 | CP35: 1772.3 | CQ35: 0 | CR35: 0 | CS35: 0 | CT35: 0 | CU35: 0 | CV35: 0 | CW35: 0 | CX35: 0 | CY35: 0 | CZ35: 0 | DA35: 0 | DB35: 104.1 | DC35: 156 | DD35: 0 | DE35: 1703.19 | DF35: 0 | DG35: 0 | DH35: 0 | DI35: 0 | DJ35: 0 | DK35: 0 | DL35: 0 | DM35: 0 | DN35: 1490.1 | DO35: 218.5 | DP35: 150 | DQ35: 150 | DR35: 0 | DS35: 0 | DT35: 0 | DU35: 0 | DV35: 0 | DW35: 374.90836 | DX35: 3685 | DY35: 7441.6 | DZ35: 15553.65 | EA35: 5088.2335 | EB35: 1673.35 | EC35: 2147.478 | ED35: 1491 | EE35: 0 | EF35: 0 | EG35: 150 | EH35: 17911 | EI35: 1041 | EJ35: 22201 | EK35: 647 | EL35: 2709 | EM35: 3855 | EN35: 0 | EO35: 1641 | EP35: 0 | EQ35: 0 | ER35: 0 | ES35: 2404 | ET35: 3537 | EU35: 2803 | EV35: 12 | EW35: 24 | EX35: 2677 | EY35: 0 | EZ35: 11716 | FA35: 0
B36: =EOMONTH(B35,1) -> 42429 | C36: 2460.1393 | D36: 26808.287 | E36: 281.2276 | F36: 13002.216 | G36: 635320.24 | H36: 14785.384 | I36: 77502.322 | J36: 10284.801 | K36: 18435.267 | L36: 7095.6514 | M36: 2782.5034 | N36: 1348.0395 | O36: 2239.3368 | P36: 481.715 | Q36: N/A | R36: 3319.9383 | S36: 155837.5 | T36: 50758.202 | U36: 18899.532 | V36: 15442.843 | W36: 7688.6795 | X36: 38262.682 | Y36: 89344.942 | Z36: 157223.1 | AA36: 163352.43 | AB36: 90738.165 | AC36: 4817.3416 | AD36: 16246.667 | AE36: 20401.243 | AF36: 144.36967 | AG36: 0 | AK36: EDTAZN | AL36: 0 | AM36: 0 | AN36: 0 | AO36: 0 | AP36: 0 | AQ36: 0 | AR36: 0 | AS36: 0 | AT36: 0 | AU36: 0 | AV36: 0 | AW36: 0 | AX36: 0 | AY36: 0 | AZ36: 0 | BA36: 0 | BB36: 0 | BC36: 0 | BD36: 0 | BE36: 0 | BF36: 0 | BG36: 0 | BH36: 0 | BI36: 0 | BJ36: 0 | BK36: 0 | BL36: 0 | BM36: 0 | BN36: 0 | BO36: 0 | BP36: 0 | BQ36: 0 | BR36: 0 | BS36: 0 | BT36: 0 | BU36: 0 | BV36: 0 | BW36: 0 | BX36: 0 | BY36: 0 | BZ36: 0 | CA36: 0 | CB36: 0 | CC36: 0 | CD36: 0 | CE36: 0 | CF36: 0 | CG36: 0 | CH36: 0 | CI36: 0 | CJ36: 0 | CK36: 0 | CL36: 0 | CM36: 0 | CN36: 0 | CO36: 0 | CP36: 0 | CQ36: 0 | CR36: 0 | CS36: 0 | CT36: 0 | CU36: 0 | CV36: 0 | CW36: 0 | CX36: 0 | CY36: 0 | CZ36: 0 | DA36: 0 | DB36: 0 | DC36: 0 | DD36: 0 | DE36: 0 | DF36: 0 | DG36: 0 | DH36: 0 | DI36: 0 | DJ36: 0 | DK36: 0 | DL36: 0 | DM36: 0 | DN36: 0 | DO36: 0 | DP36: 0 | DQ36: 0 | DR36: 0 | DS36: 0 | DT36: 0 | DU36: 0 | DV36: 0 | DW36: 0 | DX36: 0 | DY36: 0 | DZ36: 0 | EA36: 0 | EB36: 0 | EC36: 0 | ED36: 938.91 | EE36: 43.3 | EF36: 3.22 | EG36: 30.84 | EH36: 50.47 | EI36: 323.15 | EJ36: 1255.73 | EK36: 415.69 | EL36: 856.6 | EM36: 2719.72 | EN36: 37.13 | EO36: 401.89 | EP36: 11 | EQ36: 631 | ER36: 277 | ES36: 5390 | ET36: 335 | EU36: 1727 | EV36: 986 | EW36: 76 | EX36: 140 | EY36: 98 | EZ36: 5423 | FA36: 74
B37: =EOMONTH(B36,1) -> 42460 | C37: 1910.1506 | D37: 40093.429 | E37: 36495.108 | F37: 15007.499 | G37: 426964.23 | H37: 16365.508 | I37: 88694.426 | J37: 9407.7864 | K37: 70973.922 | L37: 10562.43 | M37: 31073.229 | N37: 484.0395 | O37: 4302.6663 | P37: 223.4925 | Q37: N/A | R37: 3693.7056 | S37: 114330 | T37: 71268.688 | U37: 41858.286 | V37: 20272.451 | W37: 48412.264 | X37: 30922.017 | Y37: 121180.83 | Z37: 155374.08 | AA37: 183069.38 | AB37: 312731.76 | AC37: 20905.789 | AD37: 83473.674 | AE37: 15750.615 | AF37: 460.60866 | AG37: 3340.7952 | AK37: SO4CU | AL37: 0 | AM37: 0 | AN37: 0 | AO37: 0 | AP37: 0 | AQ37: 0 | AR37: 0 | AS37: 0 | AT37: 0 | AU37: 0 | AV37: 0 | AW37: 0 | AX37: 0 | AY37: 0 | AZ37: 0 | BA37: 0 | BB37: 0 | BC37: 0 | BD37: 0 | BE37: 0 | BF37: 0 | BG37: 0 | BH37: 0 | BI37: 0 | BJ37: 0 | BK37: 0 | BL37: 0 | BM37: 0 | BN37: 0 | BO37: 0 | BP37: 0 | BQ37: 0 | BR37: 0 | BS37: 0 | BT37: 0 | BU37: 0 | BV37: 0 | BW37: 0 | BX37: 0 | BY37: 0 | BZ37: 0 | CA37: 0 | CB37: 0 | CC37: 0 | CD37: 0 | CE37: 0 | CF37: 0 | CG37: 0 | CH37: 0 | CI37: 0 | CJ37: 0 | CK37: 0 | CL37: 0 | CM37: 0 | CN37: 0 | CO37: 0 | CP37: 0 | CQ37: 0 | CR37: 0 | CS37: 0 | CT37: 0 | CU37: 0 | CV37: 0 | CW37: 0 | CX37: 0 | CY37: 0 | CZ37: 0 | DA37: 0 | DB37: 0 | DC37: 0 | DD37: 0 | DE37: 0 | DF37: 0 | DG37: 0 | DH37: 0 | DI37: 0 | DJ37: 0 | DK37: 0 | DL37: 0 | DM37: 0 | DN37: 0 | DO37: 0 | DP37: 0 | DQ37: 0 | DR37: 0 | DS37: 0 | DT37: 0 | DU37: 0 | DV37: 0 | DW37: 0 | DX37: 0 | DY37: 0 | DZ37: 0 | EA37: 0 | EB37: 0 | EC37: 0 | ED37: 395.29 | EE37: 1.04 | EF37: 96.51 | EG37: 162.81 | EH37: 288.84 | EI37: 21.57 | EJ37: 961.87 | EK37: 696.89 | EL37: 1050.73 | EM37: 986.09 | EN37: 30.71 | EO37: 595.33 | EP37: 1 | EQ37: 2 | ER37: 13 | ES37: 52 | ET37: 1416 | EU37: 1385 | EV37: 169 | EW37: 322 | EX37: 196 | EY37: 2 | EZ37: 1 | FA37: 31
B38: =EOMONTH(B37,1) -> 42490 | C38: 6778.9494 | D38: 15714.627 | E38: 85 | F38: 9075.6718 | G38: 405210.86 | H38: 11332.528 | I38: 162499.46 | J38: 6808.5284 | K38: 19537.354 | L38: 17142.591 | M38: 23116.12 | N38: 1327.4955 | O38: 14363.542 | P38: 445.145 | Q38: N/A | R38: 7699.762 | S38: 123464 | T38: 54257.707 | U38: 61398.193 | V38: 49343.46 | W38: 10392.662 | X38: 24416.297 | Y38: 96937 | Z38: 140015 | AA38: 164243.56 | AB38: 378361 | AC38: 2801.2492 | AD38: 41532.285 | AE38: 28495.972 | AF38: 531.14182 | AG38: 2462.1716
B39: =EOMONTH(B38,1) -> 42521 | C39: 40641.547 | D39: 1755.0705 | E39: 25602.346 | F39: 5172.3798 | G39: 303268.8 | H39: 4310 | I39: 88167.161 | J39: 7603.8871 | K39: 28119.04 | L39: 9867.1612 | M39: 6553.8421 | N39: 65.0349 | O39: 6581.1429 | P39: 49.5 | Q39: N/A | R39: 3557.6392 | S39: 155841.77 | T39: 26414.943 | U39: 31131.164 | V39: 28026.421 | W39: 12925.114 | X39: 6404.8924 | Y39: 69862.81 | Z39: 89995 | AA39: 197850.22 | AB39: 180220.24 | AC39: 7707.5462 | AD39: 77884.811 | AE39: 9964.3528 | AF39: 4300.6771 | AG39: 1544.0436
B40: =EOMONTH(B39,1) -> 42551 | C40: 13048.696 | D40: 1284.9398 | E40: 27549.01 | F40: 4071.5158 | G40: 99162.109 | H40: 3176.986 | I40: 131863.13 | J40: 13129.944 | K40: 22894.787 | L40: 16942.958 | M40: 5500.0522 | N40: 422.8425 | O40: 3030.5256 | P40: 437.3475 | Q40: N/A | R40: 6113.6596 | S40: 49854.186 | T40: 70639.403 | U40: 93125.531 | V40: 25231.204 | W40: 8455.6011 | X40: 366.441 | Y40: 24120 | Z40: 10000 | AA40: 70162.229 | AB40: 28151.004 | AC40: 11550.726 | AD40: 92934.403 | AE40: 9892.3018 | AF40: 436.55916 | AG40: 150
B41: =EOMONTH(B40,1) -> 42582 | C41: 8497.7192 | D41: 1148.4403 | E41: 71067.523 | F41: 2462.1033 | G41: 113175.28 | H41: 2623.3118 | I41: 55435.368 | J41: 4994.3539 | K41: 11461.97 | L41: 5732.305 | M41: 2987.9713 | N41: 76.0095 | O41: 3294.2432 | P41: 77.175 | Q41: N/A | R41: 2440.9552 | S41: 83823 | T41: 25532.839 | U41: 29178.64 | V41: 8203.5868 | W41: 13590.421 | X41: 3150 | Y41: 24894.029 | Z41: 69.888 | AA41: 50663.197 | AB41: 18562.079 | AC41: 17271.187 | AD41: 27363.912 | AE41: 5510.682 | AF41: 347.29826 | AG41: 225
B42: =EOMONTH(B41,1) -> 42613 | C42: 2737.3336 | D42: 462.4871 | E42: 75 | F42: 3586.0253 | G42: 52782.053 | H42: 4196.7423 | I42: 68187.354 | J42: 2674.2319 | K42: 9290.7464 | L42: 3359.7148 | M42: 15097.531 | N42: 555.411 | O42: 4068.9567 | P42: 481.715 | Q42: N/A | R42: 702.87666 | S42: 12280.636 | T42: 6669.4412 | U42: 17675.179 | V42: 21431.727 | W42: 5316.3773 | X42: 0 | Y42: 17370 | Z42: 9.888 | AA42: 15234.604 | AB42: 16235 | AC42: 599.9816 | AD42: 22038.126 | AE42: 7575.2 | AF42: 70.6079 | AG42: 0
B43: =EOMONTH(B42,1) -> 42643 | C43: 1259.615 | D43: 709.068 | E43: 25 | F43: 1452.0333 | G43: 147012.9 | H43: 3389.6932 | I43: 49868.662 | J43: 4616.3566 | K43: 9229.742 | L43: 6021.2099 | M43: 1605.4727 | N43: -949.7815 | O43: 8947.9347 | P43: 223.4925 | Q43: N/A | R43: 1028.9177 | S43: 66962 | T43: 13920.597 | U43: 29905.593 | V43: 2984.4509 | W43: 6969.0599 | X43: 1896 | Y43: 26665.931 | Z43: 30144.902 | AA43: 96329.124 | AB43: 65126.079 | AC43: 528.367 | AD43: 28107.471 | AE43: 2022.1505 | AF43: 75.6196 | AG43: 60
B44: =EOMONTH(B43,1) -> 42674 | C44: 2476.8697 | D44: 313.89975 | E44: 75 | F44: 3592.566 | G44: 610473.9 | H44: 10442.521 | I44: 27883.87 | J44: 4450.72 | K44: 11137.215 | L44: 3621.2692 | M44: 10435.234 | N44: 75.411 | O44: 13524.693 | P44: 445.145 | Q44: N/A | R44: 1356.5906 | S44: 198148 | T44: 9295.487 | U44: 19914.615 | V44: 4589.2401 | W44: 5834.9913 | X44: 56289.533 | Y44: 103108.74 | Z44: 145172.48 | AA44: 218956.79 | AB44: 215476.64 | AC44: 2195.9429 | AD44: 15422.337 | AE44: 2430.5546 | AF44: 244.53117 | AG44: 150
B45: =EOMONTH(B44,1) -> 42704 | C45: 121902.66 | D45: 111.99978 | E45: 1632.296 | F45: 3869.1429 | G45: 495397.24 | H45: 4228.4624 | I45: 27157.039 | J45: 1862.6521 | K45: 39173.552 | L45: 2928.7131 | M45: 30072.47 | N45: 629.0329 | O45: 38158.506 | P45: 49.5 | Q45: N/A | R45: 1062.8542 | S45: 147176.5 | T45: 37198.142 | U45: 33763.147 | V45: 1388.2469 | W45: 6171.8331 | X45: 24102.347 | Y45: 129303.66 | Z45: 190083.94 | AA45: 192210.76 | AB45: 283165 | AC45: 873.12434 | AD45: 27756.347 | AE45: 1769.8966 | AF45: 291.00051 | AG45: 0
B46: =EOMONTH(B45,1) -> 42735 | C46: 30265.598 | D46: 192.9132 | E46: 1636.49 | F46: 4564.0862 | G46: 381707.27 | H46: 8980.8931 | I46: 25642.008 | J46: 2494.6753 | K46: 20011.15 | L46: 3101.6035 | M46: 50641.214 | N46: 76.30875 | O46: 7017.7452 | P46: 437.3475 | Q46: N/A | R46: 1274.9439 | S46: 109775 | T46: 19102.491 | U46: 15914.433 | V46: 2652.799 | W46: 3420.0336 | X46: 40869.029 | Y46: 81657.442 | Z46: 128740.48 | AA46: 155004.01 | AB46: 169915.79 | AC46: 1307.7247 | AD46: 13258.079 | AE46: 1848.9817 | AF46: 128.72706 | AG46: 0
B47: =EOMONTH(B46,1) -> 42766 | C47: 34563.312 | D47: 1084.6793 | E47: 1612.296 | F47: 7361.1282 | G47: 418635.94 | H47: 2261.9622 | I47: 60858.83 | J47: 4733.4612 | K47: 58407.008 | L47: 5118.6834 | M47: 20907.593 | N47: 151.12125 | O47: 12987.78 | P47: 3230.415 | Q47: N/A | R47: 2518.2554 | S47: 115796 | T47: 30452.534 | U47: 36380.825 | V47: 5311.1062 | W47: 14330.6 | X47: 10412.908 | Y47: 74989.917 | Z47: 130187.94 | AA47: 131413.08 | AB47: 137617.5 | AC47: 12241.362 | AD47: 33832.773 | AE47: 17105.9 | AF47: 438.79233 | AG47: 0
B48: =EOMONTH(B47,1) -> 42794 | C48: 151.809 | D48: 28679.305 | E48: 30 | F48: 11960.71 | G48: 390019.41 | H48: 11234.501 | I48: 87400.09 | J48: 6289.3673 | K48: 100404.74 | L48: 6087.4862 | M48: 10760 | N48: 753.3129 | O48: 11178.908 | P48: 338.305 | Q48: N/A | R48: 2738.4667 | S48: 92192 | T48: 56148.91 | U48: 50953.842 | V48: 18756.721 | W48: 2356.1593 | X48: 8977.546 | Y48: 67506.189 | Z48: 115068 | AA48: 110261.21 | AB48: 139929.96 | AC48: 907.42275 | AD48: 54491.507 | AE48: 12580.96 | AF48: 41.2106 | AG48: 0
B49: =EOMONTH(B48,1) -> 42825 | C49: 2647.5904 | D49: 21163.167 | E49: 384.94 | F49: 8424.0295 | G49: 275180.83 | H49: 7843.1705 | I49: 56674.661 | J49: 6721.4284 | K49: 144792.28 | L49: 6339.2532 | M49: 14027.538 | N49: 252.1677 | O49: 11961.361 | P49: 3330.99 | Q49: N/A | R49: 5681.0741 | S49: 101203.86 | T49: 48735.701 | U49: 122790.17 | V49: 11879.456 | W49: 38863.703 | X49: 40809.943 | Y49: 56546.705 | Z49: 100251.1 | AA49: 93407.717 | AB49: 210456 | AC49: 8815.6507 | AD49: 116744.65 | AE49: 16093.536 | AF49: 563.57221 | AG49: 8780.8956
... B57: =EOMONTH(B56,1) -> 43069 | C57: 54.9616 | D57: 115.61275 | E57: 25 | F57: 3118.9327 | G57: 541083.85 | H57: 4738.7876 | I57: 30456.46 | J57: 1174.9598 | K57: 60534.282 | L57: 4709.8768 | M57: 19945.444 | N57: 637.6548 | O57: 12366.489 | P57: 516.57 | Q57: N/A | R57: 1103.1381 | S57: 163393 | T57: 5903.604 | U57: 48271.571 | V57: 4379.5583 | W57: 5528.9175 | X57: 65449.92 | Y57: 112573.5 | Z57: 169332 | AA57: 230478 | AB57: 224892.66 | AC57: 1040.6841 | AD57: 46441.43 | AE57: 358.9378 | AF57: 200.7856 | AG57: 0
B58: =EOMONTH(B57,1) -> 43100 | C58: 1025.2542 | D58: 22176.352 | E58: 0 | F58: 2502.7434 | G58: 472773.99 | H58: 10661.858 | I58: 10689.378 | J58: 3076.8867 | K58: 71973.572 | L58: 2338.8201 | M58: EDTAFEHE | N58: 0 | O58: 24637.637 | P58: 148.7 | Q58: N/A | R58: 436.4044 | S58: 159642 | T58: 5680.2001 | U58: 39537.591 | V58: 8511.5567 | W58: 10762.208 | X58: 52298 | Y58: 86784.5 | Z58: 182868 | AA58: 171414.67 | AB58: 197374 | AC58: 2733.8825 | AD58: 85726.219 | AE58: 6173.9647 | AF58: 284.72462 | AG58: 0
B59: =EOMONTH(B58,1) -> 43131 | C59: 4481.7387 | D59: 569.5759 | E59: 1612.296 | F59: 3371.9773 | G59: 438040.68 | H59: 5986.7634 | I59: 43955.296 | J59: 5233.893 | K59: 28440.049 | L59: 5438.1085 | M59: 15085.154 | N59: 152.6175 | O59: 2712.2655 | P59: 383.752 | Q59: N/A | R59: 331.683 | S59: 147833.2 | T59: 17613.311 | U59: 23504.851 | V59: 4688.9642 | W59: 9457.064 | X59: 47381.04 | Y59: 87421.848 | Z59: 76568 | AA59: 154572.28 | AB59: 132080.31 | AC59: 4784.3591 | AD59: 23430.29 | AE59: 1145.2886 | AF59: 835.20608 | AG59: 0
B60: =EOMONTH(B59,1) -> 43159 | C60: 59476.542 | D60: 17182.995 | E60: 1706.5 | F60: 15489.121 | G60: 454189.6 | H60: 7376.0789 | I60: 75088.024 | J60: 12662.6 | K60: 235326.89 | L60: 11059.702 | M60: 17435.472 | N60: 0 | O60: 5360.3473 | P60: 989.972 | Q60: N/A | R60: 1064.795 | S60: 136463 | T60: 55992.075 | U60: 150774.86 | V60: 9358.5943 | W60: 15931.367 | X60: 43284.39 | Y60: 87064.499 | Z60: 142047.05 | AA60: 141777.81 | AB60: 129293.75 | AC60: 5280.9278 | AD60: 132681.33 | AE60: 4480.134 | AF60: 6738.0531 | AG60: 968.5
B61: =EOMONTH(B60,1) -> 43190 | C61: 50579.286 | D61: 24310.732 | E61: 15011.54 | F61: 4787.3248 | G61: 287066.51 | H61: 8946.1154 | I61: 96401.69 | J61: 10478.526 | K61: 214234.96 | L61: 14487.273 | M61: 15624.748 | N61: 302.2425 | O61: 2261.6408 | P61: 1366.9275 | Q61: N/A | R61: 1910.5409 | S61: 98032 | T61: 42042.331 | U61: 157585.63 | V61: 26749.518 | W61: 13870.726 | X61: 12608.4 | Y61: 70734.501 | Z61: 90891.48 | AA61: 78656.542 | AB61: 207857.04 | AC61: 5716.9116 | AD61: 167617.76 | AE61: 9733.2693 | AF61: 4754.2615 | AG61: 1772.3
B62: =EOMONTH(B61,1) -> 43220 | C62: 4993.6291 | D62: 929.26145 | E62: 16733.966 | F62: 7169.9689 | G62: 349139.53 | H62: 7053.1778 | I62: 68719.636 | J62: 6611.1977 | K62: 133371.4 | L62: 6317.7964 | M62: 7728.0239 | N62: -1318.7637 | O62: 16640.326 | P62: 523.02 | Q62: N/A | R62: 2750.5374 | S62: 81341.6 | T62: 40978.836 | U62: 164017.97 | V62: 4407.7157 | W62: 8176.4472 | X62: 14163.682 | Y62: 45809.079 | Z62: 136984 | AA62: 126426.32 | AB62: 264533.6 | AC62: 9171.1072 | AD62: 164001.42 | AE62: 1372.4259 | AF62: 383.72026 | AG62: 0
B63: =EOMONTH(B62,1) -> 43251 | C63: 692.7191 | D63: 7510.0019 | E63: 34398.375 | F63: 6158.0225 | G63: 212200.3 | H63: 10452.402 | I63: 86488.463 | J63: 12608.294 | K63: 169728.16 | L63: 5737.6012 | M63: 518.7753 | N63: 449.625 | O63: 8473.5522 | P63: 858.765 | Q63: N/A | R63: 2447.0412 | S63: 46941 | T63: 30238.927 | U63: 118464.65 | V63: 11975.132 | W63: 12389.372 | X63: 12671.6 | Y63: 20514.157 | Z63: 70782.48 | AA63: 106400.34 | AB63: 144763.1 | AC63: 1100.3463 | AD63: 71649.837 | AE63: 6514.4419 | AF63: 205.27137 | AG63: 0
B64: =EOMONTH(B63,1) -> 43281 | C64: 31538.635 | D64: 803.27016 | E64: 70828.963 | F64: 4991.8966 | G64: 31883.481 | H64: 2510.2282 | I64: 58026.807 | J64: 6497.3402 | K64: 100281.42 | L64: 12279.767 | M64: 10820.55 | N64: 63.441 | O64: 6916.8701 | P64: 1038.4575 | Q64: N/A | R64: 2017.0038 | S64: 7401 | T64: 31523.341 | U64: 75408.765 | V64: 5361.3087 | W64: 5542.9663 | X64: 1516.8 | Y64: 21508.994 | Z64: 0 | AA64: 8430.9676 | AB64: 16640 | AC64: 10440.412 | AD64: 66618.392 | AE64: 4803.2858 | AF64: 644.01136 | AG64: 0
B65: =EOMONTH(B64,1) -> 43312 | C65: 8736.5953 | D65: 745.13858 | E65: 110898.47 | F65: 1500.443 | G65: 15230.048 | H65: 2791.5538 | I65: 52585.131 | J65: 3044.6793 | K65: 93804.4 | L65: 8353.3396 | M65: 0 | N65: 511.4205 | O65: 5053.744 | P65: 1565.58 | Q65: N/A | R65: 1563.626 | S65: 12554.455 | T65: 19467.366 | U65: 69078.581 | V65: 7550.318 | W65: 3231.848 | X65: 6730.8 | Y65: 7744.6158 | Z65: 0 | AA65: 5299.334 | AB65: 23400.84 | AC65: 24913.605 | AD65: 115023.43 | AE65: 3098.3986 | AF65: 1145.9644 | AG65: 0
B66: =EOMONTH(B65,1) -> 43343 | C66: 6563.2491 | D66: 245.85 | E66: 90 | F66: 636.37407 | G66: 4758 | H66: 383.43 | I66: 23882.944 | J66: 2260.702 | K66: 122061.54 | L66: 1883.8817 | M66: 38.553 | N66: 0 | O66: 8340.8692 | P66: 259.62 | Q66: 13750 | R66: 263.8179 | S66: 30506.2 | T66: 18688.765 | U66: 55325.565 | V66: 3308.2661 | W66: 1108.1917 | X66: 0 | Y66: 6396 | Z66: 0 | AA66: 6479.7489 | AB66: 63831.985 | AC66: 1018.9805 | AD66: 75498.253 | AE66: 1865.0623 | AF66: 417.14006 | AG66: 0
B67: =EOMONTH(B66,1) -> 43373 | C67: 12050.906 | D67: 186.5985 | E67: 28 | F67: 343.8676 | G67: 85676.59 | H67: 332 | I67: 31813.268 | J67: 3254.16 | K67: 92430.915 | L67: 6866.787 | M67: 334.1214 | N67: 150.822 | O67: 1468.8 | P67: 1895.7925 | Q67: N/A | R67: 881.99545 | S67: 37249 | T67: 10476.645 | U67: 68765.122 | V67: 5463.9422 | W67: 3009.348 | X67: 3779.641 | Y67: 37465.165 | Z67: 50000 | AA67: 92195.401 | AB67: 44358.311 | AC67: 218.1275 | AD67: 83278.183 | AE67: 608.32176 | AF67: 56.1533 | AG67: 0
B68: =EOMONTH(B67,1) -> 43404 | C68: 482.446 | D68: 244.764 | E68: 50 | F68: 3008.0087 | G68: 485105.24 | H68: 5948.24 | I68: 26366.281 | J68: 11922.386 | K68: 139051.25 | L68: 980.24611 | M68: 5427.7492 | N68: 75.411 | O68: 23218.371 | P68: -26289.128 | Q68: N/A | R68: 1691.1124 | S68: 127193.4 | T68: 14829.316 | U68: 107364.43 | V68: 2772.057 | W68: 8629.4874 | X68: 36557.436 | Y68: 102094.89 | Z68: 81029.463 | AA68: 209563.41 | AB68: 163815 | AC68: 877.98525 | AD68: 99591.503 | AE68: 876.23591 | AF68: 186.68456 | AG68: 0
B69: =EOMONTH(B68,1) -> 43434 | C69: 0 | D69: 245.7796 | E69: 0 | F69: 1914.4435 | G69: 538928.59 | H69: 4322.55 | I69: 20841.926 | J69: 1518.4126 | K69: 81963.464 | L69: 3745.4216 | M69: 6821.9853 | N69: -2349.178 | O69: 15064.171 | P69: 1061.01 | Q69: N/A | R69: 1653.5468 | S69: 161129 | T69: 12461.944 | U69: 51094.175 | V69: 3477.7017 | W69: 4029.8313 | X69: 46392.081 | Y69: 116267.57 | Z69: 154430.48 | AA69: 248872.75 | AB69: 193388.89 | AC69: 4495.3184 | AD69: 48641.347 | AE69: 671.97146 | AF69: 161.9317 | AG69: 0
B70: =EOMONTH(B69,1) -> 43465 | C70: 155.0315 | D70: 87.9 | E70: 1612.296 | F70: 2070.9831 | G70: 446121.89 | H70: 3208.3201 | I70: 22688.82 | J70: 1696.525 | K70: 32517.4 | L70: 4747.2925 | M70: 32083.598 | N70: 150.2235 | O70: 2514.2836 | P70: 1549.22 | Q70: N/A | R70: 3221.1586 | S70: 123470 | T70: 4867.6 | U70: 25868.55 | V70: 2391.1044 | W70: 4986.5867 | X70: 39092.956 | Y70: 94555.504 | Z70: 103503.48 | AA70: 169429.16 | AB70: 138910.41 | AC70: 2643.5391 | AD70: 20902.8 | AE70: 931.0955 | AF70: 199.61011 | AG70: 0
B71: =EOMONTH(B70,1) -> 43496 | C71: 677.449 | D71: 2562.9584 | E71: 205 | F71: 6997.9599 | G71: 496243.4 | H71: 7148.4225 | I71: 46921.452 | J71: 5543.4952 | K71: 69995.463 | L71: 8258.004 | M71: 43894.49 | N71: 641.2458 | O71: 18727.549 | P71: 6929.31 | Q71: N/A | R71: 645.4699 | S71: 141593 | T71: 46322.524 | U71: 50945.219 | V71: 9057.091 | W71: 14963.083 | X71: 87750.57 | Y71: 141174.15 | Z71: 143157.92 | AA71: 202861.46 | AB71: 141977.66 | AC71: 10638.999 | AD71: 58367.277 | AE71: 15758.811 | AF71: 1336.7693 | AG71: 0
B72: =EOMONTH(B71,1) -> 43524 | C72: 3007.2725 | D72: 16620.627 | E72: 150 | F72: 19864.941 | G72: 479826.85 | H72: 9538.7642 | I72: 97343.052 | J72: 14672.652 | K72: 180691.11 | L72: 9964.4692 | M72: 276.726 | N72: 225.6345 | O72: 5569.2 | P72: 2154.805 | Q72: N/A | R72: 1561.0251 | S72: 130042 | T72: 67313.233 | U72: 135695.66 | V72: 12914.869 | W72: 14928.404 | X72: 41332.8 | Y72: 61473.407 | Z72: 104699.78 | AA72: 164759.66 | AB72: 143878.75 | AC72: 5432.2617 | AD72: 110851.8 | AE72: 7236.5613 | AF72: 611.40657 | AG72: 0
B73: =EOMONTH(B72,1) -> 43555 | C73: 7689.4693 | D73: 9566.19 | E73: 27990.76 | F73: 7380.1794 | G73: 281586.77 | H73: 8791.365 | I73: 68416.039 | J73: 4984.6022 | K73: 146570.91 | L73: 8625.6503 | M73: 1451.5722 | N73: 315.411 | O73: 7582.5749 | P73: 3207.2575 | Q73: N/A | R73: 648.186 | S73: 89310 | T73: 17210.887 | U73: 86776.179 | V73: 14024.093 | W73: 8430.6283 | X73: 39905.096 | Y73: 60722.143 | Z73: 89587.48 | AA73: 147671.29 | AB73: 263048.31 | AC73: 3902.6821 | AD73: 90074.943 | AE73: 10318.527 | AF73: 598.42797 | AG73: 104.1
B74: =EOMONTH(B73,1) -> 43585 | C74: 31339.6 | D74: 540.78157 | E74: 45408.763 | F74: 6475.1044 | G74: 330245.67 | H74: 8963.9045 | I74: 97038.442 | J74: 5403.2865 | K74: 76526.743 | L74: 19543.949 | M74: 236.8132 | N74: 300 | O74: 13929.53 | P74: 1676.6256 | Q74: N/A | R74: 1335.779 | S74: 83633 | T74: 36101.009 | U74: 77613.18 | V74: 8874.4371 | W74: 8858.4374 | X74: 21224.082 | Y74: 45623 | Z74: 100199.96 | AA74: 170352.73 | AB74: 272334.75 | AC74: 8788.903 | AD74: 77129.193 | AE74: 5213.6381 | AF74: 843.12703 | AG74: 156
B75: =EOMONTH(B74,1) -> 43616 | C75: 24559 | D75: 3555.0916 | E75: 47840.142 | F75: 5004.1301 | G75: 153354.45 | H75: 3186.3788 | I75: 67670.78 | J75: 3052.1196 | K75: 218977.65 | L75: 5568.9756 | M75: 181.0686 | N75: 0 | O75: 4320.852 | P75: 989.945 | Q75: N/A | R75: 776.5835 | S75: 47994 | T75: 27855.086 | U75: 153804.26 | V75: 8720.4512 | W75: 7334.15 | X75: 8621.401 | Y75: 10436.372 | Z75: 74276.447 | AA75: 151325 | AB75: 109731.81 | AC75: 13217.119 | AD75: 148354.84 | AE75: 2849.3272 | AF75: 951.9644 | AG75: 0
B76: =EOMONTH(B75,1) -> 43646 | C76: 9535.4692 | D76: 1281.6257 | E76: 97575.747 | F76: 3134.0723 | G76: 52667.628 | H76: 2080.84 | I76: 58156.339 | J76: 6911.6467 | K76: 40696.933 | L76: 3173.5612 | M76: 5648.8755 | N76: 58.95225 | O76: 4768.7556 | P76: 90.5525 | Q76: N/A | R76: 1849.4716 | S76: 26374 | T76: 20519.287 | U76: 41299.622 | V76: 13038.109 | W76: 5245.6647 | X76: 8974.4 | Y76: 17614 | Z76: 0 | AA76: 1536.4215 | AB76: 17283 | AC76: 6676.1962 | AD76: 42378.038 | AE76: 4694.3552 | AF76: 844.64471 | AG76: 1703.19
B77: =EOMONTH(B76,1) -> 43677 | C77: 5808.7559 | D77: 477.93825 | E77: 97575.747 | F77: 1035.6074 | G77: 19855.62 | H77: 2497.8975 | I77: 60867.503 | J77: 3220.1041 | K77: 89313.509 | L77: 2879.1036 | M77: 2696.4189 | N77: 150.822 | O77: 2821.452 | P77: 382.272 | Q77: N/A | R77: 776.44166 | S77: 8745 | T77: 10516.908 | U77: 70181.057 | V77: 13380.186 | W77: 3591.6743 | X77: 208.626 | Y77: 6563.2692 | Z77: 10072.48 | AA77: 32156.947 | AB77: 16277.306 | AC77: 16834.758 | AD77: 72447.791 | AE77: 1815.6026 | AF77: 931.69076 | AG77: 0
B78: =EOMONTH(B77,1) -> 43708 | C78: 631.5371 | D78: 1215.5643 | E78: 9907.3366 | F78: 185.56875 | G78: 26612.555 | H78: 3696.1641 | I78: 27283.697 | J78: 2647.7567 | K78: 69052.491 | L78: 2570.2431 | M78: 50.481 | N78: 75.411 | O78: 3539.4236 | P78: -21686.775 | Q78: 10910 | R78: 184.1151 | S78: 5788 | T78: 3554.6473 | U78: 43147.138 | V78: 3874.9878 | W78: 4121.5533 | X78: 0 | Y78: 2186.5 | Z78: 10019.982 | AA78: 18602.24 | AB78: 10162.411 | AC78: 3408.7464 | AD78: 44733.989 | AE78: 502.46195 | AF78: 395.87712 | AG78: 0
B79: =EOMONTH(B78,1) -> 43738 | C79: 376.2955 | D79: 228.09006 | E79: 0.2838 | F79: 336.55378 | G79: 92294.97 | H79: 2669.0456 | I79: 22079.534 | J79: 2130.2613 | K79: 39989.98 | L79: 3704.0282 | M79: 1359.0192 | N79: 60.4485 | O79: 12104.304 | P79: -9514.51 | Q79: 5170 | R79: 24.91775 | S79: 32650.913 | T79: 2037.6 | U79: 20216.676 | V79: 6018.3463 | W79: 2125.2458 | X79: 1327.2 | Y79: 23382.355 | Z79: 23850.029 | AA79: 46351.896 | AB79: 52952.621 | AC79: 3266.9289 | AD79: 26882.575 | AE79: 224.12195 | AF79: 110.18185 | AG79: 0
B80: =EOMONTH(B79,1) -> 43769 | C80: 925.6641 | D80: 839.81466 | E80: 46 | F80: 3035.0983 | G80: 455093.32 | H80: 3693.0271 | I80: 20304.283 | J80: 3871.9372 | K80: 124587.69 | L80: 1063.038 | M80: 2409.3623 | N80: -3037.5817 | O80: 11210.623 | P80: 180.2895 | Q80: N/A | R80: 1.1046 | S80: 123882 | T80: 734.69706 | U80: 77411.019 | V80: 3008.1726 | W80: 7043.3545 | X80: 16387.583 | Y80: 84049.523 | Z80: 98639.48 | AA80: 149815.72 | AB80: 156118.39 | AC80: 3596.0287 | AD80: 68056.486 | AE80: 788.23765 | AF80: 424.05007 | AG80: 0
B81: =EOMONTH(B80,1) -> 43799 | C81: 59564.077 | D81: 15.92 | E81: 16.398 | F81: 1589.5899 | G81: 553041.9 | H81: 3040.8138 | I81: 13203.185 | J81: 1963.7497 | K81: 17616.669 | L81: 4814.8554 | M81: 157.7265 | N81: 0 | O81: 18763.261 | P81: 1081.835 | Q81: N/A | R81: 1123.9997 | S81: 150287 | T81: 12909.69 | U81: 13176.328 | V81: 2201.1777 | W81: 10622.315 | X81: 48908.955 | Y81: 110966.99 | Z81: 151492 | AA81: 235093.25 | AB81: 170702.5 | AC81: 3447.3565 | AD81: 10158.429 | AE81: 1156.1477 | AF81: 418.52003 | AG81: 0
B82: =EOMONTH(B81,1) -> 43830 | C82: 61746.543 | D82: 234.8 | E82: 0 | F82: 2472.9131 | G82: 425503.75 | H82: 907.5312 | I82: 39352.511 | J82: 2911.001 | K82: 39229.077 | L82: 8629.1396 | M82: 3538.4408 | N82: 420.4485 | O82: 7701.616 | P82: 1463.695 | Q82: N/A | R82: 1363.0885 | S82: 133435 | T82: 3735.6 | U82: 26552.287 | V82: 3616.6894 | W82: 327.684 | X82: 29132.504 | Y82: 71079 | Z82: 104993.02 | AA82: 192179.69 | AB82: 119959.66 | AC82: 3808.4383 | AD82: 21427.397 | AE82: 1494.163 | AF82: 13.5654 | AG82: 0
B83: =EOMONTH(B82,1) -> 43861 | C83: 1201.3031 | D83: 3301.4189 | E83: 68449.536 | F83: 8725.0224 | G83: 557460.12 | H83: 6546.913 | I83: 73756.143 | J83: 5764.4082 | K83: 59701.58 | L83: 11719.986 | M83: 21040.841 | N83: 301.0455 | O83: 4072.0701 | P83: 5021.79 | Q83: N/A | R83: 4569.4849 | S83: 178528 | T83: 15682.521 | U83: 40310.78 | V83: 8601.9891 | W83: 8485.7058 | X83: 71464.798 | Y83: 121442.25 | Z83: 150000 | AA83: 246012.34 | AB83: 136360.5 | AC83: 16569.952 | AD83: 30199.551 | AE83: 9518.8312 | AF83: 375.01041 | AG83: 0
B84: =EOMONTH(B83,1) -> 43890 | C84: 63416.682 | D84: 34742.395 | E84: 4914.092 | F84: 13746.388 | G84: 463740.54 | H84: 16196.924 | I84: 87434.748 | J84: 8072.8755 | K84: 69281.138 | L84: 7630.0651 | M84: 440.5149 | N84: 75.411 | O84: 9937.0033 | P84: 2085.7031 | Q84: N/A | R84: 3734.4276 | S84: 134381 | T84: 55249.141 | U84: 71193.112 | V84: 24189.286 | W84: 7223.8843 | X84: 52052.16 | Y84: 67477.75 | Z84: 115010 | AA84: 246743.09 | AB84: 131916.82 | AC84: 2954.411 | AD84: 67650.65 | AE84: 11671.522 | AF84: 309.23107 | AG84: 0
B85: =EOMONTH(B84,1) -> 43921 | C85: 84349.21 | D85: 7225.7728 | E85: 32336.903 | F85: 8906.5989 | G85: 407093.62 | H85: 7573.1125 | I85: 116187.39 | J85: 16775.739 | K85: 152429.12 | L85: 8332.1667 | M85: 6184.4292 | N85: 265.447 | O85: 4996.3655 | P85: 2479.8781 | Q85: N/A | R85: 5376.0985 | S85: 125186.66 | T85: 35617.889 | U85: 113718.26 | V85: 18145.591 | W85: 7051.2225 | X85: 32851.922 | Y85: 78530.21 | Z85: 118397.48 | AA85: 197120.13 | AB85: 228496.19 | AC85: 5668.7897 | AD85: 112690.96 | AE85: 13032.286 | AF85: 9740.545 | AG85: 1490.1
B86: =EOMONTH(B85,1) -> 43951 | C86: 0 | D86: 1348.5965 | E86: 18650.17 | F86: 4400.5804 | G86: 391234.28 | H86: 5320.0535 | I86: 61998.556 | J86: 46530.477 | K86: 48114.554 | L86: 5017.2801 | M86: 84.0738 | N86: 75.411 | O86: 24286.67 | P86: 1314.15 | Q86: N/A | R86: 2219.6962 | S86: 40294 | T86: 63465.276 | U86: 58561.929 | V86: 9126.4906 | W86: 6836.2 | X86: 40744.357 | Y86: 92772 | Z86: 129785 | AA86: 198045.44 | AB86: 236378.22 | AC86: 610.5146 | AD86: 61184.206 | AE86: 3082.453 | AF86: 941.8894 | AG86: 218.5
B87: =EOMONTH(B86,1) -> 43982 | C87: 5103.0418 | D87: 2353.6758 | E87: 54491.366 | F87: 2562.7935 | G87: 240174.97 | H87: 2328.8173 | I87: 28227.906 | J87: 7065.8073 | K87: 117250.89 | L87: 3378.6689 | M87: 11020.432 | N87: 150.822 | O87: 2924.5393 | P87: 611.117 | Q87: N/A | R87: 675.04636 | S87: 57441 | T87: 12196.002 | U87: 87261.224 | V87: 1619.5498 | W87: 10344.4 | X87: 11856.882 | Y87: 41316.38 | Z87: 80159.155 | AA87: 136758.22 | AB87: 133262.12 | AC87: 10480.627 | AD87: 79206.514 | AE87: 1162.8105 | AF87: 680.39452 | AG87: 150
B88: =EOMONTH(B87,1) -> 44012 | C88: 1253.3031 | D88: 1832.6133 | E88: 74488.835 | F88: 2121.2731 | G88: 24610.977 | H88: 7444.3653 | I88: 72056.498 | J88: 6152.2873 | K88: 97195.551 | L88: 4428.6078 | M88: 742.05586 | N88: 490.4238 | O88: 2847.648 | P88: 294.3356 | Q88: N/A | R88: 575.5884 | S88: 9230 | T88: 8462.0774 | U88: 73132.924 | V88: 10888.985 | W88: 1164.9576 | X88: 5056 | Y88: 4193.774 | Z88: 10162.608 | AA88: 17002.21 | AB88: 18366 | AC88: 3555.7379 | AD88: 82366.186 | AE88: 3959.5715 | AF88: 571.91486 | AG88: 150
B89: =EOMONTH(B88,1) -> 44043 | C89: 880.2311 | D89: 2532.7597 | E89: 84909.831 | F89: 2087.3395 | G89: 65942.406 | H89: 2428.3952 | I89: 34848.238 | J89: 3727.9338 | K89: 46984.84 | L89: 3899.2746 | M89: 1326.6651 | N89: 330.2235 | O89: 3058.128 | P89: 122.7725 | Q89: N/A | R89: 698.01886 | S89: 5016.5 | T89: 15045.392 | U89: 53069.322 | V89: 1678.8571 | W89: 5199.666 | X89: 0 | Y89: 11064.767 | Z89: 7.491 | AA89: 6420 | AB89: 20715.717 | AC89: 16626.536 | AD89: 55486.163 | AE89: 2083.0332 | AF89: 302.6389 | AG89: 0
B90: =EOMONTH(B89,1) -> 44074 | C90: 31800.656 | D90: 1612.2305 | E90: 10972.996 | F90: 543.3748 | G90: 13548.654 | H90: 1259.5119 | I90: 49457.688 | J90: 5080.3428 | K90: 57905.535 | L90: 7718.4632 | M90: 921.28886 | N90: 290.54925 | O90: 11590.818 | P90: 593.3645 | Q90: N/A | R90: 907.2751 | S90: 7109.5 | T90: 6144.113 | U90: 42432.573 | V90: 8497.4594 | W90: 4734.4264 | X90: 3324.96 | Y90: 7981.879 | Z90: 9.36375 | AA90: 12146.497 | AB90: 18570.718 | AC90: -15672.512 | AD90: 50077.576 | AE90: 1891.2452 | AF90: 200.29093 | AG90: 0
B91: =EOMONTH(B90,1) -> 44104 | C91: 1287.2569 | D91: 2721.4486 | E91: 0 | F91: 305.59074 | G91: 91329.132 | H91: 5644.3061 | I91: 23935.486 | J91: 2486.2382 | K91: 67089.663 | L91: 3435.7913 | M91: 19536.13 | N91: 0 | O91: 15675.26 | P91: 158.075 | Q91: N/A | R91: 1499.292 | S91: 21740 | T91: 5245.0306 | U91: 48591.044 | V91: 3517.0553 | W91: 4322.3442 | X91: 31341.863 | Y91: 23907.493 | Z91: 19445 | AA91: 34661.475 | AB91: 73630.317 | AC91: -342.4942 | AD91: 45268.928 | AE91: -16869.287 | AF91: 434.71881 | AG91: 0
... B97: =EOMONTH(B96,1) -> 44286 | C97: 238681.86 | D97: 30189.002 | E97: 35582.215 | F97: 8498.3143 | G97: 351899.15 | H97: 11778.716 | I97: 83365.814 | J97: 33915.406 | K97: 96943.372 | L97: 10948.382 | M97: 39501.044 | N97: 0 | O97: 9243.39 | P97: 3365.3163 | Q97: N/A | R97: 7422.762 | S97: 105589.2 | T97: 31175.263 | U97: 91251.927 | V97: 11052.395 | W97: 10982.358 | X97: 29540.523 | Y97: 65197.34 | Z97: 115010.62 | AA97: 167833.95 | AB97: 225045.47 | AC97: 64426.891 | AD97: 80173.151 | AE97: 14668.366 | AF97: 29029.163 | AG97: 15553.65
B98: =EOMONTH(B97,1) -> 44316 | C98: 18739.526 | D98: 4758.7762 | E98: 132842.6 | F98: 6196.4935 | G98: 389110.24 | H98: 3765.2505 | I98: 78113.904 | J98: 10880.803 | K98: 26156.192 | L98: 7277.2872 | M98: 12134.082 | O98: 18035.562 | P98: 1982.4003 | Q98: N/A | R98: 6491.7485 | S98: 99849.2 | T98: 19322.54 | U98: 99907.616 | V98: 10710.411 | W98: 18722.199 | X98: 27453.463 | Y98: 49985.54 | Z98: 115001.45 | AA98: 158339.54 | AB98: 249312.45 | AC98: 21222.668 | AD98: 117115.65 | AE98: 9190.446 | AF98: 2668.0018 | AG98: 5088.2335
B99: =EOMONTH(B98,1) -> 44347 | C99: 50263.211 | D99: 4426.0489 | E99: 91905.956 | F99: 2956.7158 | G99: 200399.8 | H99: 5834 | I99: 64721.725 | J99: 7444.6753 | K99: 133135.33 | L99: 9760.283 | M99: 12426.919 | N99: 2 | O99: 11077.2 | P99: 1043.442 | Q99: N/A | R99: 1735.1254 | S99: 61859 | T99: 17821.434 | U99: 88982.26 | V99: 8094.4041 | W99: 5839.1875 | X99: 19257.106 | Y99: 36911.877 | Z99: 70838.728 | AA99: 132802.77 | AB99: 153391.04 | AC99: 17710.076 | AD99: 82644.856 | AE99: 8241.5773 | AF99: 5730.444 | AG99: 1673.35
B100: =EOMONTH(B99,1) -> 44377 | C100: 65364.658 | D100: 2842.6635 | E100: 44856.91 | F100: 5108.0396 | G100: 77163.493 | H100: 2093 | I100: 36610.232 | J100: 8453.3545 | K100: 137300.11 | L100: 2366.9442 | M100: 14809.644 | N100: 371 | O100: 5095.7212 | P100: 704.4707 | Q100: N/A | R100: 650.84101 | S100: 21806 | T100: 27866.383 | U100: 41719.298 | V100: 5378.5463 | W100: 8833.721 | X100: 11413.92 | Y100: 39541.1 | Z100: 20112.462 | AA100: 50598.034 | AB100: 38425.387 | AC100: 18537.96 | AD100: 17889.025 | AE100: 499.79947 | AF100: 7313.0559 | AG100: 2147.478
B101: =EOMONTH(B100,1) -> 44408 | C101: 78694.83 | D101: 1556.73 | E101: 59903.77 | F101: 579.25 | G101: 28478.64 | H101: 2612.17 | I101: 45990.85 | J101: 12727.96 | K101: 71664.91 | L101: 3392.08 | M101: 19276.37 | N101: 0 | O101: 7859.37 | P101: 658.93 | Q101: 0 | R101: 596.04 | S101: 13450 | T101: 23431.84 | U101: 79888.87 | V101: 4029.86 | W101: 4795.56 | X101: 17114.56 | Y101: 30902.48 | Z101: 10030.6 | AA101: 24027.4 | AB101: 18279.16 | AC101: 35845.04 | AD101: 69873.02 | AE101: 1049.82 | AF101: 7601.27 | AG101: 1491 | AH101: 938.91 | AI101: 395.29
B102: =EOMONTH(B101,1) -> 44439 | C102: 70312.48 | D102: 1478.1385 | E102: 10334.77 | F102: 176.42 | G102: 23329.27 | H102: 4140.36 | I102: 5061.41 | J102: 1571.42 | K102: 61044.72 | L102: 1153.04 | M102: 1727.2 | N102: 0 | O102: 13691.04 | P102: 42258.87 | Q102: 21995.43 | R102: 612.79 | S102: 13253.41 | T102: 3851.04 | U102: 33526.03 | V102: 1553.42 | W102: 5252.87 | X102: 8532.64 | Y102: 23971.63 | Z102: 13.29 | AA102: 2312.09 | AB102: 29353.25 | AC102: 9654.29 | AD102: 29928.37 | AE102: 89.93 | AF102: 235.77 | AG102: 0 | AH102: 43.3 | AI102: 1.04
B103: =EOMONTH(B102,1) -> 44469 | C103: 760.54 | D103: 995.21 | E103: 0 | F103: 1133.55 | G103: 102174.34 | H103: 1054.79 | I103: 38321.62 | J103: 2781.48 | K103: 20537.57 | L103: 9867.98 | M103: 3308.56 | N103: 0 | O103: 5917.96 | P103: 447.76 | Q103: 0 | R103: 22743.79 | S103: 28385.2 | T103: 7593.16 | U103: 31497.81 | V103: 1665.78 | W103: 3022.7 | X103: 14719.65 | Y103: 42012.35 | Z103: 17408.29 | AA103: 45826.52 | AB103: 51761 | AC103: 3462.78 | AD103: 25422.53 | AE103: 947.38 | AF103: 129.17 | AG103: 0 | AH103: 3.22 | AI103: 96.51
B104: =EOMONTH(B103,1) -> 44500 | C104: 70410.77 | D104: 850.46 | E104: 0 | F104: 1672.55 | G104: 272399.57 | H104: 2735.83 | I104: 13610.98 | J104: 4235.81 | K104: 56523.36 | L104: 4019.24 | M104: 17000.1 | N104: 0 | O104: 21369.11 | P104: 307.92 | Q104: 218.08 | R104: 13058.28 | S104: 69298.2 | T104: 340.94 | U104: 35957.82 | V104: 2090.79 | W104: 2443.96 | X104: 17974.08 | Y104: 118772.08 | Z104: 69833.29 | AA104: 159954.39 | AB104: 106285.72 | AC104: 2274.6 | AD104: 30314.15 | AE104: 754.14 | AF104: 84.17 | AG104: 150 | AH104: 30.84 | AI104: 162.81
B105: =EOMONTH(B104,1) -> 44530 | C105: 48489.884 | D105: 8346.19 | E105: 0 | F105: 2252.88 | G105: 468267.69 | H105: 5730.52 | I105: 18625.74 | J105: 45952.96 | K105: 150 | L105: 4140.46 | M105: 5659.5 | N105: 0 | O105: 27931.52 | P105: 769.59 | Q105: 0 | R105: 2454.21 | S105: 144128 | T105: 3679 | U105: 6520.86 | V105: 27173.07 | W105: 7620.94 | X105: 58155.78 | Y105: 112707.43 | Z105: 115084.75 | AA105: 303130.42 | AB105: 167143.46 | AC105: 3473.31 | AD105: 49842.9 | AE105: 659.62 | AF105: 227.51 | AG105: 17911 | AH105: 50.47 | AI105: 288.84
B106: =EOMONTH(B105,1) -> 44561 | C106: 21650.16 | D106: 834.28 | E106: 3211.79 | F106: 2353.8 | G106: 470441.2 | H106: 3876.66 | I106: 50029.27 | J106: 3845.96 | K106: 60 | L106: 5008.21 | M106: 11309.28 | N106: 0 | O106: 4185.19 | P106: 1342.68 | Q106: 0 | R106: 3143.47 | S106: 166362.3 | T106: 4103.5 | U106: 6034.6 | V106: 2579.53 | W106: 2464.04 | X106: 71390.29 | Y106: 157733.69 | Z106: 130010 | AA106: 284822.69 | AB106: 132147.55 | AC106: 6123.23 | AD106: 1043 | AE106: 675.01 | AF106: 2447.22 | AG106: 1041 | AH106: 323.15 | AI106: 21.57
B107: =EOMONTH(B106,1) -> 44592 | C107: 89004.26 | D107: 11369.08 | E107: 21085.4 | F107: 6127 | G107: 452766.92 | H107: 7320.86 | I107: 79249.06 | J107: 14270.72 | K107: 47930.6 | L107: 9462.38 | M107: 31732.5 | N107: 0 | O107: 8150.54 | P107: 4107.91 | Q107: 0 | R107: 14851.32 | S107: 161757.2 | T107: 11162.35 | U107: 31072.34 | V107: 26305.02 | W107: 21813.71 | X107: 76398.76 | Y107: 136240.73 | Z107: 104833.29 | AA107: 236719.37 | AB107: 105749 | AC107: 33404.53 | AD107: 20878.46 | AE107: 3090.05 | AF107: 9189.41 | AG107: 22201 | AH107: 1255.73 | AI107: 961.87
B108: =EOMONTH(B107,1) -> 44620 | C108: 26821.91 | D108: 25405.73 | E108: 14107.6 | F108: 9209.65 | G108: 454712.91 | H108: 21353.54 | I108: 72535.53 | J108: 6461.51 | K108: 32273.51 | L108: 6405.39 | M108: 4747.469 | N108: 0 | O108: 18938.31 | P108: 2804.73 | Q108: 0 | R108: 7277.72 | S108: 144236.4 | T108: 42131.5 | U108: 39985.32 | V108: 13483.12 | W108: 11935.24 | X108: 11944.8 | Y108: 55727.9 | Z108: 100003.29 | AA108: 222686.41 | AB108: 37040.91 | AC108: 73229.3 | AD108: 24828.72 | AE108: 13959.32 | AF108: 3090.71 | AG108: 647 | AH108: 415.69 | AI108: 696.89
B109: =EOMONTH(B108,1) -> 44651 | C109: 151415.95 | D109: 12224.39 | E109: 115260.55 | F109: 7984.14 | G109: 379058.19 | H109: 8784 | I109: 62116 | J109: 7893.2 | K109: 84139.91 | L109: 5670.63 | M109: 8997.27 | N109: 0 | O109: 15757.63 | P109: 4779.71 | Q109: 0 | R109: 9414.09 | S109: 116818.2 | T109: 28573.62 | U109: 62297.59 | V109: 12749.27 | W109: 7152.09 | X109: 8633.65 | Y109: 106996.05 | Z109: 114897.47 | AA109: 182743.37 | AB109: 205899.23 | AC109: 41296 | AD109: 19032.81 | AE109: 8784.28 | AF109: 6160.65 | AG109: 2709 | AH109: 856.6 | AI109: 1050.73
B110: =EOMONTH(B109,1) -> 44681 | C110: 39765.61 | D110: 2335.89 | E110: 28549.38 | F110: 6343.68 | G110: 341096.98 | H110: 4967.52 | I110: 62735.7 | J110: 9928.44 | K110: 25611.21 | L110: 8931.88 | M110: 26915.85 | N110: 0 | O110: 8131.47 | P110: 2189.73 | Q110: 0 | R110: 3814.07 | S110: 88455 | T110: 22424.92 | U110: 38103.06 | V110: 7284.29 | W110: 4139.65 | X110: 1738.55 | Y110: 76520.95 | Z110: 104998.29 | AA110: 132167.73 | AB110: 246739.29 | AC110: 21420.36 | AD110: 37442.97 | AE110: 3250.86 | AF110: 4250.79 | AG110: 3855 | AH110: 2719.72 | AI110: 986.09
B111: =EOMONTH(B110,1) -> 44712 | C111: 3995.95 | D111: 1907.53 | E111: 25034.99 | F111: 4041.27 | G111: 197837.55 | H111: 4801.78 | I111: 43932.62 | J111: 5986.19 | K111: 57474.32 | L111: 3681.06 | M111: 17568.836 | N111: 0 | O111: 9252.78 | P111: 898.93 | Q111: 0 | R111: 1275.52 | S111: 54626.2 | T111: 12594.43 | U111: 56917.99 | V111: 6619.32 | W111: 5289.88 | X111: 3639.38 | Y111: 98978.36 | Z111: 70008.29 | AA111: 150839.01 | AB111: 152803.5 | AC111: 2321.77 | AD111: 37761.84 | AE111: 29084.87 | AF111: 529.73 | AG111: 0 | AH111: 37.13 | AI111: 30.71
B112: =EOMONTH(B111,1) -> 44742 | C112: 89833.47 | D112: 1112.79 | E112: 28118.42 | F112: 2716.74 | G112: 27722.32 | H112: 25468.14 | I112: 31128.4 | J112: 9243.51 | K112: 23013.86 | L112: 7571.29 | M112: 4492.57 | N112: 0 | O112: 63090.55 | P112: 228.75 | Q112: 0 | R112: 894.29 | S112: 9050.5 | T112: 6876.11 | U112: 13839.72 | V112: 6463.59 | W112: 4501.53 | X112: 0 | Y112: 80445 | Z112: 10000 | AA112: 1007.43 | AB112: 37858.2 | AC112: 20656.59 | AD112: 12080.14 | AE112: 2126.48 | AF112: 10086.3 | AG112: 1641 | AH112: 401.89 | AI112: 595.33
... B124: =EOMONTH(B123,1) -> 45107 | C124: 1181 | D124: 241 | E124: 9597 | F124: 2646 | G124: 31864 | H124: 315 | I124: 25838 | J124: 5492 | K124: 35648 | L124: 7286 | M124: 69 | N124: 0 | O124: 77029 | P124: 164 | Q124: 0 | R124: 1198 | S124: 9609 | T124: 9802 | U124: 25498 | V124: 1670 | W124: 1687 | X124: 3160 | Y124: 28570 | Z124: 0 | AA124: 19757 | AB124: 18649 | AC124: 7164 | AD124: 25569 | AE124: 479 | AF124: 671 | AG124: 0 | AH124: 74 | AI124: 31

Sheet GP QTY
A1: Item # | B1: Product | C1: GP QTY on Hand as of 7/6/2022 | D1: U of M | E1: GP QTY on Hand as of 7/14/2023 | F1: U of M
A2: NPK11370 | B2: 11-37-0 | C2: 166528.04 | D2: LBS | E2: 14511 | F2: LBS
A3: NPKAQUA | B3: AQUA AMMONIA | C3: 34063.769 | D3: LBS | E3: 11959 | F3: LBS
A4: SO4BORIC | B4: BORIC ACID | C4: 90063.993 | D4: LBS | E4: 69753 | F4: LBS
A5: SO4BORON | B5: BORON | C5: 34390.949 | D5: LBS | E5: 39510 | F5: LBS
A6: NO3CA | B6: CALCIUM NITRATE | C6: 112957.57 | D6: LBS | E6: 131943 | F6: LBS
A7: CHECITRIC | B7: CITRIC ACID | C7: 75897.383 | D7: LBS | E7: 38437 | F7: LBS
A8: CHEGLUCO | B8: GLUCOHEPTONATE | C8: 185655.65 | D8: LBS | E8: 138540 | F8: LBS
A9: GRPHUMICLIQ | B9: HUMIC ACID LIQUID | C9: 39635.707 | D9: LBS | E9: 14258 | F9: LBS
A10: NO3FE | B10: IRON NITRATE 10% | C10: 94938.158 | D10: LBS | E10: 36580 | F10: LBS
A11: SO4FEDRY19 | B11: IRON SULPHATE (Dry) | C11: 26849.417 | D11: LBS | E11: 29348 | F11: LBS
A12: NPKKOHDRY | B12: KOH DRY | C12: 33011.577 | D12: LBS | E12: 64937 | F12: LBS
A13: NPKKOHLIQ | B13: KOH LIQUID 45% | C13: 19.2 | D13: LBS | E13: 0 | F13: LBS
... A34: SO4CU | B34: COPPER SULPHATE 25.2% | C34: 9855.1073 | D34: LBS | E34: 5559 | F34: LBS

Sheet Quarterly Report
A1: Item # | B1: Product | C1: Landed Cost; Current 4/2008 | D1: Price /lb | E1: OCT -SEPT 00 | F1: OCT-MAR 01 | G1: APR -SEPT 01 | H1: Total 01 | I1: OCT01-MAR02 | J1: OCT01-MAR022 | K1: JAN-MAR 02 | L1: APR02-SEPT02 | M1: APR-JUN 02 | N1: JUL-SEPT 02 | O1: TOTAL 02 | P1: OCT-DEC 02 | Q1: JAN-MAR 03 | R1: APR-JUN 03 | S1: JUL-SEPT | T1: TOTAL 03 | U1: OCT-DEC03 | V1: JAN-MAR04 | W1: APR-JUN04 | X1: JUL-SEPT04 | Y1: TOTAL 04 | Z1: OCT-DEC04 | AA1: JAN-MAR05 | AB1: APR-JUNE05 | AC1: JULY-SEPT05 | AD1: TOTAL 05 | AE1: OCT-DEC05 | AF1: JAN-MAR06 | AG1: APR-JUN06 | AH1: JUL-SEP06 | AI1: TOTAL 06 | AJ1: OCT-DEC06 | AK1: JAN-MAR07 | AL1: APR-JUN07 | AM1: JUL-SEP07 | AN1: TOTAL 07 | AO1: OCT-DEC07 | AP1: JAN-MAR08 | AQ1: APR-JUN08 | AR1: JUL-SEP08 | AS1: TOTAL 08 | AT1: OCT-DEC08 | AU1: JAN-MAR09 | AV1: APR-JUN09 | AW1: JUL-SEP09 | AX1: TOTAL 09 | AY1: OCT-DEC09 | AZ1: JAN-MAR10 | BA1: APR-JUN10 | BB1: JUL-SEP10 | BC1: TOTAL 10 | BD1: OCT-DEC 10 | BE1: JAN-MAR 11 | BF1: APR-JUN 11 | BG1: JUL-SEP11 | BH1: TOTAL 11 | BI1: OCT-DEC 11 | BJ1: JAN-MAR 12 | BK1: APR-JUN 12 | BL1: JUL-SEP12 | BM1: TOTAL 12 | BN1: FY13 HALF | BO1: OCT-DEC 12 | BP1: JAN-MAR 13 | BQ1: APR-JUN 13 | BR1: JUL-SEP13 | BS1: TOTAL 13 | BT1: OCT-DEC 13 | BU1: JAN-MAR 14 | BV1: APR-JUN 14 | BW1: TOTAL 14 | BX1: JUL-SEP 14 | BY1: OCT-DEC 14 | BZ1: JAN-MAR 15 | CA1: APR-JUN 15 | CB1: TOTAL 15 | CC1: JUL-SEP 15 | CD1: OCT-DEC 15 | CE1: JAN-MAR 16 | CF1: APR-JUN 16 | CG1: TOTAL 16 | CH1: JUL-SEP 16 | CI1: OCT-DEC 16 | CJ1: JAN-MAR 17 | CK1: APR-JUN 17 | CL1: TOTAL 17 | CM1: JUL-SEP 17 | CN1: OCT-DEC 17 | CO1: JAN-MAR 18 | CP1: APR-JUN 18 | CQ1: TOTAL 18 | CR1: JUL-SEP 18 | CS1: OCT-DEC 18 | CT1: JAN-MAR 19 | CU1: APR-JUN 19 | CV1: TOTAL 19 | CW1: JUL-SEP 19 | CX1: OCT-DEC 19 | CY1: JAN-MAR 20 | CZ1: APR-JUN 20 | DA1: TOTAL 20 | DB1: JUL-SEP-20 | DC1: OCT-DEC 20 | DD1: JAN-MAR 21 | DE1: APR-JUN 21 | DF1: TOTAL 21 | DG1: JUL-SEP-21 | DH1: OCT-DEC 21 | DI1: JAN-MAR 22 | DJ1: APR-JUN 22 | DK1: TOTAL 22 | DL1: JUL-SEP-22 | DM1: OCT-DEC 22 | DN1: JAN-MAR 23 | DO1: APR-JUN 23 | DP1: TOTAL 23 | DQ1: JUL-SEP-22 | DR1: OCT-DEC 22 | DS1: JAN-MAR 23 | DT1: APR-JUN 23 | DU1: TOTAL 24 | DV1: JUL-SEP-22 | DW1: OCT-DEC 22 | DX1: JAN-MAR 23 | DY1: APR-JUN 23 | DZ1: TOTAL 25
A2: NPK11370 | B2: 11-37-0 | C2: 435 | D2: =C2/2000 -> 0.2175 | E2: 187316 | F2: 177883 | G2: 22931 | H2: =SUM(F2:G2) -> 200814 | I2: =J2+K2 -> 62719 | J2: 5673 | K2: 57046 | L2: =M2+N2 -> 15259 | M2: 4570 | N2: 10689 | O2: =SUM(J2:N2) -> 93237 | P2: 12085 | Q2: 16954 | R2: 10784 | S2: 11072 | T2: =SUM(P2:S2) -> 50895 | U2: 17565 | V2: 66657 | W2: 8962 | X2: 18623 | Y2: =SUM(U2:X2) -> 111807 | Z2: 16760 | AA2: 30029 | AB2: 9404 | AC2: 25441 | AD2: =Z2+AA2+AB2+AC2 -> 81634 | AE2: 60383 | AF2: 26644.6 | AG2: 15001 | AH2: 21660 | AI2: =SUM(AE2:AH2) -> 123688.6 | AJ2: 29316 | AK2: 19195 | AL2: 30049 | AM2: 19723 | AN2: =SUM(AJ2:AM2) -> 98283 | AO2: 23682 | AP2: 24971 | AQ2: 11761 | AR2: 27456 | AS2: =SUM(AO2:AR2) -> 87870 | AT2: 22583 | AU2: 26242 | AV2: 2195 | AW2: 23541 | AX2: =SUM(AT2:AW2) -> 74561 | AY2: 26839 | AZ2: 12008 | BA2: 2696 | BB2: 21501 | BC2: =SUM(AY2:BB2) -> 63044 | BD2: 31406 | BE2: 35585 | BF2: 8198 | BG2: 2248 | BH2: =SUM(BD2:BG2) -> 77437 | BI2: 31994 | BJ2: 25525 | BK2: 3796 | BL2: 20293 | BM2: =SUM(BI2:BL2) -> 81608 | BN2: =SUM(BO2:BP2) -> 18820 | BO2: 11526 | BP2: 7294 | BQ2: 16058 | BR2: 18046 | BS2: =SUM(BO2:BR2) -> 52924 | BT2: 13911.1 | BU2: 45858 | BV2: 10916 | BW2: =SUM(BR2:BV2) -> 141655.1 | BX2: 9511 | BY2: 23630 | BZ2: 40196 | CA2: 11584 | CB2: =SUM(BX2:CA2) -> 84921 | CC2: 11510 | CD2: 81745 | CE2: 15471 | CF2: 60469 | CG2: =SUM(CC2:CF2) -> 169195 | CH2: 16835 | CI2: 154645 | CJ2: 37362 | CK2: 184517 | CL2: =SUM(CH2:CK2) -> 393359 | CM2: 43353.127 | CN2: 206379.46 | CO2: 114531.57 | CP2: 37224.983 | CQ2: =SUM(CM2:CP2) -> 401489.13 | CR2: 27344.75 | CS2: 637.4775 | CT2: 11368.191 | CU2: 65428.069 | CV2: =SUM(CR2:CU2) -> 104778.49 | CW2: 6816.5885 | CX2: 122236.28 | CY2: 148967.19 | CZ2: 6356.3449 | DA2: =SUM(CW2:CZ2) -> 284376.41 | DB2: 33968 | DC2: 94955 | DD2: 402920 | DE2: 134367 | DF2: =SUM(Table1[[#This Row],[JUL-SEP-20]:[APR-JUN 21]]) -> 666210 | DG2: 149768 | DH2: 140551 | DI2: 267242 | DJ2: 133595 | DK2: =SUM(DG2:DJ2) -> 691156 | DL2: 1323 | DM2: 217355 | DN2: 136752 | DO2: 106413 | DP2: =SUM(DL2:DO2) -> 461843 | DQ2: 36773 | DR2: 5573 | DS2: 376655 | DT2: 20217 | DU2: =SUM(DQ2:DT2) -> 439218 | DV2: 8849 | DW2: 3249 | DX2: 368716 | DY2: 0 | DZ2: =SUM(DV2:DY2) -> 380814
A3: NPKAQUA | B3: AQUA AMMONIA | C3: 440 | D3: =C3/2000 -> 0.22 | E3: 175096 | F3: 72718 | G3: 25146 | H3: =SUM(F3:G3) -> 97864 | I3: =J3+K3 -> 130517 | J3: 11252 | K3: 119265 | L3: =M3+N3 -> 83819 | M3: 38542 | N3: 45277 | O3: =SUM(J3:N3) -> 298155 | P3: 25292 | Q3: 61684 | R3: 22998 | S3: 11042 | T3: =SUM(P3:S3) -> 121016 | U3: 2090 | V3: 68357 | W3: 4741 | X3: 2688 | Y3: =SUM(U3:X3) -> 77876 | Z3: 8926 | AA3: 43384 | AB3: 7835 | AC3: 671 | AD3: =Z3+AA3+AB3+AC3 -> 60816 | AE3: 458 | AF3: 104275 | AG3: 25912 | AH3: 5209 | AI3: =SUM(AE3:AH3) -> 135854 | AJ3: 1202 | AK3: 150880 | AL3: 9684 | AM3: 4059 | AN3: =SUM(AJ3:AM3) -> 165825 | AO3: 4754 | AP3: 119391 | AQ3: 16438 | AR3: 2641 | AS3: =SUM(AO3:AR3) -> 143224 | AT3: 3445 | AU3: 46726 | AV3: 15221 | AW3: 2254 | AX3: =SUM(AT3:AW3) -> 67646 | AY3: 4294 | AZ3: 60861 | BA3: 27140 | BB3: 3303 | BC3: =SUM(AY3:BB3) -> 95598 | BD3: 41129 | BE3: 56294 | BF3: 14100 | BG3: 1505 | BH3: =SUM(BD3:BG3) -> 113028 | BI3: 2238 | BJ3: 98880 | BK3: 12135 | BL3: 507 | BM3: =SUM(BI3:BL3) -> 113760 | BN3: =SUM(BO3:BP3) -> 122851 | BO3: 10080 | BP3: 112771 | BQ3: 17702 | BR3: 3931 | BS3: =SUM(BO3:BR3) -> 144484 | BT3: 748.763 | BU3: 59740 | BV3: 8729 | BW3: =SUM(BR3:BV3) -> 217632.76 | BX3: 733 | BY3: 4538 | BZ3: 50572 | CA3: 14350 | CB3: =SUM(BX3:CA3) -> 70193 | CC3: 5770 | CD3: 1141 | CE3: 67690 | CF3: 18827 | CG3: =SUM(CC3:CF3) -> 93428 | CH3: 10338 | CI3: 618 | CJ3: 50927 | CK3: 14015 | CL3: =SUM(CH3:CK3) -> 75898 | CM3: 1660.4018 | CN3: 22645.207 | CO3: 42063.303 | CP3: 9242.5336 | CQ3: =SUM(CM3:CP3) -> 75611.445 | CR3: 1177.5871 | CS3: 578.4436 | CT3: 28749.775 | CU3: 5377.4989 | CV3: =SUM(CR3:CU3) -> 35883.305 | CW3: 1921.5926 | CX3: 1090.5347 | CY3: 45269.587 | CZ3: 5534.8856 | DA3: =SUM(CW3:CZ3) -> 53816.6 | DB3: 6866 | DC3: 6585 | DD3: 71757 | DE3: 12027 | DF3: =SUM(Table1[[#This Row],[JUL-SEP-20]:[APR-JUN 21]]) -> 97235 | DG3: 4030 | DH3: 10031 | DI3: 48999 | DJ3: 5356 | DK3: =SUM(DG3:DJ3) -> 68416 | DL3: 564 | DM3: 5473 | DN3: 41189 | DO3: 6980 | DP3: =SUM(DL3:DO3) -> 54206 | DQ3: 1621 | DR3: 67 | DS3: 30135 | DT3: 12199 | DU3: =SUM(DQ3:DT3) -> 44022 | DV3: 1251 | DW3: 2698 | DX3: 43686 | DY3: 0 | DZ3: =SUM(DV3:DY3) -> 47635
A4: SO4BORIC | B4: BORIC ACID | C4: 880 | D4: =C4/2000 -> 0.44 | T4: 536 | Y4: 1280 | Z4: 139 | AA4: 839 | AB4: 901 | AC4: 13813 | AD4: =Z4+AA4+AB4+AC4 -> 15692 | AE4: 55 | AF4: 170 | AG4: 42655 | AH4: 14637 | AI4: =SUM(AE4:AH4) -> 57517 | AJ4: 9802 | AK4: 3218 | AL4: 28348 | AM4: 49641 | AN4: =SUM(AJ4:AM4) -> 91009 | AO4: 702 | AP4: 16014 | AQ4: 70027 | AR4: 49157 | AS4: =SUM(AO4:AR4) -> 135900 | AT4: 83 | AU4: 1663 | AV4: 38521 | AW4: 39975 | AX4: =SUM(AT4:AW4) -> 80242 | AY4: 94 | AZ4: 272 | BA4: 26169 | BB4: 67147 | BC4: =SUM(AY4:BB4) -> 93682 | BD4: 50 | BE4: 15657 | BF4: 25171 | BG4: 19390 | BH4: =SUM(BD4:BG4) -> 60268 | BI4: 95 | BJ4: 14253 | BK4: 38513 | BL4: 59050 | BM4: =SUM(BI4:BL4) -> 111911 | BN4: =SUM(BO4:BP4) -> 17786 | BO4: 110 | BP4: 17676 | BQ4: 53418 | BR4: 53260 | BS4: =SUM(BO4:BR4) -> 124464 | BT4: 3276.796 | BU4: 1807.9804 | BV4: 52928.685 | BW4: =SUM(BR4:BV4) -> 235737.46 | BX4: 69026 | BY4: 76 | BZ4: 2570 | CA4: 100135 | CB4: =SUM(BX4:CA4) -> 171807 | CC4: 48843 | CD4: 76 | CE4: 37433 | CF4: 53236 | CG4: =SUM(CC4:CF4) -> 139588 | CH4: 71167 | CI4: 3343 | CJ4: 2027 | CK4: 94220 | CL4: =SUM(CH4:CK4) -> 170757 | CM4: 109857.03 | CN4: 75 | CO4: 18330.336 | CP4: 121961.3 | CQ4: =SUM(CM4:CP4) -> 250223.67 | CR4: 111016.47 | CS4: 1662.296 | CT4: 355 | CU4: 121239.66 | CV4: =SUM(CR4:CU4) -> 234273.43 | CW4: 107483.37 | CX4: 62.398 | CY4: 105700.53 | CZ4: 147630.37 | DA4: =SUM(CW4:CZ4) -> 360876.67 | DB4: 95883 | DC4: 1 | DD4: 35752 | DE4: 269605 | DF4: =SUM(Table1[[#This Row],[JUL-SEP-20]:[APR-JUN 21]]) -> 401241 | DG4: 70239 | DH4: 3212 | DI4: 150454 | DJ4: 81307 | DK4: =SUM(DG4:DJ4) -> 305212 | DL4: 32700 | DM4: 29092 | DN4: 52281 | DO4: 125287 | DP4: =SUM(DL4:DO4) -> 239360 | DQ4: 27920 | DR4: 0 | DS4: 21074 | DT4: 192569 | DU4: =SUM(DQ4:DT4) -> 241563 | DV4: 22408 | DW4: 8 | DX4: 24583 | DY4: 0 | DZ4: =SUM(DV4:DY4) -> 46999
A5: SO4BORON | B5: BORON | C5: 1465 | D5: =C5/2000 -> 0.7325 | E5: 43173 | F5: 24371 | G5: 18101 | H5: =SUM(F5:G5) -> 42472 | I5: =J5+K5 -> 25174 | J5: 6625 | K5: 18549 | L5: =M5+N5 -> 29242 | M5: 24286 | N5: 4956 | O5: =SUM(J5:N5) -> 83658 | P5: 9611 | Q5: 10994 | R5: 24812 | S5: 8728.4 | T5: =SUM(P5:S5) -> 54145.4 | U5: 9042 | V5: 28691 | W5: 16879 | X5: 7644 | Y5: =SUM(U5:X5) -> 62256 | Z5: 8344 | AA5: 23741 | AB5: 20719 | AC5: 2542 | AD5: =Z5+AA5+AB5+AC5 -> 55346 | AE5: 9313 | AF5: 28410 | AG5: 6903 | AH5: 2380 | AI5: =SUM(AE5:AH5) -> 47006 | AJ5: 9802 | AK5: 26733 | AL5: 19881 | AM5: 2233 | AN5: =SUM(AJ5:AM5) -> 58649 | AO5: 9976 | AP5: 23411 | AQ5: 12998 | AR5: 2443 | AS5: =SUM(AO5:AR5) -> 48828 | AT5: 13958 | AU5: 31633 | AV5: 13030 | AW5: 2104 | AX5: =SUM(AT5:AW5) -> 60725 | AY5: 13866 | AZ5: 30290 | BA5: 14303 | BB5: 4719 | BC5: =SUM(AY5:BB5) -> 63178 | BD5: 18892 | BE5: 44510 | BF5: 19521 | BG5: 9300 | BH5: =SUM(BD5:BG5) -> 92223 | BI5: 23332 | BJ5: 52283 | BK5: 18610 | BL5: 9134 | BM5: =SUM(BI5:BL5) -> 103359 | BN5: =SUM(BO5:BP5) -> 67857 | BO5: 18521 | BP5: 49336 | BQ5: 23316 | BR5: 4726 | BS5: =SUM(BO5:BR5) -> 95899 | BT5: 16732.894 | BU5: 38795.612 | BV5: 24884.854 | BW5: =SUM(BR5:BV5) -> 181038.36 | BX5: 4752 | BY5: 11175 | BZ5: 28137 | CA5: 17509 | CB5: =SUM(BX5:CA5) -> 61573 | CC5: 7931 | CD5: 11808 | CE5: 34125 | CF5: 18319 | CG5: =SUM(CC5:CF5) -> 72183 | CH5: 7500 | CI5: 12075 | CJ5: 27745 | CK5: 20189 | CL5: =SUM(CH5:CK5) -> 67509 | CM5: 5193.4177 | CN5: 8534.7012 | CO5: 23648.423 | CP5: 18319.888 | CQ5: =SUM(CM5:CP5) -> 55696.43 | CR5: =341.008529999999+2139.6761 -> 2480.6846 | CS5: 6993.4352 | CT5: =32524.12008+1718.96026 -> 34243.08 | CU5: =16418.95188-1805.64513 -> 14613.307 | CV5: =SUM(CR5:CU5) -> 58330.507 | CW5: =1485.92772+71.80217 -> 1557.7299 | CX5: 7097.6012 | CY5: 31378.01 | CZ5: 9084.6471 | DA5: =SUM(CW5:CZ5) -> 49117.988 | DB5: 2936 | DC5: 9687 | DD5: 26937 | DE5: 14261 | DF5: =SUM(Table1[[#This Row],[JUL-SEP-20]:[APR-JUN 21]]) -> 53821 | DG5: 1889 | DH5: 6279 | DI5: 23321 | DJ5: 13102 | DK5: =SUM(DG5:DJ5) -> 44591 | DL5: 1123 | DM5: 7976 | DN5: 19309 | DO5: 14068 | DP5: =SUM(DL5:DO5) -> 42476 | DQ5: 5253 | DR5: 18858 | DS5: 23319 | DT5: 13766 | DU5: =SUM(DQ5:DT5) -> 61196 | DV5: 868 | DW5: 8482 | DX5: 20455 | DY5: 0 | DZ5: =SUM(DV5:DY5) -> 29805
A6: NO3CA | B6: CALCIUM NITRATE | C6: 206 | D6: =C6/2000 -> 0.103 | E6: 3290823 | F6: 2436006 | G6: 623757 | H6: =SUM(F6:G6) -> 3059763 | I6: =J6+K6 -> 2871377 | J6: 1374349 | K6: 1497028 | L6: =M6+N6 -> 708012 | M6: 535099 | N6: 172913 | O6: =SUM(J6:N6) -> 4287401 | P6: 1522097 | Q6: 1672023 | R6: 1048621 | S6: 150355 | T6: =SUM(P6:S6) -> 4393096 | U6: 1687852 | V6: 1820753 | W6: 736105 | X6: 110857 | Y6: =SUM(U6:X6) -> 4355567 | Z6: 1496819 | AA6: 1736576 | AB6: 778709 | AC6: 173405 | AD6: =Z6+AA6+AB6+AC6 -> 4185509 | AE6: 1332616 | AF6: 1843939 | AG6: 613475 | AH6: 122030 | AI6: =SUM(AE6:AH6) -> 3912060 | AJ6: 1574882 | AK6: 2024298 | AL6: 662355 | AM6: 107401 | AN6: =SUM(AJ6:AM6) -> 4368936 | AO6: 1572702 | AP6: 1915194 | AQ6: 666396 | AR6: 120308 | AS6: =SUM(AO6:AR6) -> 4274600 | AT6: 2061896 | AU6: 2004265 | AV6: 660508 | AW6: 215954 | AX6: =SUM(AT6:AW6) -> 4942623 | AY6: 2318596 | AZ6: 2117354 | BA6: 796509 | BB6: 157414 | BC6: =SUM(AY6:BB6) -> 5389873 | BD6: 2327806 | BE6: 2480557 | BF6: 563493 | BG6: 154254 | BH6: =SUM(BD6:BG6) -> 5526110 | BI6: 3024140 | BJ6: 2284471 | BK6: 562970 | BL6: 220101 | BM6: =SUM(BI6:BL6) -> 6091682 | BN6: =SUM(BO6:BP6) -> 4553371 | BO6: 2252609 | BP6: 2300762 | BQ6: 776517 | BR6: 108643 | BS6: =SUM(BO6:BR6) -> 5438531 | BT6: 2196845.5 | BU6: 1884973.1 | BV6: 688621.2 | BW6: =SUM(BR6:BV6) -> 10317614 | BX6: 114588 | BY6: 1562763 | BZ6: 1248943 | CA6: 620669 | CB6: =SUM(BX6:CA6) -> 3546963 | CC6: 156728 | CD6: 1631918 | CE6: 1452032 | CF6: 807641 | CG6: =SUM(CC6:CF6) -> 4048319 | CH6: 312970 | CI6: 1487578 | CJ6: 1083836 | CK6: 505582 | CL6: =SUM(CH6:CK6) -> 3389966 | CM6: 98935.76 | CN6: 1463602.7 | CO6: 1179296.8 | CP6: 593223.31 | CQ6: =SUM(CM6:CP6) -> 3335058.6 | CR6: 105664.64 | CS6: 1470155.7 | CT6: 1257657 | CU6: 536267.74 | CV6: =SUM(CR6:CU6) -> 3369745.1 | CW6: 138763.14 | CX6: 1433639 | CY6: 1428294.3 | CZ6: 656020.23 | DA6: =SUM(CW6:CZ6) -> 3656716.6 | DB6: 170820 | DC6: 1423446 | DD6: 1362658 | DE6: 589510 | DF6: =SUM(Table1[[#This Row],[JUL-SEP-20]:[APR-JUN 21]]) -> 3546434 | DG6: 153982 | DH6: 1211108 | DI6: 1286538 | DJ6: 566657 | DK6: =SUM(DG6:DJ6) -> 3218285 | DL6: 106656 | DM6: 1136603 | DN6: 1082285 | DO6: 441384 | DP6: =SUM(DL6:DO6) -> 2766928 | DQ6: 108630 | DR6: 1308706 | DS6: 1177126 | DT6: 541781 | DU6: =SUM(DQ6:DT6) -> 3136243 | DV6: 83698 | DW6: 1445864 | DX6: 1401417 | DY6: 0 | DZ6: =SUM(DV6:DY6) -> 2930979
A7: CHECITRIC | B7: CITRIC ACID | C7: 1240 | D7: =C7/2000 -> 0.62 | E7: 117297 | F7: 36261 | G7: 14360 | H7: =SUM(F7:G7) -> 50621 | I7: =J7+K7 -> 54603 | J7: 7964 | K7: 46639 | L7: =M7+N7 -> 49036 | M7: 22080 | N7: 26956 | O7: =SUM(J7:N7) -> 152675 | P7: 12474 | Q7: 55051 | R7: 31315 | S7: 17079 | T7: =SUM(P7:S7) -> 115919 | U7: 13366 | V7: 78983 | W7: 50872 | X7: 18132 | Y7: =SUM(U7:X7) -> 161353 | Z7: 22595 | AA7: 61742 | AB7: 30103 | AC7: 17818 | AD7: =Z7+AA7+AB7+AC7 -> 132258 | AE7: 12883 | AF7: 72236 | AG7: 21981 | AH7: 15401 | AI7: =SUM(AE7:AH7) -> 122501 | AJ7: 15710 | AK7: 96125 | AL7: 34074 | AM7: 25558 | AN7: =SUM(AJ7:AM7) -> 171467 | AO7: 20414 | AP7: 81488 | AQ7: 29837 | AR7: 18371 | AS7: =SUM(AO7:AR7) -> 150110 | AT7: 22528 | AU7: 43096 | AV7: 32431 | AW7: 16636 | AX7: =SUM(AT7:AW7) -> 114691 | AY7: 20879 | AZ7: 54685 | BA7: 28796 | BB7: 22337 | BC7: =SUM(AY7:BB7) -> 126697 | BD7: 35895 | BE7: 68364 | BF7: 38433 | BG7: 21809 | BH7: =SUM(BD7:BG7) -> 164501 | BI7: 28390 | BJ7: 69102 | BK7: 37947 | BL7: 22625 | BM7: =SUM(BI7:BL7) -> 158064 | BN7: =SUM(BO7:BP7) -> 92876 | BO7: 26363 | BP7: 66513 | BQ7: 34178 | BR7: 24135 | BS7: =SUM(BO7:BR7) -> 151189 | BT7: 38655.496 | BU7: 38193.259 | BV7: 38551.861 | BW7: =SUM(BR7:BV7) -> 290724.62 | BX7: 15148 | BY7: 16594 | BZ7: 35330 | CA7: 21790 | CB7: =SUM(BX7:CA7) -> 88862 | CC7: 23871 | CD7: 20299 | CE7: 34509 | CF7: 18819 | CG7: =SUM(CC7:CF7) -> 97498 | CH7: 10209 | CI7: 23651 | CJ7: 21339 | CK7: 16067 | CL7: =SUM(CH7:CK7) -> 71266 | CM7: 13279.85 | CN7: 17630.533 | CO7: 22308.958 | CP7: 20015.808 | CQ7: =SUM(CM7:CP7) -> 73235.148 | CR7: 3706.9838 | CS7: 13479.11 | CT7: 25478.552 | CU7: 14231.123 | CV7: =SUM(CR7:CU7) -> 56895.769 | CW7: 8863.1072 | CX7: 7641.3721 | CY7: 30316.949 | CZ7: 15093.236 | DA7: =SUM(CW7:CZ7) -> 61914.664 | DB7: 9332 | DC7: 10205 | DD7: 36068 | DE7: 9599 | DF7: =SUM(Table1[[#This Row],[JUL-SEP-20]:[APR-JUN 21]]) -> 65204 | DG7: 7807 | DH7: 12343 | DI7: 37458 | DJ7: 35237 | DK7: =SUM(DG7:DJ7) -> 92845 | DL7: 24698 | DM7: 11495 | DN7: 32204 | DO7: 7496 | DP7: =SUM(DL7:DO7) -> 75893 | DQ7: 5685 | DR7: 9981 | DS7: 30154 | DT7: 7448 | DU7: =SUM(DQ7:DT7) -> 53268 | DV7: 4692 | DW7: 6703 | DX7: 24147 | DY7: 0 | DZ7: =SUM(DV7:DY7) -> 35542
A8: CHEGLUCO | B8: GLUCOHEPTONATE | C8: 540 | D8: =C8/2000 -> 0.27 | E8: 2050792 | F8: 950745 | G8: 888524 | H8: =SUM(F8:G8) -> 1839269 | I8: =J8+K8 -> 337624 | J8: 72223 | K8: 265401 | L8: =M8+N8 -> 686628 | M8: 503127 | N8: 183501 | O8: 1024252 | P8: 91692 | Q8: 376595 | R8: 351728 | S8: 203760 | T8: =SUM(P8:S8) -> 1023775 | U8: 100454 | V8: 299940 | W8: 328382 | X8: 177093 | Y8: =SUM(U8:X8) -> 905869 | Z8: 99109 | AA8: 322827 | AB8: 380576 | AC8: 182512 | AD8: =Z8+AA8+AB8+AC8 -> 985024 | AE8: 108949.6 | AF8: 346155.4 | AG8: 338688 | AH8: 233478 | AI8: =SUM(AE8:AH8) -> 1027271 | AJ8: 92472 | AK8: 246701 | AL8: 381495 | AM8: 210158 | AN8: =SUM(AJ8:AM8) -> 930826 | AO8: 114583 | AP8: 261397 | AQ8: 440908 | AR8: 188977 | AS8: =SUM(AO8:AR8) -> 1005865 | AT8: 126650 | AU8: 286067 | AV8: 279309 | AW8: 119372 | AX8: =SUM(AT8:AW8) -> 811398 | AY8: 136191 | AZ8: 212040 | BA8: 251253 | BB8: 208302.6 | BC8: =SUM(AY8:BB8) -> 807786.6 | BD8: 181543 | BE8: 471497 | BF8: 492637 | BG8: 161680 | BH8: =SUM(BD8:BG8) -> 1307357 | BI8: 181445.2 | BJ8: 415433 | BK8: 427114 | BL8: 270887 | BM8: =SUM(BI8:BL8) -> 1294879.2 | BN8: =SUM(BO8:BP8) -> 510886.8 | BO8: 177023.8 | BP8: 333863 | BQ8: 513867.2 | BR8: 152586.6 | BS8: =SUM(BO8:BR8) -> 1177340.6 | BT8: 152254.76 | BU8: 261810.15 | BV8: 326221.92 | BW8: =SUM(BR8:BV8) -> 2070214 | BX8: 182057 | BY8: 99428 | BZ8: 225710 | CA8: 322443 | CB8: =SUM(BX8:CA8) -> 829638 | CC8: 216146 | CD8: 111780 | CE8: 213028 | CF8: 382529 | CG8: =SUM(CC8:CF8) -> 923483 | CH8: 173491 | CI8: 80682 | CJ8: 204933 | CK8: 236353 | CL8: =SUM(CH8:CK8) -> 695459 | CM8: 109016.75 | CN8: 73809.819 | CO8: 254605.01 | CP8: 213234.91 | CQ8: =SUM(CM8:CP8) -> 650666.48 | CR8: 108281.34 | CS8: 69897.027 | CT8: 212680.54 | CU8: 222865.56 | CV8: =SUM(CR8:CU8) -> 613724.47 | CW8: 110230.73 | CX8: 72859.979 | CY8: 302090.28 | CZ8: 162282.96 | DA8: =SUM(CW8:CZ8) -> 647463.95 | DB8: 108241 | DC8: 114200 | DD8: 205752 | DE8: 179446 | DF8: =SUM(Table1[[#This Row],[JUL-SEP-20]:[APR-JUN 21]]) -> 607639 | DG8: 89374 | DH8: 82266 | DI8: 213901 | DJ8: 137797 | DK8: =SUM(DG8:DJ8) -> 523338 | DL8: 59799 | DM8: 62898 | DN8: 119318 | DO8: 132566 | DP8: =SUM(DL8:DO8) -> 374581 | DQ8: 52637 | DR8: 67696 | DS8: 134659 | DT8: 124208 | DU8: =SUM(DQ8:DT8) -> 379200 | DV8: 48950 | DW8: 59080 | DX8: 150436 | DY8: 0 | DZ8: =SUM(DV8:DY8) -> 258466
A9: GRPHUMICLIQ | B9: HUMIC ACID LIQUID | C9: 1028 | D9: =C9/2000 -> 0.514 | E9: 64393 | F9: 34076 | G9: 30969 | H9: =SUM(F9:G9) -> 65045 | I9: =J9+K9 -> 21857 | J9: 5334 | K9: 16523 | L9: =M9+N9 -> 30672 | M9: 19370 | N9: 11302 | O9: =SUM(J9:N9) -> 83201 | P9: 9740 | Q9: 14912 | R9: 19266 | S9: 13425 | T9: =SUM(P9:S9) -> 57343 | U9: 10849 | V9: 22041 | W9: 14753 | X9: 8987 | Y9: =SUM(U9:X9) -> 56630 | Z9: 10679 | AA9: 22150 | AB9: 18202 | AC9: 9913 | AD9: =Z9+AA9+AB9+AC9 -> 60944 | AE9: 16005.2 | AF9: 19960.8 | AG9: 12866 | AH9: 18231 | AI9: =SUM(AE9:AH9) -> 67063 | AJ9: 10506 | AK9: 29720 | AL9: 20172 | AM9: 19293 | AN9: =SUM(AJ9:AM9) -> 79691 | AO9: 16324 | AP9: 25006 | AQ9: 17513 | AR9: 16604 | AS9: =SUM(AO9:AR9) -> 75447 | AT9: 12237 | AU9: 23021 | AV9: 16697 | AW9: 12213 | AX9: =SUM(AT9:AW9) -> 64168 | AY9: 12242 | AZ9: 17635 | BA9: 11515 | BB9: 11127 | BC9: =SUM(AY9:BB9) -> 52519 | BD9: 11744.5 | BE9: 46382 | BF9: 16817 | BG9: 14093 | BH9: =SUM(BD9:BG9) -> 89036.5 | BI9: 19593 | BJ9: 55712 | BK9: 21144 | BL9: 16418.6 | BM9: =SUM(BI9:BL9) -> 112867.6 | BN9: =SUM(BO9:BP9) -> 62013.3 | BO9: 26789.2 | BP9: 35224.1 | BQ9: 25883.2 | BR9: 14848.9 | BS9: =SUM(BO9:BR9) -> 102745.4 | BT9: 16843.99 | BU9: 27701.993 | BV9: 18058.94 | BW9: =SUM(BR9:BV9) -> 180199.22 | BX9: 22795 | BY9: 9577 | BZ9: 23745 | CA9: 16135 | CB9: =SUM(BX9:CA9) -> 72252 | CC9: 6783 | CD9: 6728 | CE9: 22183 | CF9: 27542 | CG9: =SUM(CC9:CF9) -> 63236 | CH9: 12284 | CI9: 8808 | CJ9: 17994 | CK9: 27153 | CL9: =SUM(CH9:CK9) -> 66239 | CM9: 10503.902 | CN9: 9053.0201 | CO9: 28375.018 | CP9: 25716.832 | CQ9: =SUM(CM9:CP9) -> 73648.773 | CR9: 8559.5413 | CS9: 15137.324 | CT9: 25200.749 | CU9: 15367.053 | CV9: =SUM(CR9:CU9) -> 64264.667 | CW9: 7998.1221 | CX9: 8746.6879 | CY9: 30613.022 | CZ9: 59748.571 | DA9: =SUM(CW9:CZ9) -> 107106.4 | DB9: 11295 | DC9: 6353 | DD9: 55585 | DE9: 26779 | DF9: =SUM(Table1[[#This Row],[JUL-SEP-20]:[APR-JUN 21]]) -> 100012 | DG9: 17081 | DH9: 54035 | DI9: 28625 | DJ9: 25158 | DK9: =SUM(DG9:DJ9) -> 124899 | DL9: 4113 | DM9: 17971 | DN9: 16493 | DO9: 24621 | DP9: =SUM(DL9:DO9) -> 63198 | DQ9: 10365 | DR9: 13492 | DS9: 54349 | DT9: 22580 | DU9: =SUM(DQ9:DT9) -> 100786 | DV9: 9972 | DW9: 13202 | DX9: 108233 | DY9: 0 | DZ9: =SUM(DV9:DY9) -> 131407
A10: NO3FE | B10: IRON NITRATE 10% | C10: 2200 | BR10: 22000 | BT10: 17973 | BU10: 42313 | BV10: 58516 | BW10: =SUM(BR10:BV10) -> 140802 | BX10: 32735 | BY10: 18190 | BZ10: 54098 | CA10: 47787 | CB10: =SUM(BX10:CA10) -> 152810 | CC10: 75766 | CD10: 26967 | CE10: 96970 | CF10: 70551 | CG10: =SUM(CC10:CF10) -> 270254 | CH10: 29982 | CI10: 70321 | CJ10: 303604 | CK10: 489466 | CL10: =SUM(CH10:CK10) -> 893373 | CM10: 196109.39 | CN10: 211871.62 | CO10: 478001.91 | CP10: 403380.99 | CQ10: =SUM(CM10:CP10) -> 1289363.9 | CR10: 308296.86 | CS10: 253532.12 | CT10: 397257.48 | CU10: 336201.32 | CV10: =SUM(CR10:CU10) -> 1295287.8 | CW10: 198355.98 | CX10: 181433.43 | CY10: 281411.84 | CZ10: 262561 | DA10: =SUM(CW10:CZ10) -> 923762.25 | DB10: 171980 | DC10: 100558 | DD10: 181896 | DE10: 296592 | DF10: =SUM(Table1[[#This Row],[JUL-SEP-20]:[APR-JUN 21]]) -> 751026 | DG10: 153247 | DH10: 56733 | DI10: 164344 | DJ10: 106099 | DK10: =SUM(DG10:DJ10) -> 480423 | DL10: 97512 | DM10: 29268 | DN10: 92545 | DO10: 84617 | DP10: =SUM(DL10:DO10) -> 303942 | DQ10: 69032 | DR10: 53552 | DS10: 111552 | DT10: 146551 | DU10: =SUM(DQ10:DT10) -> 380687 | DV10: 65764 | DW10: 50933 | DX10: 96090 | DY10: 0 | DZ10: =SUM(DV10:DY10) -> 212787
A11: SO4FEDRY19 | B11: IRON SULPHATE (Dry) | C11: 332 | D11: =C11/2000 -> 0.166 | E11: 342555 | F11: 214631 | G11: 146849 | H11: =SUM(F11:G11) -> 361480 | I11: =J11+K11 -> 77786 | J11: 24830 | K11: 52956 | L11: =M11+N11 -> 126658 | M11: 79266 | N11: 47392 | O11: =SUM(J11:N11) -> 331102 | P11: 35987 | Q11: 63518 | R11: 73054 | S11: 46187 | T11: =SUM(P11:S11) -> 218746 | U11: 40218 | V11: 52361 | W11: 57508 | X11: 27637 | Y11: =SUM(U11:X11) -> 177724 | Z11: 31947 | AA11: 51774 | AB11: 57131 | AC11: 30586 | AD11: =Z11+AA11+AB11+AC11 -> 171438 | AE11: 33735 | AF11: 71208 | AG11: 68205 | AH11: 38741 | AI11: =SUM(AE11:AH11) -> 211889 | AJ11: 33880 | AK11: 77742 | AL11: 72120 | AM11: 63875 | AN11: =SUM(AJ11:AM11) -> 247617 | AO11: 53328 | AP11: 80571 | AQ11: 71312 | AR11: 47227 | AS11: =SUM(AO11:AR11) -> 252438 | AT11: 52039 | AU11: 58258 | AV11: 48856 | AW11: 40591 | AX11: =SUM(AT11:AW11) -> 199744 | AY11: 36761 | AZ11: 51905 | BA11: 34056 | BB11: 33265 | BC11: =SUM(AY11:BB11) -> 155987 | BD11: 125533 | BE11: 59594 | BF11: 50279 | BG11: 25105 | BH11: =SUM(BD11:BG11) -> 260511 | BI11: 72675 | BJ11: 77284 | BK11: 54830 | BL11: 24742 | BM11: =SUM(BI11:BL11) -> 229531 | BN11: =SUM(BO11:BP11) -> 121125 | BO11: 84966 | BP11: 36159 | BQ11: 78254 | BR11: 27766 | BS11: =SUM(BO11:BR11) -> 227145 | BT11: 28551.785 | BU11: 36562.595 | BV11: 55794.184 | BW11: =SUM(BR11:BV11) -> 375819.56 | BX11: 20795 | BY11: 16904 | BZ11: 28719 | CA11: 43249 | CB11: =SUM(BX11:CA11) -> 109667 | CC11: 27517 | CD11: 13707 | CE11: 24103 | CF11: 43952 | CG11: =SUM(CC11:CF11) -> 109279 | CH11: 20634 | CI11: 9651 | CJ11: 17545 | CK11: 24909 | CL11: =SUM(CH11:CK11) -> 72739 | CM11: 15463.86 | CN11: 14033.543 | CO11: 30985.084 | CP11: 24335.164 | CQ11: =SUM(CM11:CP11) -> 84817.651 | CR11: 17104.008 | CS11: 9472.9602 | CT11: 26848.124 | CU11: 28286.486 | CV11: =SUM(CR11:CU11) -> 81711.578 | CW11: 9153.3748 | CX11: 14507.033 | CY11: 27682.218 | CZ11: 12824.557 | DA11: =SUM(CW11:CZ11) -> 64167.182 | DB11: 15054 | DC11: 17477 | DD11: 24337 | DE11: 19405 | DF11: =SUM(Table1[[#This Row],[JUL-SEP-20]:[APR-JUN 21]]) -> 76273 | DG11: 14413 | DH11: 13168 | DI11: 21538 | DJ11: 20184 | DK11: =SUM(DG11:DJ11) -> 69303 | DL11: 11280 | DM11: 9834 | DN11: 15296 | DO11: 20819 | DP11: =SUM(DL11:DO11) -> 57229 | DQ11: 28971 | DR11: 29837 | DS11: 33851 | DT11: 25522 | DU11: =SUM(DQ11:DT11) -> 118181 | DV11: 13889 | DW11: 25481 | DX11: 32059 | DY11: 0 | DZ11: =SUM(DV11:DY11) -> 71429
A12: NPKKOHDRY | B12: KOH DRY | C12: 900 | D12: =C12/2000 -> 0.45 | E12: 39441 | F12: 11244 | G12: 1683 | H12: =SUM(F12:G12) -> 12927 | I12: =J12+K12 -> 134386 | J12: 9564 | K12: 124822 | L12: =M12+N12 -> 139360 | M12: 56519 | N12: 82841 | O12: =SUM(J12:N12) -> 413106 | P12: 42828 | Q12: 91077 | R12: 42369 | S12: 59432 | T12: =SUM(P12:S12) -> 235706 | U12: 11874 | V12: 54198 | W12: 21506 | X12: 47464 | Y12: =SUM(U12:X12) -> 135042 | Z12: 37304 | AA12: 70590 | AB12: 38337 | AC12: 39323 | AD12: =Z12+AA12+AB12+AC12 -> 185554 | AE12: 18754 | AF12: 60913 | AG12: 35874 | AH12: 35570 | AI12: =SUM(AE12:AH12) -> 151111 | AJ12: 21567 | AK12: 59419 | AL12: 39469 | AM12: 35125 | AN12: =SUM(AJ12:AM12) -> 155580 | AO12: 24799 | AP12: 66857 | AQ12: 40221 | AR12: 35474 | AS12: =SUM(AO12:AR12) -> 167351 | AT12: 20941 | AU12: 74888 | AV12: 161819 | AW12: 83611 | AX12: =SUM(AT12:AW12) -> 341259 | AY12: 44586 | AZ12: 464346 | BA12: 139764 | BB12: 190323 | BC12: =SUM(AY12:BB12) -> 839019 | BD12: 81991 | BE12: 576415 | BF12: 212418 | BG12: 250075 | BH12: =SUM(BD12:BG12) -> 1120899 | BI12: 255207 | BJ12: 691753 | BK12: 200940 | BL12: 92295 | BM12: =SUM(BI12:BL12) -> 1240195 | BN12: =SUM(BO12:BP12) -> 507344 | BO12: 132334 | BP12: 375010 | BQ12: 149734 | BR12: 96381 | BS12: =SUM(BO12:BR12) -> 753459 | BT12: 96129.34 | BU12: 65995.226 | BV12: 92154.106 | BW12: =SUM(BR12:BV12) -> 1104118.7 | BX12: 13253 | BY12: 67804 | BZ12: 14083 | CA12: 82451 | CB12: =SUM(BX12:CA12) -> 177591 | CC12: 38964 | CD12: 96088 | CE12: 151455 | CF12: 35170 | CG12: =SUM(CC12:CF12) -> 321677 | CH12: 42790 | CI12: 91148 | CJ12: 57245 | CK12: 51131 | CL12: =SUM(CH12:CK12) -> 242314 | CM12: 42939.085 | CN12: 51510.224 | CO12: 48145.373 | CP12: 19067.349 | CQ12: =SUM(CM12:CP12) -> 161662.03 | CR12: 372.6744 | CS12: 44333.332 | CT12: 45622.788 | CU12: 6066.7573 | CV12: =SUM(CR12:CU12) -> 96395.552 | CW12: 4105.9191 | CX12: 6105.5296 | CY12: 27665.785 | CZ12: 11846.562 | DA12: =SUM(CW12:CZ12) -> 49723.795 | DB12: 21784 | DC12: 6738 | DD12: 71642 | DE12: 39371 | DF12: =SUM(Table1[[#This Row],[JUL-SEP-20]:[APR-JUN 21]]) -> 139535 | DG12: 24312 | DH12: 33969 | DI12: 45477 | DJ12: 48977 | DK12: =SUM(DG12:DJ12) -> 152735 | DL12: 13111 | DM12: 60245 | DN12: 53569 | DO12: 572 | DP12: =SUM(DL12:DO12) -> 127497 | DQ12: 11549 | DR12: 22224 | DS12: 67432 | DT12: 6486 | DU12: =SUM(DQ12:DT12) -> 107691 | DV12: 11445 | DW12: 15966 | DX12: 89790 | DY12: 0 | DZ12: =SUM(DV12:DY12) -> 117201
A13: NPKKOHLIQ | B13: KOH LIQUID 45% | C13: 291 | D13: =C13/2000 -> 0.1455 | E13: 328814 | F13: 145594 | G13: 26528 | H13: =SUM(F13:G13) -> 172122 | I13: =J13+K13 -> 68665 | J13: 13004 | K13: 55661 | L13: =M13+N13 -> 125413 | M13: 50219 | N13: 75194 | O13: =SUM(J13:N13) -> 319491 | P13: 36021 | Q13: 164876 | R13: 88828 | S13: 110524 | T13: =SUM(P13:S13) -> 400249 | U13: 37254 | V13: 145983 | W13: 57544 | X13: 136328 | Y13: =SUM(U13:X13) -> 377109 | Z13: 102935 | AA13: 180129 | AB13: 100730 | AC13: 100309 | AD13: =Z13+AA13+AB13+AC13 -> 484103 | AE13: 51021.4 | AF13: 160100.6 | AG13: 91066 | AH13: 91747 | AI13: =SUM(AE13:AH13) -> 393935 | AJ13: 53451 | AK13: 161824 | AL13: 102045 | AM13: 91769 | AN13: =SUM(AJ13:AM13) -> 409089 | AO13: 65055 | AP13: 140517 | AQ13: 96572 | AR13: 95856 | AS13: =SUM(AO13:AR13) -> 398000 | AT13: 52068 | AU13: 79270 | AV13: 120 | AW13: 178 | AX13: =SUM(AT13:AW13) -> 131636 | AY13: 4891 | AZ13: 11040 | BA13: 179 | BB13: 8649 | BC13: =SUM(AY13:BB13) -> 24759 | BD13: 0 | BE13: 41702 | BF13: 0 | BG13: 180 | BH13: =SUM(BD13:BG13) -> 41882 | BI13: 240 | BJ13: 612 | BK13: 48949 | BL13: 43580 | BM13: =SUM(BI13:BL13) -> 93381 | BN13: =SUM(BO13:BP13) -> 678785 | BO13: 194829 | BP13: 483956 | BQ13: 347965 | BR13: 205096 | BS13: =SUM(BO13:BR13) -> 1231846 | BT13: 238041.69 | BU13: 142566.92 | BV13: 139014.11 | BW13: =SUM(BR13:BV13) -> 1956564.7 | BX13: 5615 | BY13: 12219 | BZ13: 1985 | CA13: 6862 | CB13: =SUM(BX13:CA13) -> 26681 | CC13: 13356 | CD13: 5370 | CE13: 1832 | CF13: 1815 | CG13: =SUM(CC13:CF13) -> 22373 | CH13: 318 | CI13: 780 | CJ13: 1156 | CK13: 2265 | CL13: =SUM(CH13:CK13) -> 4519 | CM13: 393.813 | CN13: 897.70305 | CO13: 454.86 | CP13: 805.6977 | CQ13: =SUM(CM13:CP13) -> 2552.0738 | CR13: 662.2425 | CS13: 2123.5435 | CT13: 1182.2913 | CU13: 358.95225 | CV13: =SUM(CR13:CU13) -> 4327.0296 | CW13: 286.6815 | CX13: 2617.1332 | CY13: 641.9035 | CZ13: 716.6568 | DA13: =SUM(CW13:CZ13) -> 4262.375 | DB13: 621 | DC13: 1006 | DD13: 190 | DE13: 373 | DF13: =SUM(Table1[[#This Row],[JUL-SEP-20]:[APR-JUN 21]]) -> 2190 | DV13: 0 | DW13: 0 | DX13: 0 | DY13: 0 | DZ13: =SUM(DV13:DY13) -> 0
A14: NPKKTS | B14: KTS | C14: 610 | D14: =C14/2000 -> 0.305 | E14: 166401 | F14: 73515 | G14: 37437 | H14: =SUM(F14:G14) -> 110952 | I14: =J14+K14 -> 99773 | J14: 36265 | K14: 63508 | L14: =M14+N14 -> 55563 | M14: 35074 | N14: 20489 | O14: =SUM(J14:N14) -> 210899 | P14: 73603 | Q14: 75863 | R14: 33485 | S14: 24689 | T14: =SUM(P14:S14) -> 207640 | U14: 31633 | V14: 52771 | W14: 42441 | X14: 17405 | Y14: =SUM(U14:X14) -> 144250 | Z14: 58623 | AA14: 49707 | AB14: 48517 | AC14: 33720 | AD14: =Z14+AA14+AB14+AC14 -> 190567 | AE14: 69574 | AF14: 60410.32 | AG14: 40986.48 | AH14: 27477 | AI14: =SUM(AE14:AH14) -> 198447.8 | AJ14: 39157 | AK14: 49665 | AL14: 51239 | AM14: 28881 | AN14: =SUM(AJ14:AM14) -> 168942 | AO14: 49546 | AP14: 54810 | AQ14: 45264 | AR14: 36719 | AS14: =SUM(AO14:AR14) -> 186339 | AT14: 51116 | AU14: 40253 | AV14: 44995 | AW14: 19978 | AX14: =SUM(AT14:AW14) -> 156342 | AY14: 41886.5 | AZ14: 29345.5 | BA14: 56070.72 | BB14: 13232.5 | BC14: =SUM(AY14:BB14) -> 140535.22 | BD14: 40461 | BE14: 29228 | BF14: 40984 | BG14: 14735.5 | BH14: =SUM(BD14:BG14) -> 125408.5 | BI14: 38139 | BJ14: 49094 | BK14: 37800 | BL14: 22391.4 | BM14: =SUM(BI14:BL14) -> 147424.4 | BN14: =SUM(BO14:BP14) -> 148930.5 | BO14: 92184.8 | BP14: 56745.7 | BQ14: 29332.8 | BR14: 8084.8 | BS14: =SUM(BO14:BR14) -> 186348.1 | BT14: 42984.098 | BU14: 25589.714 | BV14: 35627.468 | BW14: =SUM(BR14:BV14) -> 298634.18 | BX14: 11796 | BY14: 30856 | BZ14: 29177 | CA14: 38941 | CB14: =SUM(BX14:CA14) -> 110770 | CC14: 20307 | CD14: 27082 | CE14: 12055 | CF14: 23975 | CG14: =SUM(CC14:CF14) -> 83419 | CH14: 16311 | CI14: 58700 | CJ14: 36128 | CK14: 30764 | CL14: =SUM(CH14:CK14) -> 141903 | CM14: 12974.804 | CN14: 55652.185 | CO14: 10334.254 | CP14: 32030.748 | CQ14: =SUM(CM14:CP14) -> 110991.99 | CR14: 14863.413 | CS14: 40796.826 | CT14: 31879.324 | CU14: 23019.138 | CV14: =SUM(CR14:CU14) -> 110558.7 | CW14: 18465.18 | CX14: 37675.501 | CY14: 19005.439 | CZ14: 32311.017 | DA14: =SUM(CW14:CZ14) -> 107457.14 | DB14: 30324 | DC14: 47185 | DD14: 23918 | DE14: 34208 | DF14: =SUM(Table1[[#This Row],[JUL-SEP-20]:[APR-JUN 21]]) -> 135635 | DG14: 27468 | DH14: 53486 | DI14: 42846 | DJ14: 80475 | DK14: =SUM(DG14:DJ14) -> 204275 | DL14: 18575 | DM14: 58532 | DN14: 43213 | DO14: 152864 | DP14: =SUM(DL14:DO14) -> 273184 | DQ14: 36930 | DR14: 49235 | DS14: 33934 | DT14: 24612 | DU14: =SUM(DQ14:DT14) -> 144711 | DV14: 37505 | DW14: 73302 | DX14: 43955 | DY14: 0 | DZ14: =SUM(DV14:DY14) -> 154762
A15: CHELIGLIQ | B15: LIGNIN SULFONATE | C15: 800 | D15: =C15/2000 -> 0.4 | E15: 33737 | F15: 26730 | G15: 10502 | H15: =SUM(F15:G15) -> 37232 | I15: =J15+K15 -> 20803 | J15: 5324 | K15: 15479 | L15: =M15+N15 -> 11510 | M15: 9314 | N15: 2196 | O15: =SUM(J15:N15) -> 43823 | P15: 5855 | Q15: 16017 | R15: 6781 | S15: 7939 | T15: =SUM(P15:S15) -> 36592 | U15: 7225 | V15: 16843 | W15: 10632 | X15: 3530 | Y15: =SUM(U15:X15) -> 38230 | Z15: 4235 | AA15: 9777 | AB15: 13185 | AC15: 2877 | AD15: =Z15+AA15+AB15+AC15 -> 30074 | AE15: 3880 | AF15: 10499 | AG15: 10088 | AH15: 2625 | AI15: =SUM(AE15:AH15) -> 27092 | AJ15: 4319 | AK15: 11183 | AL15: 6466 | AM15: 4484 | AN15: =SUM(AJ15:AM15) -> 26452 | AO15: 4722 | AP15: 11848 | AQ15: 4125 | AR15: 516 | AS15: =SUM(AO15:AR15) -> 21211 | AT15: 6541 | AU15: 11846 | AV15: 6732 | AW15: 2109 | AX15: =SUM(AT15:AW15) -> 27228 | AY15: 5228 | AZ15: 8697 | BA15: 4568 | BB15: 2784 | BC15: =SUM(AY15:BB15) -> 21277 | BD15: 10297 | BE15: 20739 | BF15: 14785 | BG15: 1585 | BH15: =SUM(BD15:BG15) -> 47406 | BI15: 3243 | BJ15: 7226 | BK15: 3922 | BL15: 1734 | BM15: =SUM(BI15:BL15) -> 16125 | BN15: =SUM(BO15:BP15) -> 16839 | BO15: 3106 | BP15: 13733 | BQ15: 5084 | BR15: 1286 | BS15: =SUM(BO15:BR15) -> 23209 | BT15: 4541.6938 | BU15: 13992.076 | BV15: 8612.513 | BW15: =SUM(BR15:BV15) -> 51641.282 | BX15: 1345 | BY15: 2157 | BZ15: 8650 | CA15: 3781 | CB15: =SUM(BX15:CA15) -> 15933 | CC15: 5264 | CD15: 1304 | CE15: 3972 | CF15: 4261 | CG15: =SUM(CC15:CF15) -> 14801 | CH15: 1920 | CI15: 932 | CJ15: 6900 | CK15: 2269 | CL15: =SUM(CH15:CK15) -> 12021 | CM15: 439.64875 | CN15: 1284.9275 | CO15: 2740.6515 | CP15: 2420.2425 | CQ15: =SUM(CM15:CP15) -> 6885.4703 | CR15: 3720.9925 | CS15: 23678.898 | CT15: 12291.372 | CU15: 2757.1231 | CV15: =SUM(CR15:CU15) -> 42448.386 | CW15: 30819.013 | CX15: 2725.8195 | CY15: 9587.3712 | CZ15: 2219.6026 | DA15: =SUM(CW15:CZ15) -> 45351.806 | DB15: 874 | DC15: 2307 | DD15: 8353 | DE15: 3730 | DF15: =SUM(Table1[[#This Row],[JUL-SEP-20]:[APR-JUN 21]]) -> 15264 | DG15: 43366 | DH15: 2420 | DI15: 11692 | DJ15: 3317 | DK15: =SUM(DG15:DJ15) -> 60795 | DL15: 1322 | DM15: 1062 | DN15: 10538 | DO15: 45304 | DP15: =SUM(DL15:DO15) -> 58226 | DQ15: 852 | DR15: 1500 | DS15: 8907 | DT15: 2712 | DU15: =SUM(DQ15:DT15) -> 13971 | DV15: 1521 | DW15: 1493 | DX15: 7148 | DY15: 0 | DZ15: =SUM(DV15:DY15) -> 10162
A16: SO4MG | B16: MAG SULF ANHYDROUS | C16: 465 | D16: =C16/2000 -> 0.2325 | E16: 125398 | F16: 88485 | G16: 32570 | H16: 246453 | I16: =J16+K16 -> 37441 | J16: 7572 | K16: 29869 | L16: =M16+N16 -> 13263 | M16: 10266 | N16: 2997 | O16: 50704 | P16: 12838 | Q16: 22339 | R16: 14140 | S16: 11283.6 | T16: 50703 | U16: 20862 | V16: 48783 | W16: 22238 | X16: 8099 | Y16: =SUM(U16:X16) -> 99982 | Z16: 10778 | AA16: 33624 | AB16: 26707 | AC16: 8677 | AD16: =Z16+AA16+AB16+AC16 -> 79786 | AE16: 17229 | AF16: 4339 | AG16: 56500.6 | AH16: 8820 | AI16: =SUM(AE16:AH16) -> 86888.6 | AJ16: 12080 | AK16: 23140 | AL16: 22504 | AM16: 12174 | AN16: =SUM(AJ16:AM16) -> 69898 | AO16: 12180 | AP16: 32100 | AQ16: 20772 | AR16: 6751 | AS16: =SUM(AO16:AR16) -> 71803 | AT16: 14527 | AU16: 29131 | AV16: 20633 | AW16: 6608 | AX16: =SUM(AT16:AW16) -> 70899 | AY16: 13959 | AZ16: 21853 | BA16: 18381 | BB16: 10789 | BC16: =SUM(AY16:BB16) -> 64982 | BD16: 16287 | BE16: 21719 | BF16: 19864 | BG16: 8702 | BH16: =SUM(BD16:BG16) -> 66572 | BI16: 13950 | BJ16: 19404 | BK16: 18957 | BL16: 8599 | BM16: =SUM(BI16:BL16) -> 60910 | BN16: =SUM(BO16:BP16) -> 41429 | BO16: 12732 | BP16: 28697 | BQ16: 29714 | BR16: 8275 | BS16: =SUM(BO16:BR16) -> 79418 | BT16: 13958.983 | BU16: 22372.338 | BV16: 24692.336 | BW16: =SUM(BR16:BV16) -> 148716.66 | BX16: 6147 | BY16: 6159 | BZ16: 15687 | CA16: 15696 | CB16: =SUM(BX16:CA16) -> 43689 | CC16: 5910 | CD16: 4871 | CE16: 9109 | CF16: 17371 | CG16: =SUM(CC16:CF16) -> 37261 | CH16: 4172 | CI16: 3694 | CJ16: 10938 | CK16: 7853 | CL16: =SUM(CH16:CK16) -> 26657 | CM16: 5862.8929 | CN16: 3332.0076 | CO16: 3307.0189 | CP16: 7214.5824 | CQ16: =SUM(CM16:CP16) -> 19716.502 | CR16: 2709.4393 | CS16: 6565.8178 | CT16: 2854.681 | CU16: 3961.8341 | CV16: =SUM(CR16:CU16) -> 16091.772 | CW16: 985.47451 | CX16: 2488.1928 | CY16: 13680.011 | CZ16: 3470.3309 | DA16: =SUM(CW16:CZ16) -> 20624.009 | DB16: 3105 | DC16: 8694 | DD16: 17379 | DE16: 8878 | DF16: =SUM(Table1[[#This Row],[JUL-SEP-20]:[APR-JUN 21]]) -> 38056 | DG16: 23593 | DH16: 18656 | DI16: 31543 | DJ16: 5984 | DK16: =SUM(DG16:DJ16) -> 79776 | DL16: 2200 | DM16: 4737 | DN16: 18045 | DO16: 5741 | DP16: =SUM(DL16:DO16) -> 30723 | DQ16: 3500 | DR16: 9593 | DS16: 21522 | DT16: 6258 | DU16: =SUM(DQ16:DT16) -> 40873 | DV16: 6118 | DW16: 9041 | DX16: 17459 | DY16: 0 | DZ16: =SUM(DV16:DY16) -> 32618
A17: NO3MG60 | B17: MAG. NITRATE 6.0% | C17: 225 | D17: =C17/2000 -> 0.1125 | E17: 754632 | F17: 514908 | G17: 190240 | H17: =SUM(F17:G17) -> 705148 | I17: =J17+K17 -> 602640 | J17: 284358 | K17: 318282 | L17: =M17+N17 -> 174886 | M17: 138749 | N17: 36137 | O17: =SUM(J17:N17) -> 952412 | P17: 424139 | Q17: 430208 | R17: 321989 | S17: 31365 | T17: =SUM(P17:S17) -> 1207701 | U17: 419415 | V17: 449176 | W17: 303663 | X17: 25315 | Y17: =SUM(U17:X17) -> 1197569 | Z17: 349089 | AA17: 405441 | AB17: 335183 | AC17: 32014 | AD17: =Z17+AA17+AB17+AC17 -> 1121727 | AE17: 365914 | AF17: 684635 | AG17: 310089.8 | AH17: 35031 | AI17: =SUM(AE17:AH17) -> 1395669.8 | AJ17: 519008 | AK17: 592809 | AL17: 242463 | AM17: 36149 | AN17: =SUM(AJ17:AM17) -> 1390429 | AO17: 501246 | AP17: 555211 | AQ17: 230664 | AR17: 53807 | AS17: =SUM(AO17:AR17) -> 1340928 | AT17: 557855 | AU17: 548575 | AV17: 265687 | AW17: 92554 | AX17: =SUM(AT17:AW17) -> 1464671 | AY17: 577232 | AZ17: 551597.8 | BA17: 351327 | BB17: 75170.6 | BC17: =SUM(AY17:BB17) -> 1555327.4 | BD17: 666129 | BE17: 665991 | BF17: 217238 | BG17: 58479.4 | BH17: =SUM(BD17:BG17) -> 1607837.4 | BI17: 845035.4 | BJ17: 614076 | BK17: 178208 | BL17: 81458 | BM17: =SUM(BI17:BL17) -> 1718777.4 | BN17: =SUM(BO17:BP17) -> 1169454 | BO17: 609852 | BP17: 559602 | BQ17: 225882 | BR17: 41453 | BS17: =SUM(BO17:BR17) -> 1436789 | BT17: 551034.63 | BU17: 431776.47 | BV17: 213047.73 | BW17: =SUM(BR17:BV17) -> 2674100.8 | BX17: 41112 | BY17: 440009 | BZ17: 359317 | CA17: 221676 | CB17: =SUM(BX17:CA17) -> 1062114 | CC17: 58726 | CD17: 445447 | CE17: 393659 | CF17: 329159 | CG17: =SUM(CC17:CF17) -> 1226991 | CH17: 163065 | CI17: 454851 | CJ17: 315488 | CK17: 185726 | CL17: =SUM(CH17:CK17) -> 1119130 | CM17: 41945.6 | CN17: 452487.48 | CO17: 382328.2 | CP17: 135683.6 | CQ17: =SUM(CM17:CP17) -> 1012444.9 | CR17: 80309.655 | CS17: 411792.4 | CT17: 360945 | CU17: 158001 | CV17: =SUM(CR17:CU17) -> 1011048.1 | CW17: 47183.913 | CX17: 407604 | CY17: 438095.66 | CZ17: 106965 | DA17: =SUM(CW17:CZ17) -> 999848.58 | DB17: 33866 | DC17: 390368 | DD17: 371535 | DE17: 183514 | DF17: =SUM(Table1[[#This Row],[JUL-SEP-20]:[APR-JUN 21]]) -> 979283 | DG17: 55089 | DH17: 379789 | DI17: 422812 | DJ17: 152132 | DK17: =SUM(DG17:DJ17) -> 1009822 | DL17: 34508 | DM17: 352509 | DN17: 311211 | DO17: 119441 | DP17: =SUM(DL17:DO17) -> 817669 | DQ17: 38716 | DR17: 341106 | DS17: 391144 | DT17: 98423 | DU17: =SUM(DQ17:DT17) -> 869389 | DV17: 17970 | DW17: 315443 | DX17: 307576 | DY17: 0 | DZ17: =SUM(DV17:DY17) -> 640989
A18: NO3MG63 | B18: MAG. NITRATE 6.3% | C18: 328 | D18: =C18/2000 -> 0.164 | E18: 428973 | F18: 124152 | G18: 138471 | H18: =SUM(F18:G18) -> 262623 | I18: =J18+K18 -> 55750 | J18: 14345 | K18: 41405 | L18: =M18+N18 -> 103957 | M18: 58077 | N18: 45880 | O18: =SUM(J18:N18) -> 263664 | P18: 14513 | Q18: 42692 | R18: 56687 | S18: 20785 | T18: =SUM(P18:S18) -> 134677 | U18: 29290 | V18: 65604 | W18: 47612 | X18: 40174 | Y18: =SUM(U18:X18) -> 182680 | Z18: 10421 | AA18: 51137 | AB18: 208125 | AC18: 99690 | AD18: =Z18+AA18+AB18+AC18 -> 369373 | AE18: 22257.55 | AF18: 63043.6 | AG18: 193117.25 | AH18: 8000 | AI18: =SUM(AE18:AH18) -> 286418.4 | AJ18: 32158 | AK18: 155882 | AL18: 215000 | AM18: 145651 | AN18: =SUM(AJ18:AM18) -> 548691 | AO18: 35972 | AP18: 117104 | AQ18: 130495 | AR18: 114135 | AS18: =SUM(AO18:AR18) -> 397706 | AT18: 63644 | AU18: 121207 | AV18: 143829 | AW18: 82262 | AX18: =SUM(AT18:AW18) -> 410942 | AY18: 43469 | AZ18: 80748 | BA18: 53901 | BB18: 7937 | BC18: =SUM(AY18:BB18) -> 186055 | BD18: 17547 | BE18: 103062 | BF18: 29515 | BG18: 58159 | BH18: =SUM(BD18:BG18) -> 208283 | BI18: 28343 | BJ18: 132849 | BK18: 36118 | BL18: 63912.9 | BM18: =SUM(BI18:BL18) -> 261222.9 | BN18: =SUM(BO18:BP18) -> 146845.1 | BO18: 32338.9 | BP18: 114506.2 | BQ18: 113417.7 | BR18: 34645.2 | BS18: =SUM(BO18:BR18) -> 294908 | BT18: 31138.603 | BU18: 108594.77 | BV18: 74630.92 | BW18: =SUM(BR18:BV18) -> 543917.49 | BX18: 65925 | BY18: 40558 | BZ18: 61611 | CA18: 54311 | CB18: =SUM(BX18:CA18) -> 222405 | CC18: 45151 | CD18: 25018 | CE18: 131445 | CF18: 151312 | CG18: =SUM(CC18:CF18) -> 352926 | CH18: 46339 | CI18: 65596 | CJ18: 130252 | CK18: 70274 | CL18: =SUM(CH18:CK18) -> 312461 | CM18: 61362.418 | CN18: 64035.083 | CO18: 115647.72 | CP18: 102741.1 | CQ18: =SUM(CM18:CP18) -> 343786.32 | CR18: 48632.776 | CS18: 32158.86 | CT18: 130846.64 | CU18: 84475.381 | CV18: =SUM(CR18:CU18) -> 296113.66 | CW18: 16109.155 | CX18: 17379.987 | CY18: 106549.55 | CZ18: 84123.356 | DA18: =SUM(CW18:CZ18) -> 224162.05 | DB18: 26435 | DC18: 15913 | DD18: 73129 | DE18: 65010 | DF18: =SUM(Table1[[#This Row],[JUL-SEP-20]:[APR-JUN 21]]) -> 180487 | DG18: 34879 | DH18: 8123 | DI18: 81867 | DJ18: 41895 | DK18: =SUM(DG18:DJ18) -> 166764 | DL18: 21970 | DM18: 2151 | DN18: 45720 | DO18: 45728 | DP18: =SUM(DL18:DO18) -> 115569 | DQ18: 13444 | DR18: 7140 | DS18: 54856 | DT18: 43877 | DU18: =SUM(DQ18:DT18) -> 119317 | DV18: 10684 | DW18: 5474 | DX18: 40375 | DY18: 0 | DZ18: =SUM(DV18:DY18) -> 56533
A19: NO3MN | B19: MANGANESE NITRATE | C19: 910 | D19: =C19/2000 -> 0.455 | I19: =J19+K19 -> 0 | L19: =M19+N19 -> 0 | T19: 264383 | Y19: 213067 | Z19: 28185 | AA19: 54137 | AB19: 265876 | AC19: 87421 | AD19: =Z19+AA19+AB19+AC19 -> 435619 | AE19: 46139 | AF19: 76610 | AG19: 199208 | AH19: 144191 | AI19: =SUM(AE19:AH19) -> 466148 | AJ19: 32964 | AK19: 78539 | AL19: 251180 | AM19: 186849 | AN19: =SUM(AJ19:AM19) -> 549532 | AO19: 52518 | AP19: 123459 | AQ19: 196046 | AR19: 156528 | AS19: =SUM(AO19:AR19) -> 528551 | AT19: 53253 | AU19: 88896 | AV19: 193175 | AW19: 109962 | AX19: =SUM(AT19:AW19) -> 445286 | AY19: 66762 | AZ19: 76701 | BA19: 113147.6 | BB19: 35876 | BC19: =SUM(AY19:BB19) -> 292486.6 | BD19: 40376 | BE19: 98811 | BF19: 74036 | BG19: 123986.5 | BH19: =SUM(BD19:BG19) -> 337209.5 | BI19: 59329 | BJ19: 122996 | BK19: 68362 | BL19: 107194.5 | BM19: =SUM(BI19:BL19) -> 357881.5 | BN19: =SUM(BO19:BP19) -> 156789.55 | BO19: 87828.95 | BP19: 68960.6 | BQ19: 171005.4 | BR19: 70066 | BS19: =SUM(BO19:BR19) -> 397860.95 | BT19: 83691.134 | BU19: 124358.95 | BV19: 196652.57 | BW19: =SUM(BR19:BV19) -> 872629.6 | BX19: 125597 | BY19: 40544 | BZ19: 148577 | CA19: 118659 | CB19: =SUM(BX19:CA19) -> 433377 | CC19: 67288 | CD19: 35776 | CE19: 70142 | CF19: 185654 | CG19: =SUM(CC19:CF19) -> 358860 | CH19: 76759 | CI19: 69592 | CJ19: 212137 | CK19: 378096 | CL19: =SUM(CH19:CK19) -> 736584 | CM19: 164969.86 | CN19: 198130.72 | CO19: 331865.34 | CP19: 422211.38 | CQ19: =SUM(CM19:CP19) -> 1117177.3 | CR19: 193169.27 | CS19: 184327.16 | CT19: 273417.06 | CU19: 272717.06 | CV19: =SUM(CR19:CU19) -> 923630.55 | CW19: 133544.87 | CX19: 117139.63 | CY19: 225222.15 | CZ19: 218956.08 | DA19: =SUM(CW19:CZ19) -> 694862.73 | DB19: 144093 | DC19: 76085 | DD19: 162839 | DE19: 230609 | DF19: =SUM(Table1[[#This Row],[JUL-SEP-20]:[APR-JUN 21]]) -> 613626 | DG19: 144913 | DH19: 48513 | DI19: 133355 | DJ19: 108861 | DK19: =SUM(DG19:DJ19) -> 435642 | DL19: 73948 | DM19: 30834 | DN19: 65580 | DO19: 94146 | DP19: =SUM(DL19:DO19) -> 264508 | DQ19: 63136 | DR19: 47020 | DS19: 84206 | DT19: 76375 | DU19: =SUM(DQ19:DT19) -> 270737 | DV19: 52532 | DW19: 45748 | DX19: 91034 | DY19: 0 | DZ19: =SUM(DV19:DY19) -> 189314
